image;patient_id;split
NeoJaundice/images/0001-1.jpg;0001;train
NeoJaundice/images/0001-2.jpg;0001;train
NeoJaundice/images/0001-3.jpg;0001;train
NeoJaundice/images/0002-1.jpg;0002;train
NeoJaundice/images/0002-2.jpg;0002;train
NeoJaundice/images/0002-3.jpg;0002;train
NeoJaundice/images/0003-1.jpg;0003;train
NeoJaundice/images/0003-2.jpg;0003;train
NeoJaundice/images/0003-3.jpg;0003;train
NeoJaundice/images/0005-1.jpg;0005;train
NeoJaundice/images/0005-2.jpg;0005;train
NeoJaundice/images/0005-3.jpg;0005;train
NeoJaundice/images/0006-1.jpg;0006;train
NeoJaundice/images/0006-2.jpg;0006;train
NeoJaundice/images/0006-3.jpg;0006;train
NeoJaundice/images/0008-1.jpg;0008;train
NeoJaundice/images/0008-2.jpg;0008;train
NeoJaundice/images/0008-3.jpg;0008;train
NeoJaundice/images/0009-1.jpg;0009;train
NeoJaundice/images/0009-2.jpg;0009;train
NeoJaundice/images/0009-3.jpg;0009;train
NeoJaundice/images/0010-1.jpg;0010;train
NeoJaundice/images/0010-2.jpg;0010;train
NeoJaundice/images/0010-3.jpg;0010;train
NeoJaundice/images/0011-1.jpg;0011;train
NeoJaundice/images/0011-2.jpg;0011;train
NeoJaundice/images/0011-3.jpg;0011;train
NeoJaundice/images/0012-1.jpg;0012;test
NeoJaundice/images/0012-2.jpg;0012;test
NeoJaundice/images/0012-3.jpg;0012;test
NeoJaundice/images/0013-1.jpg;0013;train
NeoJaundice/images/0013-2.jpg;0013;train
NeoJaundice/images/0013-3.jpg;0013;train
NeoJaundice/images/0014-1.jpg;0014;train
NeoJaundice/images/0014-2.jpg;0014;train
NeoJaundice/images/0014-3.jpg;0014;train
NeoJaundice/images/0015-1.jpg;0015;train
NeoJaundice/images/0015-2.jpg;0015;train
NeoJaundice/images/0015-3.jpg;0015;train
NeoJaundice/images/0016-1.jpg;0016;test
NeoJaundice/images/0016-2.jpg;0016;test
NeoJaundice/images/0016-3.jpg;0016;test
NeoJaundice/images/0019-1.jpg;0019;train
NeoJaundice/images/0019-2.jpg;0019;train
NeoJaundice/images/0019-3.jpg;0019;train
NeoJaundice/images/0022-1.jpg;0022;test
NeoJaundice/images/0022-2.jpg;0022;test
NeoJaundice/images/0022-3.jpg;0022;test
NeoJaundice/images/0023-1.jpg;0023;val
NeoJaundice/images/0023-2.jpg;0023;val
NeoJaundice/images/0023-3.jpg;0023;val
NeoJaundice/images/0028-1.jpg;0028;train
NeoJaundice/images/0028-2.jpg;0028;train
NeoJaundice/images/0028-3.jpg;0028;train
NeoJaundice/images/0029-1.jpg;0029;train
NeoJaundice/images/0029-2.jpg;0029;train
NeoJaundice/images/0029-3.jpg;0029;train
NeoJaundice/images/0032-1.jpg;0032;train
NeoJaundice/images/0032-2.jpg;0032;train
NeoJaundice/images/0032-3.jpg;0032;train
NeoJaundice/images/0033-1.jpg;0033;val
NeoJaundice/images/0033-2.jpg;0033;val
NeoJaundice/images/0033-3.jpg;0033;val
NeoJaundice/images/0035-1.jpg;0035;train
NeoJaundice/images/0035-2.jpg;0035;train
NeoJaundice/images/0035-3.jpg;0035;train
NeoJaundice/images/0037-1.jpg;0037;train
NeoJaundice/images/0037-2.jpg;0037;train
NeoJaundice/images/0037-3.jpg;0037;train
NeoJaundice/images/0038-1.jpg;0038;train
NeoJaundice/images/0038-2.jpg;0038;train
NeoJaundice/images/0038-3.jpg;0038;train
NeoJaundice/images/0039-1.jpg;0039;train
NeoJaundice/images/0039-2.jpg;0039;train
NeoJaundice/images/0039-3.jpg;0039;train
NeoJaundice/images/0040-1.jpg;0040;val
NeoJaundice/images/0040-2.jpg;0040;val
NeoJaundice/images/0040-3.jpg;0040;val
NeoJaundice/images/0044-1.jpg;0044;train
NeoJaundice/images/0044-2.jpg;0044;train
NeoJaundice/images/0044-3.jpg;0044;train
NeoJaundice/images/0046-1.jpg;0046;test
NeoJaundice/images/0046-2.jpg;0046;test
NeoJaundice/images/0046-3.jpg;0046;test
NeoJaundice/images/0052-1.jpg;0052;train
NeoJaundice/images/0052-2.jpg;0052;train
NeoJaundice/images/0052-3.jpg;0052;train
NeoJaundice/images/0055-1.jpg;0055;test
NeoJaundice/images/0055-2.jpg;0055;test
NeoJaundice/images/0055-3.jpg;0055;test
NeoJaundice/images/0056-1.jpg;0056;train
NeoJaundice/images/0056-2.jpg;0056;train
NeoJaundice/images/0056-3.jpg;0056;train
NeoJaundice/images/0057-1.jpg;0057;train
NeoJaundice/images/0057-2.jpg;0057;train
NeoJaundice/images/0057-3.jpg;0057;train
NeoJaundice/images/0058-1.jpg;0058;train
NeoJaundice/images/0058-2.jpg;0058;train
NeoJaundice/images/0058-3.jpg;0058;train
NeoJaundice/images/0065-1.jpg;0065;val
NeoJaundice/images/0065-2.jpg;0065;val
NeoJaundice/images/0065-3.jpg;0065;val
NeoJaundice/images/0066-1.jpg;0066;val
NeoJaundice/images/0066-2.jpg;0066;val
NeoJaundice/images/0066-3.jpg;0066;val
NeoJaundice/images/0068-1.jpg;0068;test
NeoJaundice/images/0068-2.jpg;0068;test
NeoJaundice/images/0068-3.jpg;0068;test
NeoJaundice/images/0071-1.jpg;0071;test
NeoJaundice/images/0071-2.jpg;0071;test
NeoJaundice/images/0071-3.jpg;0071;test
NeoJaundice/images/0076-1.jpg;0076;train
NeoJaundice/images/0076-2.jpg;0076;train
NeoJaundice/images/0076-3.jpg;0076;train
NeoJaundice/images/0077-1.jpg;0077;train
NeoJaundice/images/0077-2.jpg;0077;train
NeoJaundice/images/0077-3.jpg;0077;train
NeoJaundice/images/0078-1.jpg;0078;train
NeoJaundice/images/0078-2.jpg;0078;train
NeoJaundice/images/0078-3.jpg;0078;train
NeoJaundice/images/0079-1.jpg;0079;test
NeoJaundice/images/0079-2.jpg;0079;test
NeoJaundice/images/0079-3.jpg;0079;test
NeoJaundice/images/0080-1.jpg;0080;train
NeoJaundice/images/0080-2.jpg;0080;train
NeoJaundice/images/0080-3.jpg;0080;train
NeoJaundice/images/0083-1.jpg;0083;train
NeoJaundice/images/0083-2.jpg;0083;train
NeoJaundice/images/0083-3.jpg;0083;train
NeoJaundice/images/0084-1.jpg;0084;train
NeoJaundice/images/0084-2.jpg;0084;train
NeoJaundice/images/0084-3.jpg;0084;train
NeoJaundice/images/0086-1.jpg;0086;train
NeoJaundice/images/0086-2.jpg;0086;train
NeoJaundice/images/0086-3.jpg;0086;train
NeoJaundice/images/0087-1.jpg;0087;test
NeoJaundice/images/0087-2.jpg;0087;test
NeoJaundice/images/0087-3.jpg;0087;test
NeoJaundice/images/0088-1.jpg;0088;train
NeoJaundice/images/0088-2.jpg;0088;train
NeoJaundice/images/0088-3.jpg;0088;train
NeoJaundice/images/0095-1.jpg;0095;train
NeoJaundice/images/0095-2.jpg;0095;train
NeoJaundice/images/0095-3.jpg;0095;train
NeoJaundice/images/0097-1.jpg;0097;test
NeoJaundice/images/0097-2.jpg;0097;test
NeoJaundice/images/0097-3.jpg;0097;test
NeoJaundice/images/0098-1.jpg;0098;train
NeoJaundice/images/0098-2.jpg;0098;train
NeoJaundice/images/0098-3.jpg;0098;train
NeoJaundice/images/0099-1.jpg;0099;val
NeoJaundice/images/0099-2.jpg;0099;val
NeoJaundice/images/0099-3.jpg;0099;val
NeoJaundice/images/0100-1.jpg;0100;test
NeoJaundice/images/0100-2.jpg;0100;test
NeoJaundice/images/0100-3.jpg;0100;test
NeoJaundice/images/0101-1.jpg;0101;val
NeoJaundice/images/0101-2.jpg;0101;val
NeoJaundice/images/0101-3.jpg;0101;val
NeoJaundice/images/0102-1.jpg;0102;train
NeoJaundice/images/0102-2.jpg;0102;train
NeoJaundice/images/0102-3.jpg;0102;train
NeoJaundice/images/0103-1.jpg;0103;test
NeoJaundice/images/0103-2.jpg;0103;test
NeoJaundice/images/0103-3.jpg;0103;test
NeoJaundice/images/0104-1.jpg;0104;train
NeoJaundice/images/0104-2.jpg;0104;train
NeoJaundice/images/0104-3.jpg;0104;train
NeoJaundice/images/0108-1.jpg;0108;train
NeoJaundice/images/0108-2.jpg;0108;train
NeoJaundice/images/0108-3.jpg;0108;train
NeoJaundice/images/0109-1.jpg;0109;train
NeoJaundice/images/0109-2.jpg;0109;train
NeoJaundice/images/0109-3.jpg;0109;train
NeoJaundice/images/0110-1.jpg;0110;train
NeoJaundice/images/0110-2.jpg;0110;train
NeoJaundice/images/0110-3.jpg;0110;train
NeoJaundice/images/0113-1.jpg;0113;train
NeoJaundice/images/0113-2.jpg;0113;train
NeoJaundice/images/0113-3.jpg;0113;train
NeoJaundice/images/0114-1.jpg;0114;test
NeoJaundice/images/0114-2.jpg;0114;test
NeoJaundice/images/0114-3.jpg;0114;test
NeoJaundice/images/0115-1.jpg;0115;train
NeoJaundice/images/0115-2.jpg;0115;train
NeoJaundice/images/0115-3.jpg;0115;train
NeoJaundice/images/0116-1.jpg;0116;train
NeoJaundice/images/0116-2.jpg;0116;train
NeoJaundice/images/0116-3.jpg;0116;train
NeoJaundice/images/0117-1.jpg;0117;train
NeoJaundice/images/0117-2.jpg;0117;train
NeoJaundice/images/0117-3.jpg;0117;train
NeoJaundice/images/0118-1.jpg;0118;test
NeoJaundice/images/0118-2.jpg;0118;test
NeoJaundice/images/0118-3.jpg;0118;test
NeoJaundice/images/0119-1.jpg;0119;test
NeoJaundice/images/0119-2.jpg;0119;test
NeoJaundice/images/0119-3.jpg;0119;test
NeoJaundice/images/0122-1.jpg;0122;test
NeoJaundice/images/0122-2.jpg;0122;test
NeoJaundice/images/0122-3.jpg;0122;test
NeoJaundice/images/0123-1.jpg;0123;train
NeoJaundice/images/0123-2.jpg;0123;train
NeoJaundice/images/0123-3.jpg;0123;train
NeoJaundice/images/0124-1.jpg;0124;train
NeoJaundice/images/0124-2.jpg;0124;train
NeoJaundice/images/0124-3.jpg;0124;train
NeoJaundice/images/0125-1.jpg;0125;test
NeoJaundice/images/0125-2.jpg;0125;test
NeoJaundice/images/0125-3.jpg;0125;test
NeoJaundice/images/0126-1.jpg;0126;train
NeoJaundice/images/0126-2.jpg;0126;train
NeoJaundice/images/0126-3.jpg;0126;train
NeoJaundice/images/0127-1.jpg;0127;train
NeoJaundice/images/0127-2.jpg;0127;train
NeoJaundice/images/0127-3.jpg;0127;train
NeoJaundice/images/0128-1.jpg;0128;test
NeoJaundice/images/0128-2.jpg;0128;test
NeoJaundice/images/0128-3.jpg;0128;test
NeoJaundice/images/0129-1.jpg;0129;val
NeoJaundice/images/0129-2.jpg;0129;val
NeoJaundice/images/0129-3.jpg;0129;val
NeoJaundice/images/0130-1.jpg;0130;test
NeoJaundice/images/0130-2.jpg;0130;test
NeoJaundice/images/0130-3.jpg;0130;test
NeoJaundice/images/0131-1.jpg;0131;train
NeoJaundice/images/0131-2.jpg;0131;train
NeoJaundice/images/0131-3.jpg;0131;train
NeoJaundice/images/0134-1.jpg;0134;train
NeoJaundice/images/0134-2.jpg;0134;train
NeoJaundice/images/0134-3.jpg;0134;train
NeoJaundice/images/0135-1.jpg;0135;test
NeoJaundice/images/0135-2.jpg;0135;test
NeoJaundice/images/0135-3.jpg;0135;test
NeoJaundice/images/0137-1.jpg;0137;train
NeoJaundice/images/0137-2.jpg;0137;train
NeoJaundice/images/0137-3.jpg;0137;train
NeoJaundice/images/0139-1.jpg;0139;train
NeoJaundice/images/0139-2.jpg;0139;train
NeoJaundice/images/0139-3.jpg;0139;train
NeoJaundice/images/0140-1.jpg;0140;train
NeoJaundice/images/0140-2.jpg;0140;train
NeoJaundice/images/0140-3.jpg;0140;train
NeoJaundice/images/0141-1.jpg;0141;train
NeoJaundice/images/0141-2.jpg;0141;train
NeoJaundice/images/0141-3.jpg;0141;train
NeoJaundice/images/0142-1.jpg;0142;train
NeoJaundice/images/0142-2.jpg;0142;train
NeoJaundice/images/0142-3.jpg;0142;train
NeoJaundice/images/0143-1.jpg;0143;train
NeoJaundice/images/0143-2.jpg;0143;train
NeoJaundice/images/0143-3.jpg;0143;train
NeoJaundice/images/0144-1.jpg;0144;test
NeoJaundice/images/0144-2.jpg;0144;test
NeoJaundice/images/0144-3.jpg;0144;test
NeoJaundice/images/0146-1.jpg;0146;test
NeoJaundice/images/0146-2.jpg;0146;test
NeoJaundice/images/0146-3.jpg;0146;test
NeoJaundice/images/0147-1.jpg;0147;train
NeoJaundice/images/0147-2.jpg;0147;train
NeoJaundice/images/0147-3.jpg;0147;train
NeoJaundice/images/0148-1.jpg;0148;train
NeoJaundice/images/0148-2.jpg;0148;train
NeoJaundice/images/0148-3.jpg;0148;train
NeoJaundice/images/0149-1.jpg;0149;train
NeoJaundice/images/0149-2.jpg;0149;train
NeoJaundice/images/0149-3.jpg;0149;train
NeoJaundice/images/0150-1.jpg;0150;train
NeoJaundice/images/0150-2.jpg;0150;train
NeoJaundice/images/0150-3.jpg;0150;train
NeoJaundice/images/0153-1.jpg;0153;val
NeoJaundice/images/0153-2.jpg;0153;val
NeoJaundice/images/0153-3.jpg;0153;val
NeoJaundice/images/0156-1.jpg;0156;train
NeoJaundice/images/0156-2.jpg;0156;train
NeoJaundice/images/0156-3.jpg;0156;train
NeoJaundice/images/0160-1.jpg;0160;train
NeoJaundice/images/0160-2.jpg;0160;train
NeoJaundice/images/0160-3.jpg;0160;train
NeoJaundice/images/0161-1.jpg;0161;test
NeoJaundice/images/0161-2.jpg;0161;test
NeoJaundice/images/0161-3.jpg;0161;test
NeoJaundice/images/0163-1.jpg;0163;train
NeoJaundice/images/0163-2.jpg;0163;train
NeoJaundice/images/0163-3.jpg;0163;train
NeoJaundice/images/0167-1.jpg;0167;train
NeoJaundice/images/0167-2.jpg;0167;train
NeoJaundice/images/0167-3.jpg;0167;train
NeoJaundice/images/0168-1.jpg;0168;train
NeoJaundice/images/0168-2.jpg;0168;train
NeoJaundice/images/0168-3.jpg;0168;train
NeoJaundice/images/0169-1.jpg;0169;train
NeoJaundice/images/0169-2.jpg;0169;train
NeoJaundice/images/0169-3.jpg;0169;train
NeoJaundice/images/0176-1.jpg;0176;train
NeoJaundice/images/0176-2.jpg;0176;train
NeoJaundice/images/0176-3.jpg;0176;train
NeoJaundice/images/0178-1.jpg;0178;train
NeoJaundice/images/0178-2.jpg;0178;train
NeoJaundice/images/0178-3.jpg;0178;train
NeoJaundice/images/0180-1.jpg;0180;test
NeoJaundice/images/0180-2.jpg;0180;test
NeoJaundice/images/0180-3.jpg;0180;test
NeoJaundice/images/0182-1.jpg;0182;train
NeoJaundice/images/0182-2.jpg;0182;train
NeoJaundice/images/0182-3.jpg;0182;train
NeoJaundice/images/0183-1.jpg;0183;train
NeoJaundice/images/0183-2.jpg;0183;train
NeoJaundice/images/0183-3.jpg;0183;train
NeoJaundice/images/0184-1.jpg;0184;train
NeoJaundice/images/0184-2.jpg;0184;train
NeoJaundice/images/0184-3.jpg;0184;train
NeoJaundice/images/0185-1.jpg;0185;test
NeoJaundice/images/0185-2.jpg;0185;test
NeoJaundice/images/0185-3.jpg;0185;test
NeoJaundice/images/0187-1.jpg;0187;train
NeoJaundice/images/0187-2.jpg;0187;train
NeoJaundice/images/0187-3.jpg;0187;train
NeoJaundice/images/0188-1.jpg;0188;test
NeoJaundice/images/0188-2.jpg;0188;test
NeoJaundice/images/0188-3.jpg;0188;test
NeoJaundice/images/0191-1.jpg;0191;train
NeoJaundice/images/0191-2.jpg;0191;train
NeoJaundice/images/0191-3.jpg;0191;train
NeoJaundice/images/0192-1.jpg;0192;test
NeoJaundice/images/0192-2.jpg;0192;test
NeoJaundice/images/0192-3.jpg;0192;test
NeoJaundice/images/0197-1.jpg;0197;test
NeoJaundice/images/0197-2.jpg;0197;test
NeoJaundice/images/0197-3.jpg;0197;test
NeoJaundice/images/0198-1.jpg;0198;train
NeoJaundice/images/0198-2.jpg;0198;train
NeoJaundice/images/0198-3.jpg;0198;train
NeoJaundice/images/0202-1.jpg;0202;train
NeoJaundice/images/0202-2.jpg;0202;train
NeoJaundice/images/0202-3.jpg;0202;train
NeoJaundice/images/0203-1.jpg;0203;train
NeoJaundice/images/0203-2.jpg;0203;train
NeoJaundice/images/0203-3.jpg;0203;train
NeoJaundice/images/0208-1.jpg;0208;val
NeoJaundice/images/0208-2.jpg;0208;val
NeoJaundice/images/0208-3.jpg;0208;val
NeoJaundice/images/0214-1.jpg;0214;train
NeoJaundice/images/0214-2.jpg;0214;train
NeoJaundice/images/0214-3.jpg;0214;train
NeoJaundice/images/0217-1.jpg;0217;train
NeoJaundice/images/0217-2.jpg;0217;train
NeoJaundice/images/0217-3.jpg;0217;train
NeoJaundice/images/0219-1.jpg;0219;train
NeoJaundice/images/0219-2.jpg;0219;train
NeoJaundice/images/0219-3.jpg;0219;train
NeoJaundice/images/0222-1.jpg;0222;test
NeoJaundice/images/0222-2.jpg;0222;test
NeoJaundice/images/0222-3.jpg;0222;test
NeoJaundice/images/0225-1.jpg;0225;train
NeoJaundice/images/0225-2.jpg;0225;train
NeoJaundice/images/0225-3.jpg;0225;train
NeoJaundice/images/0226-1.jpg;0226;test
NeoJaundice/images/0226-2.jpg;0226;test
NeoJaundice/images/0226-3.jpg;0226;test
NeoJaundice/images/0228-1.jpg;0228;train
NeoJaundice/images/0228-2.jpg;0228;train
NeoJaundice/images/0228-3.jpg;0228;train
NeoJaundice/images/0233-1.jpg;0233;test
NeoJaundice/images/0233-2.jpg;0233;test
NeoJaundice/images/0233-3.jpg;0233;test
NeoJaundice/images/0235-1.jpg;0235;test
NeoJaundice/images/0235-2.jpg;0235;test
NeoJaundice/images/0235-3.jpg;0235;test
NeoJaundice/images/0236-1.jpg;0236;val
NeoJaundice/images/0236-2.jpg;0236;val
NeoJaundice/images/0236-3.jpg;0236;val
NeoJaundice/images/0240-1.jpg;0240;train
NeoJaundice/images/0240-2.jpg;0240;train
NeoJaundice/images/0240-3.jpg;0240;train
NeoJaundice/images/0244-1.jpg;0244;train
NeoJaundice/images/0244-2.jpg;0244;train
NeoJaundice/images/0244-3.jpg;0244;train
NeoJaundice/images/0247-1.jpg;0247;test
NeoJaundice/images/0247-2.jpg;0247;test
NeoJaundice/images/0247-3.jpg;0247;test
NeoJaundice/images/0248-1.jpg;0248;train
NeoJaundice/images/0248-2.jpg;0248;train
NeoJaundice/images/0248-3.jpg;0248;train
NeoJaundice/images/0251-1.jpg;0251;test
NeoJaundice/images/0251-2.jpg;0251;test
NeoJaundice/images/0251-3.jpg;0251;test
NeoJaundice/images/0252-1.jpg;0252;val
NeoJaundice/images/0252-2.jpg;0252;val
NeoJaundice/images/0252-3.jpg;0252;val
NeoJaundice/images/0254-1.jpg;0254;train
NeoJaundice/images/0254-2.jpg;0254;train
NeoJaundice/images/0254-3.jpg;0254;train
NeoJaundice/images/0255-1.jpg;0255;train
NeoJaundice/images/0255-2.jpg;0255;train
NeoJaundice/images/0255-3.jpg;0255;train
NeoJaundice/images/0256-1.jpg;0256;test
NeoJaundice/images/0256-2.jpg;0256;test
NeoJaundice/images/0256-3.jpg;0256;test
NeoJaundice/images/0257-1.jpg;0257;train
NeoJaundice/images/0257-2.jpg;0257;train
NeoJaundice/images/0257-3.jpg;0257;train
NeoJaundice/images/0258-1.jpg;0258;train
NeoJaundice/images/0258-2.jpg;0258;train
NeoJaundice/images/0258-3.jpg;0258;train
NeoJaundice/images/0259-1.jpg;0259;train
NeoJaundice/images/0259-2.jpg;0259;train
NeoJaundice/images/0259-3.jpg;0259;train
NeoJaundice/images/0261-1.jpg;0261;test
NeoJaundice/images/0261-2.jpg;0261;test
NeoJaundice/images/0261-3.jpg;0261;test
NeoJaundice/images/0262-1.jpg;0262;test
NeoJaundice/images/0262-2.jpg;0262;test
NeoJaundice/images/0262-3.jpg;0262;test
NeoJaundice/images/0263-1.jpg;0263;train
NeoJaundice/images/0263-2.jpg;0263;train
NeoJaundice/images/0263-3.jpg;0263;train
NeoJaundice/images/0271-1.jpg;0271;train
NeoJaundice/images/0271-2.jpg;0271;train
NeoJaundice/images/0271-3.jpg;0271;train
NeoJaundice/images/0272-1.jpg;0272;train
NeoJaundice/images/0272-2.jpg;0272;train
NeoJaundice/images/0272-3.jpg;0272;train
NeoJaundice/images/0273-1.jpg;0273;val
NeoJaundice/images/0273-2.jpg;0273;val
NeoJaundice/images/0273-3.jpg;0273;val
NeoJaundice/images/0275-1.jpg;0275;train
NeoJaundice/images/0275-2.jpg;0275;train
NeoJaundice/images/0275-3.jpg;0275;train
NeoJaundice/images/0276-1.jpg;0276;val
NeoJaundice/images/0276-2.jpg;0276;val
NeoJaundice/images/0276-3.jpg;0276;val
NeoJaundice/images/0277-1.jpg;0277;val
NeoJaundice/images/0277-2.jpg;0277;val
NeoJaundice/images/0277-3.jpg;0277;val
NeoJaundice/images/0278-1.jpg;0278;train
NeoJaundice/images/0278-2.jpg;0278;train
NeoJaundice/images/0278-3.jpg;0278;train
NeoJaundice/images/0279-1.jpg;0279;test
NeoJaundice/images/0279-2.jpg;0279;test
NeoJaundice/images/0279-3.jpg;0279;test
NeoJaundice/images/0280-1.jpg;0280;train
NeoJaundice/images/0280-2.jpg;0280;train
NeoJaundice/images/0280-3.jpg;0280;train
NeoJaundice/images/0281-1.jpg;0281;train
NeoJaundice/images/0281-2.jpg;0281;train
NeoJaundice/images/0281-3.jpg;0281;train
NeoJaundice/images/0282-1.jpg;0282;train
NeoJaundice/images/0282-2.jpg;0282;train
NeoJaundice/images/0282-3.jpg;0282;train
NeoJaundice/images/0285-1.jpg;0285;test
NeoJaundice/images/0285-2.jpg;0285;test
NeoJaundice/images/0285-3.jpg;0285;test
NeoJaundice/images/0286-1.jpg;0286;train
NeoJaundice/images/0286-2.jpg;0286;train
NeoJaundice/images/0286-3.jpg;0286;train
NeoJaundice/images/0287-1.jpg;0287;train
NeoJaundice/images/0287-2.jpg;0287;train
NeoJaundice/images/0287-3.jpg;0287;train
NeoJaundice/images/0290-1.jpg;0290;val
NeoJaundice/images/0290-2.jpg;0290;val
NeoJaundice/images/0290-3.jpg;0290;val
NeoJaundice/images/0291-1.jpg;0291;train
NeoJaundice/images/0291-2.jpg;0291;train
NeoJaundice/images/0291-3.jpg;0291;train
NeoJaundice/images/0293-1.jpg;0293;train
NeoJaundice/images/0293-2.jpg;0293;train
NeoJaundice/images/0293-3.jpg;0293;train
NeoJaundice/images/0295-1.jpg;0295;train
NeoJaundice/images/0295-2.jpg;0295;train
NeoJaundice/images/0295-3.jpg;0295;train
NeoJaundice/images/0296-1.jpg;0296;test
NeoJaundice/images/0296-2.jpg;0296;test
NeoJaundice/images/0296-3.jpg;0296;test
NeoJaundice/images/0297-1.jpg;0297;train
NeoJaundice/images/0297-2.jpg;0297;train
NeoJaundice/images/0297-3.jpg;0297;train
NeoJaundice/images/0300-1.jpg;0300;train
NeoJaundice/images/0300-2.jpg;0300;train
NeoJaundice/images/0300-3.jpg;0300;train
NeoJaundice/images/0302-1.jpg;0302;train
NeoJaundice/images/0302-2.jpg;0302;train
NeoJaundice/images/0302-3.jpg;0302;train
NeoJaundice/images/0303-1.jpg;0303;train
NeoJaundice/images/0303-2.jpg;0303;train
NeoJaundice/images/0303-3.jpg;0303;train
NeoJaundice/images/0305-1.jpg;0305;train
NeoJaundice/images/0305-2.jpg;0305;train
NeoJaundice/images/0305-3.jpg;0305;train
NeoJaundice/images/0307-1.jpg;0307;train
NeoJaundice/images/0307-2.jpg;0307;train
NeoJaundice/images/0307-3.jpg;0307;train
NeoJaundice/images/0309-1.jpg;0309;test
NeoJaundice/images/0309-2.jpg;0309;test
NeoJaundice/images/0309-3.jpg;0309;test
NeoJaundice/images/0312-1.jpg;0312;train
NeoJaundice/images/0312-2.jpg;0312;train
NeoJaundice/images/0312-3.jpg;0312;train
NeoJaundice/images/0313-1.jpg;0313;test
NeoJaundice/images/0313-2.jpg;0313;test
NeoJaundice/images/0313-3.jpg;0313;test
NeoJaundice/images/0315-1.jpg;0315;train
NeoJaundice/images/0315-2.jpg;0315;train
NeoJaundice/images/0315-3.jpg;0315;train
NeoJaundice/images/0316-1.jpg;0316;val
NeoJaundice/images/0316-2.jpg;0316;val
NeoJaundice/images/0316-3.jpg;0316;val
NeoJaundice/images/0317-1.jpg;0317;test
NeoJaundice/images/0317-2.jpg;0317;test
NeoJaundice/images/0317-3.jpg;0317;test
NeoJaundice/images/0319-1.jpg;0319;train
NeoJaundice/images/0319-2.jpg;0319;train
NeoJaundice/images/0319-3.jpg;0319;train
NeoJaundice/images/0330-1.jpg;0330;val
NeoJaundice/images/0330-2.jpg;0330;val
NeoJaundice/images/0330-3.jpg;0330;val
NeoJaundice/images/0331-1.jpg;0331;test
NeoJaundice/images/0331-2.jpg;0331;test
NeoJaundice/images/0331-3.jpg;0331;test
NeoJaundice/images/0332-1.jpg;0332;train
NeoJaundice/images/0332-2.jpg;0332;train
NeoJaundice/images/0332-3.jpg;0332;train
NeoJaundice/images/0333-1.jpg;0333;train
NeoJaundice/images/0333-2.jpg;0333;train
NeoJaundice/images/0333-3.jpg;0333;train
NeoJaundice/images/0335-1.jpg;0335;train
NeoJaundice/images/0335-2.jpg;0335;train
NeoJaundice/images/0335-3.jpg;0335;train
NeoJaundice/images/0336-1.jpg;0336;train
NeoJaundice/images/0336-2.jpg;0336;train
NeoJaundice/images/0336-3.jpg;0336;train
NeoJaundice/images/0338-1.jpg;0338;test
NeoJaundice/images/0338-2.jpg;0338;test
NeoJaundice/images/0338-3.jpg;0338;test
NeoJaundice/images/0339-1.jpg;0339;train
NeoJaundice/images/0339-2.jpg;0339;train
NeoJaundice/images/0339-3.jpg;0339;train
NeoJaundice/images/0342-1.jpg;0342;train
NeoJaundice/images/0342-2.jpg;0342;train
NeoJaundice/images/0342-3.jpg;0342;train
NeoJaundice/images/0345-1.jpg;0345;test
NeoJaundice/images/0345-2.jpg;0345;test
NeoJaundice/images/0345-3.jpg;0345;test
NeoJaundice/images/0346-1.jpg;0346;train
NeoJaundice/images/0346-2.jpg;0346;train
NeoJaundice/images/0346-3.jpg;0346;train
NeoJaundice/images/0347-1.jpg;0347;train
NeoJaundice/images/0347-2.jpg;0347;train
NeoJaundice/images/0347-3.jpg;0347;train
NeoJaundice/images/0353-1.jpg;0353;train
NeoJaundice/images/0353-2.jpg;0353;train
NeoJaundice/images/0353-3.jpg;0353;train
NeoJaundice/images/0354-1.jpg;0354;test
NeoJaundice/images/0354-2.jpg;0354;test
NeoJaundice/images/0354-3.jpg;0354;test
NeoJaundice/images/0355-1.jpg;0355;train
NeoJaundice/images/0355-2.jpg;0355;train
NeoJaundice/images/0355-3.jpg;0355;train
NeoJaundice/images/0356-1.jpg;0356;train
NeoJaundice/images/0356-2.jpg;0356;train
NeoJaundice/images/0356-3.jpg;0356;train
NeoJaundice/images/0358-1.jpg;0358;train
NeoJaundice/images/0358-2.jpg;0358;train
NeoJaundice/images/0358-3.jpg;0358;train
NeoJaundice/images/0359-1.jpg;0359;test
NeoJaundice/images/0359-2.jpg;0359;test
NeoJaundice/images/0359-3.jpg;0359;test
NeoJaundice/images/0363-1.jpg;0363;test
NeoJaundice/images/0363-2.jpg;0363;test
NeoJaundice/images/0363-3.jpg;0363;test
NeoJaundice/images/0368-1.jpg;0368;test
NeoJaundice/images/0368-2.jpg;0368;test
NeoJaundice/images/0368-3.jpg;0368;test
NeoJaundice/images/0370-1.jpg;0370;train
NeoJaundice/images/0370-2.jpg;0370;train
NeoJaundice/images/0370-3.jpg;0370;train
NeoJaundice/images/0371-1.jpg;0371;train
NeoJaundice/images/0371-2.jpg;0371;train
NeoJaundice/images/0371-3.jpg;0371;train
NeoJaundice/images/0372-1.jpg;0372;train
NeoJaundice/images/0372-2.jpg;0372;train
NeoJaundice/images/0372-3.jpg;0372;train
NeoJaundice/images/0373-1.jpg;0373;test
NeoJaundice/images/0373-2.jpg;0373;test
NeoJaundice/images/0373-3.jpg;0373;test
NeoJaundice/images/0374-1.jpg;0374;test
NeoJaundice/images/0374-2.jpg;0374;test
NeoJaundice/images/0374-3.jpg;0374;test
NeoJaundice/images/0381-1.jpg;0381;val
NeoJaundice/images/0381-2.jpg;0381;val
NeoJaundice/images/0381-3.jpg;0381;val
NeoJaundice/images/0383-1.jpg;0383;train
NeoJaundice/images/0383-2.jpg;0383;train
NeoJaundice/images/0383-3.jpg;0383;train
NeoJaundice/images/0384-1.jpg;0384;train
NeoJaundice/images/0384-2.jpg;0384;train
NeoJaundice/images/0384-3.jpg;0384;train
NeoJaundice/images/0386-1.jpg;0386;test
NeoJaundice/images/0386-2.jpg;0386;test
NeoJaundice/images/0386-3.jpg;0386;test
NeoJaundice/images/0389-1.jpg;0389;train
NeoJaundice/images/0389-2.jpg;0389;train
NeoJaundice/images/0389-3.jpg;0389;train
NeoJaundice/images/0392-1.jpg;0392;train
NeoJaundice/images/0392-2.jpg;0392;train
NeoJaundice/images/0392-3.jpg;0392;train
NeoJaundice/images/0395-1.jpg;0395;train
NeoJaundice/images/0395-2.jpg;0395;train
NeoJaundice/images/0395-3.jpg;0395;train
NeoJaundice/images/0398-1.jpg;0398;train
NeoJaundice/images/0398-2.jpg;0398;train
NeoJaundice/images/0398-3.jpg;0398;train
NeoJaundice/images/0407-1.jpg;0407;train
NeoJaundice/images/0407-2.jpg;0407;train
NeoJaundice/images/0407-3.jpg;0407;train
NeoJaundice/images/0409-1.jpg;0409;test
NeoJaundice/images/0409-2.jpg;0409;test
NeoJaundice/images/0409-3.jpg;0409;test
NeoJaundice/images/0418-1.jpg;0418;train
NeoJaundice/images/0418-2.jpg;0418;train
NeoJaundice/images/0418-3.jpg;0418;train
NeoJaundice/images/0421-1.jpg;0421;test
NeoJaundice/images/0421-2.jpg;0421;test
NeoJaundice/images/0421-3.jpg;0421;test
NeoJaundice/images/0426-1.jpg;0426;test
NeoJaundice/images/0426-2.jpg;0426;test
NeoJaundice/images/0426-3.jpg;0426;test
NeoJaundice/images/0427-1.jpg;0427;val
NeoJaundice/images/0427-2.jpg;0427;val
NeoJaundice/images/0427-3.jpg;0427;val
NeoJaundice/images/0432-1.jpg;0432;train
NeoJaundice/images/0432-2.jpg;0432;train
NeoJaundice/images/0432-3.jpg;0432;train
NeoJaundice/images/0443-1.jpg;0443;train
NeoJaundice/images/0443-2.jpg;0443;train
NeoJaundice/images/0443-3.jpg;0443;train
NeoJaundice/images/0444-1.jpg;0444;train
NeoJaundice/images/0444-2.jpg;0444;train
NeoJaundice/images/0444-3.jpg;0444;train
NeoJaundice/images/0445-1.jpg;0445;val
NeoJaundice/images/0445-2.jpg;0445;val
NeoJaundice/images/0445-3.jpg;0445;val
NeoJaundice/images/0446-1.jpg;0446;train
NeoJaundice/images/0446-2.jpg;0446;train
NeoJaundice/images/0446-3.jpg;0446;train
NeoJaundice/images/0447-1.jpg;0447;train
NeoJaundice/images/0447-2.jpg;0447;train
NeoJaundice/images/0447-3.jpg;0447;train
NeoJaundice/images/0450-1.jpg;0450;train
NeoJaundice/images/0450-2.jpg;0450;train
NeoJaundice/images/0450-3.jpg;0450;train
NeoJaundice/images/0455-1.jpg;0455;train
NeoJaundice/images/0455-2.jpg;0455;train
NeoJaundice/images/0455-3.jpg;0455;train
NeoJaundice/images/0456-1.jpg;0456;train
NeoJaundice/images/0456-2.jpg;0456;train
NeoJaundice/images/0456-3.jpg;0456;train
NeoJaundice/images/0458-1.jpg;0458;test
NeoJaundice/images/0458-2.jpg;0458;test
NeoJaundice/images/0458-3.jpg;0458;test
NeoJaundice/images/0459-1.jpg;0459;train
NeoJaundice/images/0459-2.jpg;0459;train
NeoJaundice/images/0459-3.jpg;0459;train
NeoJaundice/images/0462-1.jpg;0462;train
NeoJaundice/images/0462-2.jpg;0462;train
NeoJaundice/images/0462-3.jpg;0462;train
NeoJaundice/images/0463-1.jpg;0463;train
NeoJaundice/images/0463-2.jpg;0463;train
NeoJaundice/images/0463-3.jpg;0463;train
NeoJaundice/images/0464-1.jpg;0464;train
NeoJaundice/images/0464-2.jpg;0464;train
NeoJaundice/images/0464-3.jpg;0464;train
NeoJaundice/images/0469-1.jpg;0469;train
NeoJaundice/images/0469-2.jpg;0469;train
NeoJaundice/images/0469-3.jpg;0469;train
NeoJaundice/images/0470-1.jpg;0470;train
NeoJaundice/images/0470-2.jpg;0470;train
NeoJaundice/images/0470-3.jpg;0470;train
NeoJaundice/images/0471-1.jpg;0471;train
NeoJaundice/images/0471-2.jpg;0471;train
NeoJaundice/images/0471-3.jpg;0471;train
NeoJaundice/images/0472-1.jpg;0472;train
NeoJaundice/images/0472-2.jpg;0472;train
NeoJaundice/images/0472-3.jpg;0472;train
NeoJaundice/images/0473-1.jpg;0473;train
NeoJaundice/images/0473-2.jpg;0473;train
NeoJaundice/images/0473-3.jpg;0473;train
NeoJaundice/images/0474-1.jpg;0474;train
NeoJaundice/images/0474-2.jpg;0474;train
NeoJaundice/images/0474-3.jpg;0474;train
NeoJaundice/images/0477-1.jpg;0477;train
NeoJaundice/images/0477-2.jpg;0477;train
NeoJaundice/images/0477-3.jpg;0477;train
NeoJaundice/images/0478-1.jpg;0478;train
NeoJaundice/images/0478-2.jpg;0478;train
NeoJaundice/images/0478-3.jpg;0478;train
NeoJaundice/images/0484-1.jpg;0484;train
NeoJaundice/images/0484-2.jpg;0484;train
NeoJaundice/images/0484-3.jpg;0484;train
NeoJaundice/images/0486-1.jpg;0486;train
NeoJaundice/images/0486-2.jpg;0486;train
NeoJaundice/images/0486-3.jpg;0486;train
NeoJaundice/images/0495-1.jpg;0495;test
NeoJaundice/images/0495-2.jpg;0495;test
NeoJaundice/images/0495-3.jpg;0495;test
NeoJaundice/images/0497-1.jpg;0497;val
NeoJaundice/images/0497-2.jpg;0497;val
NeoJaundice/images/0497-3.jpg;0497;val
NeoJaundice/images/0501-1.jpg;0501;train
NeoJaundice/images/0501-2.jpg;0501;train
NeoJaundice/images/0501-3.jpg;0501;train
NeoJaundice/images/0504-1.jpg;0504;train
NeoJaundice/images/0504-2.jpg;0504;train
NeoJaundice/images/0504-3.jpg;0504;train
NeoJaundice/images/0511-1.jpg;0511;val
NeoJaundice/images/0511-2.jpg;0511;val
NeoJaundice/images/0511-3.jpg;0511;val
NeoJaundice/images/0512-1.jpg;0512;train
NeoJaundice/images/0512-2.jpg;0512;train
NeoJaundice/images/0512-3.jpg;0512;train
NeoJaundice/images/0513-1.jpg;0513;train
NeoJaundice/images/0513-2.jpg;0513;train
NeoJaundice/images/0513-3.jpg;0513;train
NeoJaundice/images/0516-1.jpg;0516;val
NeoJaundice/images/0516-2.jpg;0516;val
NeoJaundice/images/0516-3.jpg;0516;val
NeoJaundice/images/0517-1.jpg;0517;train
NeoJaundice/images/0517-2.jpg;0517;train
NeoJaundice/images/0517-3.jpg;0517;train
NeoJaundice/images/0518-1.jpg;0518;train
NeoJaundice/images/0518-2.jpg;0518;train
NeoJaundice/images/0518-3.jpg;0518;train
NeoJaundice/images/0519-1.jpg;0519;test
NeoJaundice/images/0519-2.jpg;0519;test
NeoJaundice/images/0519-3.jpg;0519;test
NeoJaundice/images/0520-1.jpg;0520;train
NeoJaundice/images/0520-2.jpg;0520;train
NeoJaundice/images/0520-3.jpg;0520;train
NeoJaundice/images/0524-1.jpg;0524;test
NeoJaundice/images/0524-2.jpg;0524;test
NeoJaundice/images/0524-3.jpg;0524;test
NeoJaundice/images/0527-1.jpg;0527;train
NeoJaundice/images/0527-2.jpg;0527;train
NeoJaundice/images/0527-3.jpg;0527;train
NeoJaundice/images/0529-1.jpg;0529;val
NeoJaundice/images/0529-2.jpg;0529;val
NeoJaundice/images/0529-3.jpg;0529;val
NeoJaundice/images/0530-1.jpg;0530;train
NeoJaundice/images/0530-2.jpg;0530;train
NeoJaundice/images/0530-3.jpg;0530;train
NeoJaundice/images/0531-1.jpg;0531;train
NeoJaundice/images/0531-2.jpg;0531;train
NeoJaundice/images/0531-3.jpg;0531;train
NeoJaundice/images/0532-1.jpg;0532;test
NeoJaundice/images/0532-2.jpg;0532;test
NeoJaundice/images/0532-3.jpg;0532;test
NeoJaundice/images/0535-1.jpg;0535;train
NeoJaundice/images/0535-2.jpg;0535;train
NeoJaundice/images/0535-3.jpg;0535;train
NeoJaundice/images/0538-1.jpg;0538;train
NeoJaundice/images/0538-2.jpg;0538;train
NeoJaundice/images/0538-3.jpg;0538;train
NeoJaundice/images/0539-1.jpg;0539;train
NeoJaundice/images/0539-2.jpg;0539;train
NeoJaundice/images/0539-3.jpg;0539;train
NeoJaundice/images/0540-1.jpg;0540;test
NeoJaundice/images/0540-2.jpg;0540;test
NeoJaundice/images/0540-3.jpg;0540;test
NeoJaundice/images/0541-1.jpg;0541;val
NeoJaundice/images/0541-2.jpg;0541;val
NeoJaundice/images/0541-3.jpg;0541;val
NeoJaundice/images/0542-1.jpg;0542;train
NeoJaundice/images/0542-2.jpg;0542;train
NeoJaundice/images/0542-3.jpg;0542;train
NeoJaundice/images/0547-1.jpg;0547;train
NeoJaundice/images/0547-2.jpg;0547;train
NeoJaundice/images/0547-3.jpg;0547;train
NeoJaundice/images/0548-1.jpg;0548;train
NeoJaundice/images/0548-2.jpg;0548;train
NeoJaundice/images/0548-3.jpg;0548;train
NeoJaundice/images/0549-1.jpg;0549;test
NeoJaundice/images/0549-2.jpg;0549;test
NeoJaundice/images/0549-3.jpg;0549;test
NeoJaundice/images/0550-1.jpg;0550;train
NeoJaundice/images/0550-2.jpg;0550;train
NeoJaundice/images/0550-3.jpg;0550;train
NeoJaundice/images/0551-1.jpg;0551;train
NeoJaundice/images/0551-2.jpg;0551;train
NeoJaundice/images/0551-3.jpg;0551;train
NeoJaundice/images/0552-1.jpg;0552;train
NeoJaundice/images/0552-2.jpg;0552;train
NeoJaundice/images/0552-3.jpg;0552;train
NeoJaundice/images/0553-1.jpg;0553;train
NeoJaundice/images/0553-2.jpg;0553;train
NeoJaundice/images/0553-3.jpg;0553;train
NeoJaundice/images/0554-1.jpg;0554;train
NeoJaundice/images/0554-2.jpg;0554;train
NeoJaundice/images/0554-3.jpg;0554;train
NeoJaundice/images/0555-1.jpg;0555;train
NeoJaundice/images/0555-2.jpg;0555;train
NeoJaundice/images/0555-3.jpg;0555;train
NeoJaundice/images/0557-1.jpg;0557;train
NeoJaundice/images/0557-2.jpg;0557;train
NeoJaundice/images/0557-3.jpg;0557;train
NeoJaundice/images/0559-1.jpg;0559;train
NeoJaundice/images/0559-2.jpg;0559;train
NeoJaundice/images/0559-3.jpg;0559;train
NeoJaundice/images/0560-1.jpg;0560;train
NeoJaundice/images/0560-2.jpg;0560;train
NeoJaundice/images/0560-3.jpg;0560;train
NeoJaundice/images/0561-1.jpg;0561;train
NeoJaundice/images/0561-2.jpg;0561;train
NeoJaundice/images/0561-3.jpg;0561;train
NeoJaundice/images/0562-1.jpg;0562;train
NeoJaundice/images/0562-2.jpg;0562;train
NeoJaundice/images/0562-3.jpg;0562;train
NeoJaundice/images/0564-1.jpg;0564;test
NeoJaundice/images/0564-2.jpg;0564;test
NeoJaundice/images/0564-3.jpg;0564;test
NeoJaundice/images/0565-1.jpg;0565;train
NeoJaundice/images/0565-2.jpg;0565;train
NeoJaundice/images/0565-3.jpg;0565;train
NeoJaundice/images/0566-1.jpg;0566;train
NeoJaundice/images/0566-2.jpg;0566;train
NeoJaundice/images/0566-3.jpg;0566;train
NeoJaundice/images/0567-1.jpg;0567;train
NeoJaundice/images/0567-2.jpg;0567;train
NeoJaundice/images/0567-3.jpg;0567;train
NeoJaundice/images/0568-1.jpg;0568;train
NeoJaundice/images/0568-2.jpg;0568;train
NeoJaundice/images/0568-3.jpg;0568;train
NeoJaundice/images/0569-1.jpg;0569;train
NeoJaundice/images/0569-2.jpg;0569;train
NeoJaundice/images/0569-3.jpg;0569;train
NeoJaundice/images/0570-1.jpg;0570;test
NeoJaundice/images/0570-2.jpg;0570;test
NeoJaundice/images/0570-3.jpg;0570;test
NeoJaundice/images/0574-1.jpg;0574;val
NeoJaundice/images/0574-2.jpg;0574;val
NeoJaundice/images/0574-3.jpg;0574;val
NeoJaundice/images/0575-1.jpg;0575;train
NeoJaundice/images/0575-2.jpg;0575;train
NeoJaundice/images/0575-3.jpg;0575;train
NeoJaundice/images/0576-1.jpg;0576;train
NeoJaundice/images/0576-2.jpg;0576;train
NeoJaundice/images/0576-3.jpg;0576;train
NeoJaundice/images/0578-1.jpg;0578;test
NeoJaundice/images/0578-2.jpg;0578;test
NeoJaundice/images/0578-3.jpg;0578;test
NeoJaundice/images/0582-1.jpg;0582;train
NeoJaundice/images/0582-2.jpg;0582;train
NeoJaundice/images/0582-3.jpg;0582;train
NeoJaundice/images/0583-1.jpg;0583;train
NeoJaundice/images/0583-2.jpg;0583;train
NeoJaundice/images/0583-3.jpg;0583;train
NeoJaundice/images/0584-1.jpg;0584;test
NeoJaundice/images/0584-2.jpg;0584;test
NeoJaundice/images/0584-3.jpg;0584;test
NeoJaundice/images/0586-1.jpg;0586;test
NeoJaundice/images/0586-2.jpg;0586;test
NeoJaundice/images/0586-3.jpg;0586;test
NeoJaundice/images/0588-1.jpg;0588;train
NeoJaundice/images/0588-2.jpg;0588;train
NeoJaundice/images/0588-3.jpg;0588;train
NeoJaundice/images/0589-1.jpg;0589;test
NeoJaundice/images/0589-2.jpg;0589;test
NeoJaundice/images/0589-3.jpg;0589;test
NeoJaundice/images/0590-1.jpg;0590;train
NeoJaundice/images/0590-2.jpg;0590;train
NeoJaundice/images/0590-3.jpg;0590;train
NeoJaundice/images/0591-1.jpg;0591;test
NeoJaundice/images/0591-2.jpg;0591;test
NeoJaundice/images/0591-3.jpg;0591;test
NeoJaundice/images/0592-1.jpg;0592;train
NeoJaundice/images/0592-2.jpg;0592;train
NeoJaundice/images/0592-3.jpg;0592;train
NeoJaundice/images/0593-1.jpg;0593;train
NeoJaundice/images/0593-2.jpg;0593;train
NeoJaundice/images/0593-3.jpg;0593;train
NeoJaundice/images/0594-1.jpg;0594;train
NeoJaundice/images/0594-2.jpg;0594;train
NeoJaundice/images/0594-3.jpg;0594;train
NeoJaundice/images/0596-1.jpg;0596;test
NeoJaundice/images/0596-2.jpg;0596;test
NeoJaundice/images/0596-3.jpg;0596;test
NeoJaundice/images/0597-1.jpg;0597;train
NeoJaundice/images/0597-2.jpg;0597;train
NeoJaundice/images/0597-3.jpg;0597;train
NeoJaundice/images/0598-1.jpg;0598;test
NeoJaundice/images/0598-2.jpg;0598;test
NeoJaundice/images/0598-3.jpg;0598;test
NeoJaundice/images/0599-1.jpg;0599;train
NeoJaundice/images/0599-2.jpg;0599;train
NeoJaundice/images/0599-3.jpg;0599;train
NeoJaundice/images/0601-1.jpg;0601;train
NeoJaundice/images/0601-2.jpg;0601;train
NeoJaundice/images/0601-3.jpg;0601;train
NeoJaundice/images/0602-1.jpg;0602;test
NeoJaundice/images/0602-2.jpg;0602;test
NeoJaundice/images/0602-3.jpg;0602;test
NeoJaundice/images/0604-1.jpg;0604;train
NeoJaundice/images/0604-2.jpg;0604;train
NeoJaundice/images/0604-3.jpg;0604;train
NeoJaundice/images/0611-1.jpg;0611;train
NeoJaundice/images/0611-2.jpg;0611;train
NeoJaundice/images/0611-3.jpg;0611;train
NeoJaundice/images/0612-1.jpg;0612;test
NeoJaundice/images/0612-2.jpg;0612;test
NeoJaundice/images/0612-3.jpg;0612;test
NeoJaundice/images/0618-1.jpg;0618;train
NeoJaundice/images/0618-2.jpg;0618;train
NeoJaundice/images/0618-3.jpg;0618;train
NeoJaundice/images/0625-1.jpg;0625;train
NeoJaundice/images/0625-2.jpg;0625;train
NeoJaundice/images/0625-3.jpg;0625;train
NeoJaundice/images/0631-1.jpg;0631;test
NeoJaundice/images/0631-2.jpg;0631;test
NeoJaundice/images/0631-3.jpg;0631;test
NeoJaundice/images/0633-1.jpg;0633;train
NeoJaundice/images/0633-2.jpg;0633;train
NeoJaundice/images/0633-3.jpg;0633;train
NeoJaundice/images/0637-1.jpg;0637;test
NeoJaundice/images/0637-2.jpg;0637;test
NeoJaundice/images/0637-3.jpg;0637;test
NeoJaundice/images/0639-1.jpg;0639;test
NeoJaundice/images/0639-2.jpg;0639;test
NeoJaundice/images/0639-3.jpg;0639;test
NeoJaundice/images/0641-1.jpg;0641;val
NeoJaundice/images/0641-2.jpg;0641;val
NeoJaundice/images/0641-3.jpg;0641;val
NeoJaundice/images/0643-1.jpg;0643;train
NeoJaundice/images/0643-2.jpg;0643;train
NeoJaundice/images/0643-3.jpg;0643;train
NeoJaundice/images/0650-1.jpg;0650;train
NeoJaundice/images/0650-2.jpg;0650;train
NeoJaundice/images/0650-3.jpg;0650;train
NeoJaundice/images/0652-1.jpg;0652;train
NeoJaundice/images/0652-2.jpg;0652;train
NeoJaundice/images/0652-3.jpg;0652;train
NeoJaundice/images/0653-1.jpg;0653;test
NeoJaundice/images/0653-2.jpg;0653;test
NeoJaundice/images/0653-3.jpg;0653;test
NeoJaundice/images/0654-1.jpg;0654;train
NeoJaundice/images/0654-2.jpg;0654;train
NeoJaundice/images/0654-3.jpg;0654;train
NeoJaundice/images/0657-1.jpg;0657;train
NeoJaundice/images/0657-2.jpg;0657;train
NeoJaundice/images/0657-3.jpg;0657;train
NeoJaundice/images/0661-1.jpg;0661;train
NeoJaundice/images/0661-2.jpg;0661;train
NeoJaundice/images/0661-3.jpg;0661;train
NeoJaundice/images/0662-1.jpg;0662;test
NeoJaundice/images/0662-2.jpg;0662;test
NeoJaundice/images/0662-3.jpg;0662;test
NeoJaundice/images/0665-1.jpg;0665;val
NeoJaundice/images/0665-2.jpg;0665;val
NeoJaundice/images/0665-3.jpg;0665;val
NeoJaundice/images/0667-1.jpg;0667;train
NeoJaundice/images/0667-2.jpg;0667;train
NeoJaundice/images/0667-3.jpg;0667;train
NeoJaundice/images/0668-1.jpg;0668;train
NeoJaundice/images/0668-2.jpg;0668;train
NeoJaundice/images/0668-3.jpg;0668;train
NeoJaundice/images/0669-1.jpg;0669;test
NeoJaundice/images/0669-2.jpg;0669;test
NeoJaundice/images/0669-3.jpg;0669;test
NeoJaundice/images/0671-1.jpg;0671;train
NeoJaundice/images/0671-2.jpg;0671;train
NeoJaundice/images/0671-3.jpg;0671;train
NeoJaundice/images/0672-1.jpg;0672;train
NeoJaundice/images/0672-2.jpg;0672;train
NeoJaundice/images/0672-3.jpg;0672;train
NeoJaundice/images/0673-1.jpg;0673;val
NeoJaundice/images/0673-2.jpg;0673;val
NeoJaundice/images/0673-3.jpg;0673;val
NeoJaundice/images/0678-1.jpg;0678;test
NeoJaundice/images/0678-2.jpg;0678;test
NeoJaundice/images/0678-3.jpg;0678;test
NeoJaundice/images/0680-1.jpg;0680;train
NeoJaundice/images/0680-2.jpg;0680;train
NeoJaundice/images/0680-3.jpg;0680;train
NeoJaundice/images/0681-1.jpg;0681;train
NeoJaundice/images/0681-2.jpg;0681;train
NeoJaundice/images/0681-3.jpg;0681;train
NeoJaundice/images/0682-1.jpg;0682;train
NeoJaundice/images/0682-2.jpg;0682;train
NeoJaundice/images/0682-3.jpg;0682;train
NeoJaundice/images/0685-1.jpg;0685;train
NeoJaundice/images/0685-2.jpg;0685;train
NeoJaundice/images/0685-3.jpg;0685;train
NeoJaundice/images/0686-1.jpg;0686;train
NeoJaundice/images/0686-2.jpg;0686;train
NeoJaundice/images/0686-3.jpg;0686;train
NeoJaundice/images/0691-1.jpg;0691;train
NeoJaundice/images/0691-2.jpg;0691;train
NeoJaundice/images/0691-3.jpg;0691;train
NeoJaundice/images/0692-1.jpg;0692;train
NeoJaundice/images/0692-2.jpg;0692;train
NeoJaundice/images/0692-3.jpg;0692;train
NeoJaundice/images/0694-1.jpg;0694;val
NeoJaundice/images/0694-2.jpg;0694;val
NeoJaundice/images/0694-3.jpg;0694;val
NeoJaundice/images/0696-1.jpg;0696;train
NeoJaundice/images/0696-2.jpg;0696;train
NeoJaundice/images/0696-3.jpg;0696;train
NeoJaundice/images/0699-1.jpg;0699;train
NeoJaundice/images/0699-2.jpg;0699;train
NeoJaundice/images/0699-3.jpg;0699;train
NeoJaundice/images/0701-1.jpg;0701;train
NeoJaundice/images/0701-2.jpg;0701;train
NeoJaundice/images/0701-3.jpg;0701;train
NeoJaundice/images/0702-1.jpg;0702;train
NeoJaundice/images/0702-2.jpg;0702;train
NeoJaundice/images/0702-3.jpg;0702;train
NeoJaundice/images/0703-1.jpg;0703;train
NeoJaundice/images/0703-2.jpg;0703;train
NeoJaundice/images/0703-3.jpg;0703;train
NeoJaundice/images/0704-1.jpg;0704;train
NeoJaundice/images/0704-2.jpg;0704;train
NeoJaundice/images/0704-3.jpg;0704;train
NeoJaundice/images/0705-1.jpg;0705;train
NeoJaundice/images/0705-2.jpg;0705;train
NeoJaundice/images/0705-3.jpg;0705;train
NeoJaundice/images/0713-1.jpg;0713;train
NeoJaundice/images/0713-2.jpg;0713;train
NeoJaundice/images/0713-3.jpg;0713;train
NeoJaundice/images/0714-1.jpg;0714;train
NeoJaundice/images/0714-2.jpg;0714;train
NeoJaundice/images/0714-3.jpg;0714;train
NeoJaundice/images/0718-1.jpg;0718;train
NeoJaundice/images/0718-2.jpg;0718;train
NeoJaundice/images/0718-3.jpg;0718;train
NeoJaundice/images/0725-1.jpg;0725;train
NeoJaundice/images/0725-2.jpg;0725;train
NeoJaundice/images/0725-3.jpg;0725;train
NeoJaundice/images/0726-1.jpg;0726;val
NeoJaundice/images/0726-2.jpg;0726;val
NeoJaundice/images/0726-3.jpg;0726;val
NeoJaundice/images/0728-1.jpg;0728;train
NeoJaundice/images/0728-2.jpg;0728;train
NeoJaundice/images/0728-3.jpg;0728;train
NeoJaundice/images/0729-1.jpg;0729;train
NeoJaundice/images/0729-2.jpg;0729;train
NeoJaundice/images/0729-3.jpg;0729;train
NeoJaundice/images/0730-1.jpg;0730;val
NeoJaundice/images/0730-2.jpg;0730;val
NeoJaundice/images/0730-3.jpg;0730;val
NeoJaundice/images/0732-1.jpg;0732;train
NeoJaundice/images/0732-2.jpg;0732;train
NeoJaundice/images/0732-3.jpg;0732;train
NeoJaundice/images/0733-1.jpg;0733;val
NeoJaundice/images/0733-2.jpg;0733;val
NeoJaundice/images/0733-3.jpg;0733;val
NeoJaundice/images/0736-1.jpg;0736;train
NeoJaundice/images/0736-2.jpg;0736;train
NeoJaundice/images/0736-3.jpg;0736;train
NeoJaundice/images/0739-1.jpg;0739;test
NeoJaundice/images/0739-2.jpg;0739;test
NeoJaundice/images/0739-3.jpg;0739;test
NeoJaundice/images/0741-1.jpg;0741;train
NeoJaundice/images/0741-2.jpg;0741;train
NeoJaundice/images/0741-3.jpg;0741;train
NeoJaundice/images/0742-1.jpg;0742;train
NeoJaundice/images/0742-2.jpg;0742;train
NeoJaundice/images/0742-3.jpg;0742;train
NeoJaundice/images/0744-1.jpg;0744;train
NeoJaundice/images/0744-2.jpg;0744;train
NeoJaundice/images/0744-3.jpg;0744;train
NeoJaundice/images/0745-1.jpg;0745;train
NeoJaundice/images/0745-2.jpg;0745;train
NeoJaundice/images/0745-3.jpg;0745;train
NeoJaundice/images/0747-1.jpg;0747;train
NeoJaundice/images/0747-2.jpg;0747;train
NeoJaundice/images/0747-3.jpg;0747;train
NeoJaundice/images/0761-1.jpg;0761;train
NeoJaundice/images/0761-2.jpg;0761;train
NeoJaundice/images/0761-3.jpg;0761;train
NeoJaundice/images/0762-1.jpg;0762;test
NeoJaundice/images/0762-2.jpg;0762;test
NeoJaundice/images/0762-3.jpg;0762;test
NeoJaundice/images/0763-1.jpg;0763;train
NeoJaundice/images/0763-2.jpg;0763;train
NeoJaundice/images/0763-3.jpg;0763;train
NeoJaundice/images/0764-1.jpg;0764;train
NeoJaundice/images/0764-2.jpg;0764;train
NeoJaundice/images/0764-3.jpg;0764;train
NeoJaundice/images/0767-1.jpg;0767;train
NeoJaundice/images/0767-2.jpg;0767;train
NeoJaundice/images/0767-3.jpg;0767;train
NeoJaundice/images/0770-1.jpg;0770;train
NeoJaundice/images/0770-2.jpg;0770;train
NeoJaundice/images/0770-3.jpg;0770;train
NeoJaundice/images/0771-1.jpg;0771;test
NeoJaundice/images/0771-2.jpg;0771;test
NeoJaundice/images/0771-3.jpg;0771;test
NeoJaundice/images/0774-1.jpg;0774;train
NeoJaundice/images/0774-2.jpg;0774;train
NeoJaundice/images/0774-3.jpg;0774;train
NeoJaundice/images/0775-1.jpg;0775;test
NeoJaundice/images/0775-2.jpg;0775;test
NeoJaundice/images/0775-3.jpg;0775;test
NeoJaundice/images/0776-1.jpg;0776;train
NeoJaundice/images/0776-2.jpg;0776;train
NeoJaundice/images/0776-3.jpg;0776;train
NeoJaundice/images/0779-1.jpg;0779;train
NeoJaundice/images/0779-2.jpg;0779;train
NeoJaundice/images/0779-3.jpg;0779;train
NeoJaundice/images/0781-1.jpg;0781;train
NeoJaundice/images/0781-2.jpg;0781;train
NeoJaundice/images/0781-3.jpg;0781;train
NeoJaundice/images/0786-1.jpg;0786;train
NeoJaundice/images/0786-2.jpg;0786;train
NeoJaundice/images/0786-3.jpg;0786;train
NeoJaundice/images/0792-1.jpg;0792;train
NeoJaundice/images/0792-2.jpg;0792;train
NeoJaundice/images/0792-3.jpg;0792;train
NeoJaundice/images/0794-1.jpg;0794;test
NeoJaundice/images/0794-2.jpg;0794;test
NeoJaundice/images/0794-3.jpg;0794;test
NeoJaundice/images/0796-1.jpg;0796;val
NeoJaundice/images/0796-2.jpg;0796;val
NeoJaundice/images/0796-3.jpg;0796;val
NeoJaundice/images/0797-1.jpg;0797;train
NeoJaundice/images/0797-2.jpg;0797;train
NeoJaundice/images/0797-3.jpg;0797;train
NeoJaundice/images/0798-1.jpg;0798;train
NeoJaundice/images/0798-2.jpg;0798;train
NeoJaundice/images/0798-3.jpg;0798;train
NeoJaundice/images/0800-1.jpg;0800;train
NeoJaundice/images/0800-2.jpg;0800;train
NeoJaundice/images/0800-3.jpg;0800;train
NeoJaundice/images/0801-1.jpg;0801;train
NeoJaundice/images/0801-2.jpg;0801;train
NeoJaundice/images/0801-3.jpg;0801;train
NeoJaundice/images/0802-1.jpg;0802;val
NeoJaundice/images/0802-2.jpg;0802;val
NeoJaundice/images/0802-3.jpg;0802;val
NeoJaundice/images/0803-1.jpg;0803;train
NeoJaundice/images/0803-2.jpg;0803;train
NeoJaundice/images/0803-3.jpg;0803;train
NeoJaundice/images/0804-1.jpg;0804;train
NeoJaundice/images/0804-2.jpg;0804;train
NeoJaundice/images/0804-3.jpg;0804;train
NeoJaundice/images/0809-1.jpg;0809;train
NeoJaundice/images/0809-2.jpg;0809;train
NeoJaundice/images/0809-3.jpg;0809;train
NeoJaundice/images/0812-1.jpg;0812;test
NeoJaundice/images/0812-2.jpg;0812;test
NeoJaundice/images/0812-3.jpg;0812;test
NeoJaundice/images/0823-1.jpg;0823;test
NeoJaundice/images/0823-2.jpg;0823;test
NeoJaundice/images/0823-3.jpg;0823;test
NeoJaundice/images/0824-1.jpg;0824;val
NeoJaundice/images/0824-2.jpg;0824;val
NeoJaundice/images/0824-3.jpg;0824;val
NeoJaundice/images/0825-1.jpg;0825;train
NeoJaundice/images/0825-2.jpg;0825;train
NeoJaundice/images/0825-3.jpg;0825;train
NeoJaundice/images/0829-1.jpg;0829;train
NeoJaundice/images/0829-2.jpg;0829;train
NeoJaundice/images/0829-3.jpg;0829;train
NeoJaundice/images/0832-1.jpg;0832;train
NeoJaundice/images/0832-2.jpg;0832;train
NeoJaundice/images/0832-3.jpg;0832;train
NeoJaundice/images/0833-1.jpg;0833;train
NeoJaundice/images/0833-2.jpg;0833;train
NeoJaundice/images/0833-3.jpg;0833;train
NeoJaundice/images/0834-1.jpg;0834;test
NeoJaundice/images/0834-2.jpg;0834;test
NeoJaundice/images/0834-3.jpg;0834;test
NeoJaundice/images/0835-1.jpg;0835;train
NeoJaundice/images/0835-2.jpg;0835;train
NeoJaundice/images/0835-3.jpg;0835;train
NeoJaundice/images/0837-1.jpg;0837;val
NeoJaundice/images/0837-2.jpg;0837;val
NeoJaundice/images/0837-3.jpg;0837;val
NeoJaundice/images/0841-1.jpg;0841;val
NeoJaundice/images/0841-2.jpg;0841;val
NeoJaundice/images/0841-3.jpg;0841;val
NeoJaundice/images/0842-1.jpg;0842;train
NeoJaundice/images/0842-2.jpg;0842;train
NeoJaundice/images/0842-3.jpg;0842;train
NeoJaundice/images/0848-1.jpg;0848;train
NeoJaundice/images/0848-2.jpg;0848;train
NeoJaundice/images/0848-3.jpg;0848;train
NeoJaundice/images/0850-1.jpg;0850;val
NeoJaundice/images/0850-2.jpg;0850;val
NeoJaundice/images/0850-3.jpg;0850;val
NeoJaundice/images/0851-1.jpg;0851;val
NeoJaundice/images/0851-2.jpg;0851;val
NeoJaundice/images/0851-3.jpg;0851;val
NeoJaundice/images/0856-1.jpg;0856;test
NeoJaundice/images/0856-2.jpg;0856;test
NeoJaundice/images/0856-3.jpg;0856;test
NeoJaundice/images/0861-1.jpg;0861;test
NeoJaundice/images/0861-2.jpg;0861;test
NeoJaundice/images/0861-3.jpg;0861;test
NeoJaundice/images/0864-1.jpg;0864;train
NeoJaundice/images/0864-2.jpg;0864;train
NeoJaundice/images/0864-3.jpg;0864;train
NeoJaundice/images/0867-1.jpg;0867;train
NeoJaundice/images/0867-2.jpg;0867;train
NeoJaundice/images/0867-3.jpg;0867;train
NeoJaundice/images/0869-1.jpg;0869;train
NeoJaundice/images/0869-2.jpg;0869;train
NeoJaundice/images/0869-3.jpg;0869;train
NeoJaundice/images/0871-1.jpg;0871;val
NeoJaundice/images/0871-2.jpg;0871;val
NeoJaundice/images/0871-3.jpg;0871;val
NeoJaundice/images/0872-1.jpg;0872;val
NeoJaundice/images/0872-2.jpg;0872;val
NeoJaundice/images/0872-3.jpg;0872;val
NeoJaundice/images/0876-1.jpg;0876;test
NeoJaundice/images/0876-2.jpg;0876;test
NeoJaundice/images/0876-3.jpg;0876;test
NeoJaundice/images/0877-1.jpg;0877;train
NeoJaundice/images/0877-2.jpg;0877;train
NeoJaundice/images/0877-3.jpg;0877;train
NeoJaundice/images/0880-1.jpg;0880;train
NeoJaundice/images/0880-2.jpg;0880;train
NeoJaundice/images/0880-3.jpg;0880;train
NeoJaundice/images/0884-1.jpg;0884;train
NeoJaundice/images/0884-2.jpg;0884;train
NeoJaundice/images/0884-3.jpg;0884;train
NeoJaundice/images/0885-1.jpg;0885;train
NeoJaundice/images/0885-2.jpg;0885;train
NeoJaundice/images/0885-3.jpg;0885;train
NeoJaundice/images/0886-1.jpg;0886;test
NeoJaundice/images/0886-2.jpg;0886;test
NeoJaundice/images/0886-3.jpg;0886;test
NeoJaundice/images/0893-1.jpg;0893;train
NeoJaundice/images/0893-2.jpg;0893;train
NeoJaundice/images/0893-3.jpg;0893;train
NeoJaundice/images/0900-1.jpg;0900;train
NeoJaundice/images/0900-2.jpg;0900;train
NeoJaundice/images/0900-3.jpg;0900;train
NeoJaundice/images/0901-1.jpg;0901;train
NeoJaundice/images/0901-2.jpg;0901;train
NeoJaundice/images/0901-3.jpg;0901;train
NeoJaundice/images/0902-1.jpg;0902;test
NeoJaundice/images/0902-2.jpg;0902;test
NeoJaundice/images/0902-3.jpg;0902;test
NeoJaundice/images/0903-1.jpg;0903;train
NeoJaundice/images/0903-2.jpg;0903;train
NeoJaundice/images/0903-3.jpg;0903;train
NeoJaundice/images/0908-1.jpg;0908;train
NeoJaundice/images/0908-2.jpg;0908;train
NeoJaundice/images/0908-3.jpg;0908;train
NeoJaundice/images/0914-1.jpg;0914;val
NeoJaundice/images/0914-2.jpg;0914;val
NeoJaundice/images/0914-3.jpg;0914;val
NeoJaundice/images/0915-1.jpg;0915;train
NeoJaundice/images/0915-2.jpg;0915;train
NeoJaundice/images/0915-3.jpg;0915;train
NeoJaundice/images/0920-1.jpg;0920;train
NeoJaundice/images/0920-2.jpg;0920;train
NeoJaundice/images/0920-3.jpg;0920;train
NeoJaundice/images/0929-1.jpg;0929;train
NeoJaundice/images/0929-2.jpg;0929;train
NeoJaundice/images/0929-3.jpg;0929;train
NeoJaundice/images/0931-1.jpg;0931;train
NeoJaundice/images/0931-2.jpg;0931;train
NeoJaundice/images/0931-3.jpg;0931;train
NeoJaundice/images/0933-1.jpg;0933;train
NeoJaundice/images/0933-2.jpg;0933;train
NeoJaundice/images/0933-3.jpg;0933;train
NeoJaundice/images/0934-1.jpg;0934;train
NeoJaundice/images/0934-2.jpg;0934;train
NeoJaundice/images/0934-3.jpg;0934;train
NeoJaundice/images/0936-1.jpg;0936;train
NeoJaundice/images/0936-2.jpg;0936;train
NeoJaundice/images/0936-3.jpg;0936;train
NeoJaundice/images/0937-1.jpg;0937;test
NeoJaundice/images/0937-2.jpg;0937;test
NeoJaundice/images/0937-3.jpg;0937;test
NeoJaundice/images/0938-1.jpg;0938;test
NeoJaundice/images/0938-2.jpg;0938;test
NeoJaundice/images/0938-3.jpg;0938;test
NeoJaundice/images/0939-1.jpg;0939;train
NeoJaundice/images/0939-2.jpg;0939;train
NeoJaundice/images/0939-3.jpg;0939;train
NeoJaundice/images/0940-1.jpg;0940;train
NeoJaundice/images/0940-2.jpg;0940;train
NeoJaundice/images/0940-3.jpg;0940;train
NeoJaundice/images/0943-1.jpg;0943;train
NeoJaundice/images/0943-2.jpg;0943;train
NeoJaundice/images/0943-3.jpg;0943;train
NeoJaundice/images/0946-1.jpg;0946;train
NeoJaundice/images/0946-2.jpg;0946;train
NeoJaundice/images/0946-3.jpg;0946;train
NeoJaundice/images/0948-1.jpg;0948;train
NeoJaundice/images/0948-2.jpg;0948;train
NeoJaundice/images/0948-3.jpg;0948;train
NeoJaundice/images/0949-1.jpg;0949;train
NeoJaundice/images/0949-2.jpg;0949;train
NeoJaundice/images/0949-3.jpg;0949;train
NeoJaundice/images/0950-1.jpg;0950;train
NeoJaundice/images/0950-2.jpg;0950;train
NeoJaundice/images/0950-3.jpg;0950;train
NeoJaundice/images/0951-1.jpg;0951;train
NeoJaundice/images/0951-2.jpg;0951;train
NeoJaundice/images/0951-3.jpg;0951;train
NeoJaundice/images/0952-1.jpg;0952;train
NeoJaundice/images/0952-2.jpg;0952;train
NeoJaundice/images/0952-3.jpg;0952;train
NeoJaundice/images/0954-1.jpg;0954;train
NeoJaundice/images/0954-2.jpg;0954;train
NeoJaundice/images/0954-3.jpg;0954;train
NeoJaundice/images/0955-1.jpg;0955;train
NeoJaundice/images/0955-2.jpg;0955;train
NeoJaundice/images/0955-3.jpg;0955;train
NeoJaundice/images/0960-1.jpg;0960;train
NeoJaundice/images/0960-2.jpg;0960;train
NeoJaundice/images/0960-3.jpg;0960;train
NeoJaundice/images/0963-1.jpg;0963;train
NeoJaundice/images/0963-2.jpg;0963;train
NeoJaundice/images/0963-3.jpg;0963;train
NeoJaundice/images/0964-1.jpg;0964;train
NeoJaundice/images/0964-2.jpg;0964;train
NeoJaundice/images/0964-3.jpg;0964;train
NeoJaundice/images/0965-1.jpg;0965;test
NeoJaundice/images/0965-2.jpg;0965;test
NeoJaundice/images/0965-3.jpg;0965;test
NeoJaundice/images/0966-1.jpg;0966;test
NeoJaundice/images/0966-2.jpg;0966;test
NeoJaundice/images/0966-3.jpg;0966;test
NeoJaundice/images/0968-1.jpg;0968;test
NeoJaundice/images/0968-2.jpg;0968;test
NeoJaundice/images/0968-3.jpg;0968;test
NeoJaundice/images/0970-1.jpg;0970;train
NeoJaundice/images/0970-2.jpg;0970;train
NeoJaundice/images/0970-3.jpg;0970;train
NeoJaundice/images/0971-1.jpg;0971;train
NeoJaundice/images/0971-2.jpg;0971;train
NeoJaundice/images/0971-3.jpg;0971;train
NeoJaundice/images/0972-1.jpg;0972;train
NeoJaundice/images/0972-2.jpg;0972;train
NeoJaundice/images/0972-3.jpg;0972;train
NeoJaundice/images/0973-1.jpg;0973;train
NeoJaundice/images/0973-2.jpg;0973;train
NeoJaundice/images/0973-3.jpg;0973;train
NeoJaundice/images/0974-1.jpg;0974;train
NeoJaundice/images/0974-2.jpg;0974;train
NeoJaundice/images/0974-3.jpg;0974;train
NeoJaundice/images/0975-1.jpg;0975;test
NeoJaundice/images/0975-2.jpg;0975;test
NeoJaundice/images/0975-3.jpg;0975;test
NeoJaundice/images/0978-1.jpg;0978;test
NeoJaundice/images/0978-2.jpg;0978;test
NeoJaundice/images/0978-3.jpg;0978;test
NeoJaundice/images/0979-1.jpg;0979;train
NeoJaundice/images/0979-2.jpg;0979;train
NeoJaundice/images/0979-3.jpg;0979;train
NeoJaundice/images/0980-1.jpg;0980;train
NeoJaundice/images/0980-2.jpg;0980;train
NeoJaundice/images/0980-3.jpg;0980;train
NeoJaundice/images/0981-1.jpg;0981;train
NeoJaundice/images/0981-2.jpg;0981;train
NeoJaundice/images/0981-3.jpg;0981;train
NeoJaundice/images/0982-1.jpg;0982;train
NeoJaundice/images/0982-2.jpg;0982;train
NeoJaundice/images/0982-3.jpg;0982;train
NeoJaundice/images/0983-1.jpg;0983;train
NeoJaundice/images/0983-2.jpg;0983;train
NeoJaundice/images/0983-3.jpg;0983;train
NeoJaundice/images/0984-1.jpg;0984;train
NeoJaundice/images/0984-2.jpg;0984;train
NeoJaundice/images/0984-3.jpg;0984;train
NeoJaundice/images/0985-1.jpg;0985;val
NeoJaundice/images/0985-2.jpg;0985;val
NeoJaundice/images/0985-3.jpg;0985;val
NeoJaundice/images/0986-1.jpg;0986;train
NeoJaundice/images/0986-2.jpg;0986;train
NeoJaundice/images/0986-3.jpg;0986;train
NeoJaundice/images/0987-1.jpg;0987;train
NeoJaundice/images/0987-2.jpg;0987;train
NeoJaundice/images/0987-3.jpg;0987;train
NeoJaundice/images/0988-1.jpg;0988;train
NeoJaundice/images/0988-2.jpg;0988;train
NeoJaundice/images/0988-3.jpg;0988;train
NeoJaundice/images/0989-1.jpg;0989;train
NeoJaundice/images/0989-2.jpg;0989;train
NeoJaundice/images/0989-3.jpg;0989;train
NeoJaundice/images/0990-1.jpg;0990;train
NeoJaundice/images/0990-2.jpg;0990;train
NeoJaundice/images/0990-3.jpg;0990;train
NeoJaundice/images/0992-1.jpg;0992;train
NeoJaundice/images/0992-2.jpg;0992;train
NeoJaundice/images/0992-3.jpg;0992;train
NeoJaundice/images/0993-1.jpg;0993;train
NeoJaundice/images/0993-2.jpg;0993;train
NeoJaundice/images/0993-3.jpg;0993;train
NeoJaundice/images/0994-1.jpg;0994;test
NeoJaundice/images/0994-2.jpg;0994;test
NeoJaundice/images/0994-3.jpg;0994;test
NeoJaundice/images/0995-1.jpg;0995;test
NeoJaundice/images/0995-2.jpg;0995;test
NeoJaundice/images/0995-3.jpg;0995;test
NeoJaundice/images/0996-1.jpg;0996;train
NeoJaundice/images/0996-2.jpg;0996;train
NeoJaundice/images/0996-3.jpg;0996;train
NeoJaundice/images/0997-1.jpg;0997;test
NeoJaundice/images/0997-2.jpg;0997;test
NeoJaundice/images/0997-3.jpg;0997;test
NeoJaundice/images/0998-1.jpg;0998;train
NeoJaundice/images/0998-2.jpg;0998;train
NeoJaundice/images/0998-3.jpg;0998;train
NeoJaundice/images/1003-1.jpg;1003;train
NeoJaundice/images/1003-2.jpg;1003;train
NeoJaundice/images/1003-3.jpg;1003;train
NeoJaundice/images/1004-1.jpg;1004;train
NeoJaundice/images/1004-2.jpg;1004;train
NeoJaundice/images/1004-3.jpg;1004;train
NeoJaundice/images/1006-1.jpg;1006;val
NeoJaundice/images/1006-2.jpg;1006;val
NeoJaundice/images/1006-3.jpg;1006;val
NeoJaundice/images/1007-1.jpg;1007;train
NeoJaundice/images/1007-2.jpg;1007;train
NeoJaundice/images/1007-3.jpg;1007;train
NeoJaundice/images/1008-1.jpg;1008;train
NeoJaundice/images/1008-2.jpg;1008;train
NeoJaundice/images/1008-3.jpg;1008;train
NeoJaundice/images/1009-1.jpg;1009;train
NeoJaundice/images/1009-2.jpg;1009;train
NeoJaundice/images/1009-3.jpg;1009;train
NeoJaundice/images/1010-1.jpg;1010;train
NeoJaundice/images/1010-2.jpg;1010;train
NeoJaundice/images/1010-3.jpg;1010;train
NeoJaundice/images/1011-1.jpg;1011;test
NeoJaundice/images/1011-2.jpg;1011;test
NeoJaundice/images/1011-3.jpg;1011;test
NeoJaundice/images/1012-1.jpg;1012;test
NeoJaundice/images/1012-2.jpg;1012;test
NeoJaundice/images/1012-3.jpg;1012;test
NeoJaundice/images/1013-1.jpg;1013;train
NeoJaundice/images/1013-2.jpg;1013;train
NeoJaundice/images/1013-3.jpg;1013;train
NeoJaundice/images/1014-1.jpg;1014;train
NeoJaundice/images/1014-2.jpg;1014;train
NeoJaundice/images/1014-3.jpg;1014;train
NeoJaundice/images/1016-1.jpg;1016;test
NeoJaundice/images/1016-2.jpg;1016;test
NeoJaundice/images/1016-3.jpg;1016;test
NeoJaundice/images/1018-1.jpg;1018;test
NeoJaundice/images/1018-2.jpg;1018;test
NeoJaundice/images/1018-3.jpg;1018;test
NeoJaundice/images/1020-1.jpg;1020;train
NeoJaundice/images/1020-2.jpg;1020;train
NeoJaundice/images/1020-3.jpg;1020;train
NeoJaundice/images/1021-1.jpg;1021;test
NeoJaundice/images/1021-2.jpg;1021;test
NeoJaundice/images/1021-3.jpg;1021;test
NeoJaundice/images/1022-1.jpg;1022;val
NeoJaundice/images/1022-2.jpg;1022;val
NeoJaundice/images/1022-3.jpg;1022;val
NeoJaundice/images/1023-1.jpg;1023;train
NeoJaundice/images/1023-2.jpg;1023;train
NeoJaundice/images/1023-3.jpg;1023;train
NeoJaundice/images/1024-1.jpg;1024;train
NeoJaundice/images/1024-2.jpg;1024;train
NeoJaundice/images/1024-3.jpg;1024;train
NeoJaundice/images/1025-1.jpg;1025;val
NeoJaundice/images/1025-2.jpg;1025;val
NeoJaundice/images/1025-3.jpg;1025;val
NeoJaundice/images/1026-1.jpg;1026;train
NeoJaundice/images/1026-2.jpg;1026;train
NeoJaundice/images/1026-3.jpg;1026;train
NeoJaundice/images/1027-1.jpg;1027;train
NeoJaundice/images/1027-2.jpg;1027;train
NeoJaundice/images/1027-3.jpg;1027;train
NeoJaundice/images/1029-1.jpg;1029;train
NeoJaundice/images/1029-2.jpg;1029;train
NeoJaundice/images/1029-3.jpg;1029;train
NeoJaundice/images/1030-1.jpg;1030;train
NeoJaundice/images/1030-2.jpg;1030;train
NeoJaundice/images/1030-3.jpg;1030;train
NeoJaundice/images/1031-1.jpg;1031;train
NeoJaundice/images/1031-2.jpg;1031;train
NeoJaundice/images/1031-3.jpg;1031;train
NeoJaundice/images/1032-1.jpg;1032;train
NeoJaundice/images/1032-2.jpg;1032;train
NeoJaundice/images/1032-3.jpg;1032;train
NeoJaundice/images/1033-1.jpg;1033;val
NeoJaundice/images/1033-2.jpg;1033;val
NeoJaundice/images/1033-3.jpg;1033;val
NeoJaundice/images/1034-1.jpg;1034;val
NeoJaundice/images/1034-2.jpg;1034;val
NeoJaundice/images/1034-3.jpg;1034;val
NeoJaundice/images/1037-1.jpg;1037;train
NeoJaundice/images/1037-2.jpg;1037;train
NeoJaundice/images/1037-3.jpg;1037;train
NeoJaundice/images/1038-1.jpg;1038;val
NeoJaundice/images/1038-2.jpg;1038;val
NeoJaundice/images/1038-3.jpg;1038;val
NeoJaundice/images/1039-1.jpg;1039;train
NeoJaundice/images/1039-2.jpg;1039;train
NeoJaundice/images/1039-3.jpg;1039;train
NeoJaundice/images/1040-1.jpg;1040;train
NeoJaundice/images/1040-2.jpg;1040;train
NeoJaundice/images/1040-3.jpg;1040;train
NeoJaundice/images/1041-1.jpg;1041;train
NeoJaundice/images/1041-2.jpg;1041;train
NeoJaundice/images/1041-3.jpg;1041;train
NeoJaundice/images/1043-1.jpg;1043;train
NeoJaundice/images/1043-2.jpg;1043;train
NeoJaundice/images/1043-3.jpg;1043;train
NeoJaundice/images/1044-1.jpg;1044;test
NeoJaundice/images/1044-2.jpg;1044;test
NeoJaundice/images/1044-3.jpg;1044;test
NeoJaundice/images/1046-1.jpg;1046;train
NeoJaundice/images/1046-2.jpg;1046;train
NeoJaundice/images/1046-3.jpg;1046;train
NeoJaundice/images/1047-1.jpg;1047;train
NeoJaundice/images/1047-2.jpg;1047;train
NeoJaundice/images/1047-3.jpg;1047;train
NeoJaundice/images/1048-1.jpg;1048;val
NeoJaundice/images/1048-2.jpg;1048;val
NeoJaundice/images/1048-3.jpg;1048;val
NeoJaundice/images/1050-1.jpg;1050;train
NeoJaundice/images/1050-2.jpg;1050;train
NeoJaundice/images/1050-3.jpg;1050;train
NeoJaundice/images/1051-1.jpg;1051;val
NeoJaundice/images/1051-2.jpg;1051;val
NeoJaundice/images/1051-3.jpg;1051;val
NeoJaundice/images/1053-1.jpg;1053;train
NeoJaundice/images/1053-2.jpg;1053;train
NeoJaundice/images/1053-3.jpg;1053;train
NeoJaundice/images/1055-1.jpg;1055;train
NeoJaundice/images/1055-2.jpg;1055;train
NeoJaundice/images/1055-3.jpg;1055;train
NeoJaundice/images/1056-1.jpg;1056;test
NeoJaundice/images/1056-2.jpg;1056;test
NeoJaundice/images/1056-3.jpg;1056;test
NeoJaundice/images/1057-1.jpg;1057;test
NeoJaundice/images/1057-2.jpg;1057;test
NeoJaundice/images/1057-3.jpg;1057;test
NeoJaundice/images/1058-1.jpg;1058;train
NeoJaundice/images/1058-2.jpg;1058;train
NeoJaundice/images/1058-3.jpg;1058;train
NeoJaundice/images/1059-1.jpg;1059;train
NeoJaundice/images/1059-2.jpg;1059;train
NeoJaundice/images/1059-3.jpg;1059;train
NeoJaundice/images/1062-1.jpg;1062;train
NeoJaundice/images/1062-2.jpg;1062;train
NeoJaundice/images/1062-3.jpg;1062;train
NeoJaundice/images/1063-1.jpg;1063;test
NeoJaundice/images/1063-2.jpg;1063;test
NeoJaundice/images/1063-3.jpg;1063;test
NeoJaundice/images/1065-1.jpg;1065;test
NeoJaundice/images/1065-2.jpg;1065;test
NeoJaundice/images/1065-3.jpg;1065;test
NeoJaundice/images/1066-1.jpg;1066;test
NeoJaundice/images/1066-2.jpg;1066;test
NeoJaundice/images/1066-3.jpg;1066;test
NeoJaundice/images/1067-1.jpg;1067;test
NeoJaundice/images/1067-2.jpg;1067;test
NeoJaundice/images/1067-3.jpg;1067;test
NeoJaundice/images/1068-1.jpg;1068;train
NeoJaundice/images/1068-2.jpg;1068;train
NeoJaundice/images/1068-3.jpg;1068;train
NeoJaundice/images/1070-1.jpg;1070;train
NeoJaundice/images/1070-2.jpg;1070;train
NeoJaundice/images/1070-3.jpg;1070;train
NeoJaundice/images/1074-1.jpg;1074;train
NeoJaundice/images/1074-2.jpg;1074;train
NeoJaundice/images/1074-3.jpg;1074;train
NeoJaundice/images/1077-1.jpg;1077;train
NeoJaundice/images/1077-2.jpg;1077;train
NeoJaundice/images/1077-3.jpg;1077;train
NeoJaundice/images/1079-1.jpg;1079;train
NeoJaundice/images/1079-2.jpg;1079;train
NeoJaundice/images/1079-3.jpg;1079;train
NeoJaundice/images/1080-1.jpg;1080;train
NeoJaundice/images/1080-2.jpg;1080;train
NeoJaundice/images/1080-3.jpg;1080;train
NeoJaundice/images/1081-1.jpg;1081;train
NeoJaundice/images/1081-2.jpg;1081;train
NeoJaundice/images/1081-3.jpg;1081;train
NeoJaundice/images/1082-1.jpg;1082;train
NeoJaundice/images/1082-2.jpg;1082;train
NeoJaundice/images/1082-3.jpg;1082;train
NeoJaundice/images/1085-1.jpg;1085;test
NeoJaundice/images/1085-2.jpg;1085;test
NeoJaundice/images/1085-3.jpg;1085;test
NeoJaundice/images/1088-1.jpg;1088;test
NeoJaundice/images/1088-2.jpg;1088;test
NeoJaundice/images/1088-3.jpg;1088;test
NeoJaundice/images/1089-1.jpg;1089;train
NeoJaundice/images/1089-2.jpg;1089;train
NeoJaundice/images/1089-3.jpg;1089;train
NeoJaundice/images/1091-1.jpg;1091;val
NeoJaundice/images/1091-2.jpg;1091;val
NeoJaundice/images/1091-3.jpg;1091;val
NeoJaundice/images/1096-1.jpg;1096;train
NeoJaundice/images/1096-2.jpg;1096;train
NeoJaundice/images/1096-3.jpg;1096;train
NeoJaundice/images/1097-1.jpg;1097;train
NeoJaundice/images/1097-2.jpg;1097;train
NeoJaundice/images/1097-3.jpg;1097;train
NeoJaundice/images/1098-1.jpg;1098;train
NeoJaundice/images/1098-2.jpg;1098;train
NeoJaundice/images/1098-3.jpg;1098;train
NeoJaundice/images/1099-1.jpg;1099;val
NeoJaundice/images/1099-2.jpg;1099;val
NeoJaundice/images/1099-3.jpg;1099;val
NeoJaundice/images/1100-1.jpg;1100;train
NeoJaundice/images/1100-2.jpg;1100;train
NeoJaundice/images/1100-3.jpg;1100;train
NeoJaundice/images/1101-1.jpg;1101;train
NeoJaundice/images/1101-2.jpg;1101;train
NeoJaundice/images/1101-3.jpg;1101;train
NeoJaundice/images/1102-1.jpg;1102;test
NeoJaundice/images/1102-2.jpg;1102;test
NeoJaundice/images/1102-3.jpg;1102;test
NeoJaundice/images/1103-1.jpg;1103;val
NeoJaundice/images/1103-2.jpg;1103;val
NeoJaundice/images/1103-3.jpg;1103;val
NeoJaundice/images/1104-1.jpg;1104;train
NeoJaundice/images/1104-2.jpg;1104;train
NeoJaundice/images/1104-3.jpg;1104;train
NeoJaundice/images/1106-1.jpg;1106;train
NeoJaundice/images/1106-2.jpg;1106;train
NeoJaundice/images/1106-3.jpg;1106;train
NeoJaundice/images/1107-1.jpg;1107;test
NeoJaundice/images/1107-2.jpg;1107;test
NeoJaundice/images/1107-3.jpg;1107;test
NeoJaundice/images/1111-1.jpg;1111;val
NeoJaundice/images/1111-2.jpg;1111;val
NeoJaundice/images/1111-3.jpg;1111;val
NeoJaundice/images/1112-1.jpg;1112;train
NeoJaundice/images/1112-2.jpg;1112;train
NeoJaundice/images/1112-3.jpg;1112;train
NeoJaundice/images/1113-1.jpg;1113;train
NeoJaundice/images/1113-2.jpg;1113;train
NeoJaundice/images/1113-3.jpg;1113;train
NeoJaundice/images/1114-1.jpg;1114;train
NeoJaundice/images/1114-2.jpg;1114;train
NeoJaundice/images/1114-3.jpg;1114;train
NeoJaundice/images/1115-1.jpg;1115;val
NeoJaundice/images/1115-2.jpg;1115;val
NeoJaundice/images/1115-3.jpg;1115;val
NeoJaundice/images/1116-1.jpg;1116;train
NeoJaundice/images/1116-2.jpg;1116;train
NeoJaundice/images/1116-3.jpg;1116;train
NeoJaundice/images/1117-1.jpg;1117;val
NeoJaundice/images/1117-2.jpg;1117;val
NeoJaundice/images/1117-3.jpg;1117;val
NeoJaundice/images/1120-1.jpg;1120;train
NeoJaundice/images/1120-2.jpg;1120;train
NeoJaundice/images/1120-3.jpg;1120;train
NeoJaundice/images/1124-1.jpg;1124;train
NeoJaundice/images/1124-2.jpg;1124;train
NeoJaundice/images/1124-3.jpg;1124;train
NeoJaundice/images/1125-1.jpg;1125;train
NeoJaundice/images/1125-2.jpg;1125;train
NeoJaundice/images/1125-3.jpg;1125;train
NeoJaundice/images/1126-1.jpg;1126;train
NeoJaundice/images/1126-2.jpg;1126;train
NeoJaundice/images/1126-3.jpg;1126;train
NeoJaundice/images/1127-1.jpg;1127;test
NeoJaundice/images/1127-2.jpg;1127;test
NeoJaundice/images/1127-3.jpg;1127;test
NeoJaundice/images/1128-1.jpg;1128;train
NeoJaundice/images/1128-2.jpg;1128;train
NeoJaundice/images/1128-3.jpg;1128;train
NeoJaundice/images/1136-1.jpg;1136;train
NeoJaundice/images/1136-2.jpg;1136;train
NeoJaundice/images/1136-3.jpg;1136;train
NeoJaundice/images/1137-1.jpg;1137;train
NeoJaundice/images/1137-2.jpg;1137;train
NeoJaundice/images/1137-3.jpg;1137;train
NeoJaundice/images/1138-1.jpg;1138;train
NeoJaundice/images/1138-2.jpg;1138;train
NeoJaundice/images/1138-3.jpg;1138;train
NeoJaundice/images/1139-1.jpg;1139;train
NeoJaundice/images/1139-2.jpg;1139;train
NeoJaundice/images/1139-3.jpg;1139;train
NeoJaundice/images/1140-1.jpg;1140;train
NeoJaundice/images/1140-2.jpg;1140;train
NeoJaundice/images/1140-3.jpg;1140;train
NeoJaundice/images/1141-1.jpg;1141;train
NeoJaundice/images/1141-2.jpg;1141;train
NeoJaundice/images/1141-3.jpg;1141;train
NeoJaundice/images/1145-1.jpg;1145;train
NeoJaundice/images/1145-2.jpg;1145;train
NeoJaundice/images/1145-3.jpg;1145;train
NeoJaundice/images/1146-1.jpg;1146;train
NeoJaundice/images/1146-2.jpg;1146;train
NeoJaundice/images/1146-3.jpg;1146;train
NeoJaundice/images/1148-1.jpg;1148;train
NeoJaundice/images/1148-2.jpg;1148;train
NeoJaundice/images/1148-3.jpg;1148;train
NeoJaundice/images/1149-1.jpg;1149;train
NeoJaundice/images/1149-2.jpg;1149;train
NeoJaundice/images/1149-3.jpg;1149;train
NeoJaundice/images/1150-1.jpg;1150;val
NeoJaundice/images/1150-2.jpg;1150;val
NeoJaundice/images/1150-3.jpg;1150;val
NeoJaundice/images/1151-1.jpg;1151;train
NeoJaundice/images/1151-2.jpg;1151;train
NeoJaundice/images/1151-3.jpg;1151;train
NeoJaundice/images/1152-1.jpg;1152;train
NeoJaundice/images/1152-2.jpg;1152;train
NeoJaundice/images/1152-3.jpg;1152;train
NeoJaundice/images/1154-1.jpg;1154;val
NeoJaundice/images/1154-2.jpg;1154;val
NeoJaundice/images/1154-3.jpg;1154;val
NeoJaundice/images/1155-1.jpg;1155;test
NeoJaundice/images/1155-2.jpg;1155;test
NeoJaundice/images/1155-3.jpg;1155;test
NeoJaundice/images/1156-1.jpg;1156;val
NeoJaundice/images/1156-2.jpg;1156;val
NeoJaundice/images/1156-3.jpg;1156;val
NeoJaundice/images/1158-1.jpg;1158;train
NeoJaundice/images/1158-2.jpg;1158;train
NeoJaundice/images/1158-3.jpg;1158;train
NeoJaundice/images/1159-1.jpg;1159;train
NeoJaundice/images/1159-2.jpg;1159;train
NeoJaundice/images/1159-3.jpg;1159;train
NeoJaundice/images/1160-1.jpg;1160;train
NeoJaundice/images/1160-2.jpg;1160;train
NeoJaundice/images/1160-3.jpg;1160;train
NeoJaundice/images/1162-1.jpg;1162;val
NeoJaundice/images/1162-2.jpg;1162;val
NeoJaundice/images/1162-3.jpg;1162;val
NeoJaundice/images/1164-1.jpg;1164;train
NeoJaundice/images/1164-2.jpg;1164;train
NeoJaundice/images/1164-3.jpg;1164;train
NeoJaundice/images/1166-1.jpg;1166;train
NeoJaundice/images/1166-2.jpg;1166;train
NeoJaundice/images/1166-3.jpg;1166;train
NeoJaundice/images/1167-1.jpg;1167;train
NeoJaundice/images/1167-2.jpg;1167;train
NeoJaundice/images/1167-3.jpg;1167;train
NeoJaundice/images/1168-1.jpg;1168;train
NeoJaundice/images/1168-2.jpg;1168;train
NeoJaundice/images/1168-3.jpg;1168;train
NeoJaundice/images/1169-1.jpg;1169;train
NeoJaundice/images/1169-2.jpg;1169;train
NeoJaundice/images/1169-3.jpg;1169;train
NeoJaundice/images/1170-1.jpg;1170;train
NeoJaundice/images/1170-2.jpg;1170;train
NeoJaundice/images/1170-3.jpg;1170;train
NeoJaundice/images/1171-1.jpg;1171;train
NeoJaundice/images/1171-2.jpg;1171;train
NeoJaundice/images/1171-3.jpg;1171;train
NeoJaundice/images/1174-1.jpg;1174;train
NeoJaundice/images/1174-2.jpg;1174;train
NeoJaundice/images/1174-3.jpg;1174;train
NeoJaundice/images/1175-1.jpg;1175;test
NeoJaundice/images/1175-2.jpg;1175;test
NeoJaundice/images/1175-3.jpg;1175;test
NeoJaundice/images/1178-1.jpg;1178;train
NeoJaundice/images/1178-2.jpg;1178;train
NeoJaundice/images/1178-3.jpg;1178;train
NeoJaundice/images/1179-1.jpg;1179;train
NeoJaundice/images/1179-2.jpg;1179;train
NeoJaundice/images/1179-3.jpg;1179;train
NeoJaundice/images/1180-1.jpg;1180;train
NeoJaundice/images/1180-2.jpg;1180;train
NeoJaundice/images/1180-3.jpg;1180;train
NeoJaundice/images/1181-1.jpg;1181;val
NeoJaundice/images/1181-2.jpg;1181;val
NeoJaundice/images/1181-3.jpg;1181;val
NeoJaundice/images/1182-1.jpg;1182;train
NeoJaundice/images/1182-2.jpg;1182;train
NeoJaundice/images/1182-3.jpg;1182;train
NeoJaundice/images/1184-1.jpg;1184;train
NeoJaundice/images/1184-2.jpg;1184;train
NeoJaundice/images/1184-3.jpg;1184;train
NeoJaundice/images/1185-1.jpg;1185;train
NeoJaundice/images/1185-2.jpg;1185;train
NeoJaundice/images/1185-3.jpg;1185;train
NeoJaundice/images/1186-1.jpg;1186;train
NeoJaundice/images/1186-2.jpg;1186;train
NeoJaundice/images/1186-3.jpg;1186;train
NeoJaundice/images/1188-1.jpg;1188;val
NeoJaundice/images/1188-2.jpg;1188;val
NeoJaundice/images/1188-3.jpg;1188;val
NeoJaundice/images/1190-1.jpg;1190;train
NeoJaundice/images/1190-2.jpg;1190;train
NeoJaundice/images/1190-3.jpg;1190;train
NeoJaundice/images/1191-1.jpg;1191;test
NeoJaundice/images/1191-2.jpg;1191;test
NeoJaundice/images/1191-3.jpg;1191;test
NeoJaundice/images/1192-1.jpg;1192;test
NeoJaundice/images/1192-2.jpg;1192;test
NeoJaundice/images/1192-3.jpg;1192;test
NeoJaundice/images/1193-1.jpg;1193;train
NeoJaundice/images/1193-2.jpg;1193;train
NeoJaundice/images/1193-3.jpg;1193;train
NeoJaundice/images/1194-1.jpg;1194;train
NeoJaundice/images/1194-2.jpg;1194;train
NeoJaundice/images/1194-3.jpg;1194;train
NeoJaundice/images/1195-1.jpg;1195;train
NeoJaundice/images/1195-2.jpg;1195;train
NeoJaundice/images/1195-3.jpg;1195;train
NeoJaundice/images/1196-1.jpg;1196;train
NeoJaundice/images/1196-2.jpg;1196;train
NeoJaundice/images/1196-3.jpg;1196;train
NeoJaundice/images/1198-1.jpg;1198;train
NeoJaundice/images/1198-2.jpg;1198;train
NeoJaundice/images/1198-3.jpg;1198;train
NeoJaundice/images/1202-1.jpg;1202;val
NeoJaundice/images/1202-2.jpg;1202;val
NeoJaundice/images/1202-3.jpg;1202;val
NeoJaundice/images/1203-1.jpg;1203;train
NeoJaundice/images/1203-2.jpg;1203;train
NeoJaundice/images/1203-3.jpg;1203;train
NeoJaundice/images/1204-1.jpg;1204;train
NeoJaundice/images/1204-2.jpg;1204;train
NeoJaundice/images/1204-3.jpg;1204;train
NeoJaundice/images/1205-1.jpg;1205;train
NeoJaundice/images/1205-2.jpg;1205;train
NeoJaundice/images/1205-3.jpg;1205;train
NeoJaundice/images/1206-1.jpg;1206;train
NeoJaundice/images/1206-2.jpg;1206;train
NeoJaundice/images/1206-3.jpg;1206;train
NeoJaundice/images/1207-1.jpg;1207;train
NeoJaundice/images/1207-2.jpg;1207;train
NeoJaundice/images/1207-3.jpg;1207;train
NeoJaundice/images/1208-1.jpg;1208;train
NeoJaundice/images/1208-2.jpg;1208;train
NeoJaundice/images/1208-3.jpg;1208;train
NeoJaundice/images/1209-1.jpg;1209;test
NeoJaundice/images/1209-2.jpg;1209;test
NeoJaundice/images/1209-3.jpg;1209;test
NeoJaundice/images/1210-1.jpg;1210;train
NeoJaundice/images/1210-2.jpg;1210;train
NeoJaundice/images/1210-3.jpg;1210;train
NeoJaundice/images/1211-1.jpg;1211;train
NeoJaundice/images/1211-2.jpg;1211;train
NeoJaundice/images/1211-3.jpg;1211;train
NeoJaundice/images/1212-1.jpg;1212;val
NeoJaundice/images/1212-2.jpg;1212;val
NeoJaundice/images/1212-3.jpg;1212;val
NeoJaundice/images/1213-1.jpg;1213;test
NeoJaundice/images/1213-2.jpg;1213;test
NeoJaundice/images/1213-3.jpg;1213;test
NeoJaundice/images/1214-1.jpg;1214;train
NeoJaundice/images/1214-2.jpg;1214;train
NeoJaundice/images/1214-3.jpg;1214;train
NeoJaundice/images/1215-1.jpg;1215;train
NeoJaundice/images/1215-2.jpg;1215;train
NeoJaundice/images/1215-3.jpg;1215;train
NeoJaundice/images/1218-1.jpg;1218;val
NeoJaundice/images/1218-2.jpg;1218;val
NeoJaundice/images/1218-3.jpg;1218;val
NeoJaundice/images/1219-1.jpg;1219;train
NeoJaundice/images/1219-2.jpg;1219;train
NeoJaundice/images/1219-3.jpg;1219;train
NeoJaundice/images/1220-1.jpg;1220;train
NeoJaundice/images/1220-2.jpg;1220;train
NeoJaundice/images/1220-3.jpg;1220;train
NeoJaundice/images/1221-1.jpg;1221;test
NeoJaundice/images/1221-2.jpg;1221;test
NeoJaundice/images/1221-3.jpg;1221;test
NeoJaundice/images/1222-1.jpg;1222;train
NeoJaundice/images/1222-2.jpg;1222;train
NeoJaundice/images/1222-3.jpg;1222;train
NeoJaundice/images/1223-1.jpg;1223;train
NeoJaundice/images/1223-2.jpg;1223;train
NeoJaundice/images/1223-3.jpg;1223;train
NeoJaundice/images/1224-1.jpg;1224;train
NeoJaundice/images/1224-2.jpg;1224;train
NeoJaundice/images/1224-3.jpg;1224;train
NeoJaundice/images/1225-1.jpg;1225;train
NeoJaundice/images/1225-2.jpg;1225;train
NeoJaundice/images/1225-3.jpg;1225;train
NeoJaundice/images/1226-1.jpg;1226;val
NeoJaundice/images/1226-2.jpg;1226;val
NeoJaundice/images/1226-3.jpg;1226;val
NeoJaundice/images/1227-1.jpg;1227;train
NeoJaundice/images/1227-2.jpg;1227;train
NeoJaundice/images/1227-3.jpg;1227;train
NeoJaundice/images/1228-1.jpg;1228;train
NeoJaundice/images/1228-2.jpg;1228;train
NeoJaundice/images/1228-3.jpg;1228;train
NeoJaundice/images/1229-1.jpg;1229;train
NeoJaundice/images/1229-2.jpg;1229;train
NeoJaundice/images/1229-3.jpg;1229;train
NeoJaundice/images/1230-1.jpg;1230;train
NeoJaundice/images/1230-2.jpg;1230;train
NeoJaundice/images/1230-3.jpg;1230;train
NeoJaundice/images/1232-1.jpg;1232;train
NeoJaundice/images/1232-2.jpg;1232;train
NeoJaundice/images/1232-3.jpg;1232;train
NeoJaundice/images/1233-1.jpg;1233;train
NeoJaundice/images/1233-2.jpg;1233;train
NeoJaundice/images/1233-3.jpg;1233;train
NeoJaundice/images/1234-1.jpg;1234;train
NeoJaundice/images/1234-2.jpg;1234;train
NeoJaundice/images/1234-3.jpg;1234;train
NeoJaundice/images/1235-1.jpg;1235;train
NeoJaundice/images/1235-2.jpg;1235;train
NeoJaundice/images/1235-3.jpg;1235;train
NeoJaundice/images/1236-1.jpg;1236;val
NeoJaundice/images/1236-2.jpg;1236;val
NeoJaundice/images/1236-3.jpg;1236;val
NeoJaundice/images/1237-1.jpg;1237;train
NeoJaundice/images/1237-2.jpg;1237;train
NeoJaundice/images/1237-3.jpg;1237;train
NeoJaundice/images/1238-1.jpg;1238;train
NeoJaundice/images/1238-2.jpg;1238;train
NeoJaundice/images/1238-3.jpg;1238;train
NeoJaundice/images/1239-1.jpg;1239;test
NeoJaundice/images/1239-2.jpg;1239;test
NeoJaundice/images/1239-3.jpg;1239;test
NeoJaundice/images/1240-1.jpg;1240;test
NeoJaundice/images/1240-2.jpg;1240;test
NeoJaundice/images/1240-3.jpg;1240;test
NeoJaundice/images/1241-1.jpg;1241;train
NeoJaundice/images/1241-2.jpg;1241;train
NeoJaundice/images/1241-3.jpg;1241;train
NeoJaundice/images/1242-1.jpg;1242;train
NeoJaundice/images/1242-2.jpg;1242;train
NeoJaundice/images/1242-3.jpg;1242;train
NeoJaundice/images/1243-1.jpg;1243;train
NeoJaundice/images/1243-2.jpg;1243;train
NeoJaundice/images/1243-3.jpg;1243;train
NeoJaundice/images/1244-1.jpg;1244;train
NeoJaundice/images/1244-2.jpg;1244;train
NeoJaundice/images/1244-3.jpg;1244;train
NeoJaundice/images/1245-1.jpg;1245;train
NeoJaundice/images/1245-2.jpg;1245;train
NeoJaundice/images/1245-3.jpg;1245;train
NeoJaundice/images/1246-1.jpg;1246;train
NeoJaundice/images/1246-2.jpg;1246;train
NeoJaundice/images/1246-3.jpg;1246;train
NeoJaundice/images/1247-1.jpg;1247;train
NeoJaundice/images/1247-2.jpg;1247;train
NeoJaundice/images/1247-3.jpg;1247;train
NeoJaundice/images/1248-1.jpg;1248;train
NeoJaundice/images/1248-2.jpg;1248;train
NeoJaundice/images/1248-3.jpg;1248;train
NeoJaundice/images/1249-1.jpg;1249;train
NeoJaundice/images/1249-2.jpg;1249;train
NeoJaundice/images/1249-3.jpg;1249;train
NeoJaundice/images/1250-1.jpg;1250;train
NeoJaundice/images/1250-2.jpg;1250;train
NeoJaundice/images/1250-3.jpg;1250;train
NeoJaundice/images/1251-1.jpg;1251;train
NeoJaundice/images/1251-2.jpg;1251;train
NeoJaundice/images/1251-3.jpg;1251;train
NeoJaundice/images/1252-1.jpg;1252;test
NeoJaundice/images/1252-2.jpg;1252;test
NeoJaundice/images/1252-3.jpg;1252;test
NeoJaundice/images/1253-1.jpg;1253;train
NeoJaundice/images/1253-2.jpg;1253;train
NeoJaundice/images/1253-3.jpg;1253;train
NeoJaundice/images/1254-1.jpg;1254;train
NeoJaundice/images/1254-2.jpg;1254;train
NeoJaundice/images/1254-3.jpg;1254;train
NeoJaundice/images/1255-1.jpg;1255;train
NeoJaundice/images/1255-2.jpg;1255;train
NeoJaundice/images/1255-3.jpg;1255;train
NeoJaundice/images/1257-1.jpg;1257;train
NeoJaundice/images/1257-2.jpg;1257;train
NeoJaundice/images/1257-3.jpg;1257;train
NeoJaundice/images/1258-1.jpg;1258;train
NeoJaundice/images/1258-2.jpg;1258;train
NeoJaundice/images/1258-3.jpg;1258;train
NeoJaundice/images/1259-1.jpg;1259;train
NeoJaundice/images/1259-2.jpg;1259;train
NeoJaundice/images/1259-3.jpg;1259;train
NeoJaundice/images/1260-1.jpg;1260;train
NeoJaundice/images/1260-2.jpg;1260;train
NeoJaundice/images/1260-3.jpg;1260;train
NeoJaundice/images/1261-1.jpg;1261;train
NeoJaundice/images/1261-2.jpg;1261;train
NeoJaundice/images/1261-3.jpg;1261;train
NeoJaundice/images/1262-1.jpg;1262;train
NeoJaundice/images/1262-2.jpg;1262;train
NeoJaundice/images/1262-3.jpg;1262;train
NeoJaundice/images/1263-1.jpg;1263;train
NeoJaundice/images/1263-2.jpg;1263;train
NeoJaundice/images/1263-3.jpg;1263;train
NeoJaundice/images/1264-1.jpg;1264;train
NeoJaundice/images/1264-2.jpg;1264;train
NeoJaundice/images/1264-3.jpg;1264;train
NeoJaundice/images/1265-1.jpg;1265;train
NeoJaundice/images/1265-2.jpg;1265;train
NeoJaundice/images/1265-3.jpg;1265;train
NeoJaundice/images/1266-1.jpg;1266;train
NeoJaundice/images/1266-2.jpg;1266;train
NeoJaundice/images/1266-3.jpg;1266;train
NeoJaundice/images/1267-1.jpg;1267;train
NeoJaundice/images/1267-2.jpg;1267;train
NeoJaundice/images/1267-3.jpg;1267;train
NeoJaundice/images/1268-1.jpg;1268;train
NeoJaundice/images/1268-2.jpg;1268;train
NeoJaundice/images/1268-3.jpg;1268;train
NeoJaundice/images/1269-1.jpg;1269;train
NeoJaundice/images/1269-2.jpg;1269;train
NeoJaundice/images/1269-3.jpg;1269;train
NeoJaundice/images/1270-1.jpg;1270;train
NeoJaundice/images/1270-2.jpg;1270;train
NeoJaundice/images/1270-3.jpg;1270;train
NeoJaundice/images/1271-1.jpg;1271;val
NeoJaundice/images/1271-2.jpg;1271;val
NeoJaundice/images/1271-3.jpg;1271;val
NeoJaundice/images/1272-1.jpg;1272;train
NeoJaundice/images/1272-2.jpg;1272;train
NeoJaundice/images/1272-3.jpg;1272;train
NeoJaundice/images/1273-1.jpg;1273;train
NeoJaundice/images/1273-2.jpg;1273;train
NeoJaundice/images/1273-3.jpg;1273;train
NeoJaundice/images/1274-1.jpg;1274;train
NeoJaundice/images/1274-2.jpg;1274;train
NeoJaundice/images/1274-3.jpg;1274;train
NeoJaundice/images/1275-1.jpg;1275;val
NeoJaundice/images/1275-2.jpg;1275;val
NeoJaundice/images/1275-3.jpg;1275;val
NeoJaundice/images/1276-1.jpg;1276;train
NeoJaundice/images/1276-2.jpg;1276;train
NeoJaundice/images/1276-3.jpg;1276;train
NeoJaundice/images/1277-1.jpg;1277;train
NeoJaundice/images/1277-2.jpg;1277;train
NeoJaundice/images/1277-3.jpg;1277;train
NeoJaundice/images/1278-1.jpg;1278;test
NeoJaundice/images/1278-2.jpg;1278;test
NeoJaundice/images/1278-3.jpg;1278;test
NeoJaundice/images/1279-1.jpg;1279;test
NeoJaundice/images/1279-2.jpg;1279;test
NeoJaundice/images/1279-3.jpg;1279;test
NeoJaundice/images/1280-1.jpg;1280;test
NeoJaundice/images/1280-2.jpg;1280;test
NeoJaundice/images/1280-3.jpg;1280;test
NeoJaundice/images/1281-1.jpg;1281;train
NeoJaundice/images/1281-2.jpg;1281;train
NeoJaundice/images/1281-3.jpg;1281;train
NeoJaundice/images/1282-1.jpg;1282;train
NeoJaundice/images/1282-2.jpg;1282;train
NeoJaundice/images/1282-3.jpg;1282;train
NeoJaundice/images/1283-1.jpg;1283;val
NeoJaundice/images/1283-2.jpg;1283;val
NeoJaundice/images/1283-3.jpg;1283;val
NeoJaundice/images/1284-1.jpg;1284;test
NeoJaundice/images/1284-2.jpg;1284;test
NeoJaundice/images/1284-3.jpg;1284;test
NeoJaundice/images/1285-1.jpg;1285;train
NeoJaundice/images/1285-2.jpg;1285;train
NeoJaundice/images/1285-3.jpg;1285;train
NeoJaundice/images/1286-1.jpg;1286;val
NeoJaundice/images/1286-2.jpg;1286;val
NeoJaundice/images/1286-3.jpg;1286;val
NeoJaundice/images/1287-1.jpg;1287;train
NeoJaundice/images/1287-2.jpg;1287;train
NeoJaundice/images/1287-3.jpg;1287;train
NeoJaundice/images/1288-1.jpg;1288;train
NeoJaundice/images/1288-2.jpg;1288;train
NeoJaundice/images/1288-3.jpg;1288;train
NeoJaundice/images/1289-1.jpg;1289;train
NeoJaundice/images/1289-2.jpg;1289;train
NeoJaundice/images/1289-3.jpg;1289;train
NeoJaundice/images/1290-1.jpg;1290;train
NeoJaundice/images/1290-2.jpg;1290;train
NeoJaundice/images/1290-3.jpg;1290;train
NeoJaundice/images/1291-1.jpg;1291;train
NeoJaundice/images/1291-2.jpg;1291;train
NeoJaundice/images/1291-3.jpg;1291;train
NeoJaundice/images/1292-1.jpg;1292;train
NeoJaundice/images/1292-2.jpg;1292;train
NeoJaundice/images/1292-3.jpg;1292;train
NeoJaundice/images/1293-1.jpg;1293;train
NeoJaundice/images/1293-2.jpg;1293;train
NeoJaundice/images/1293-3.jpg;1293;train
NeoJaundice/images/1294-1.jpg;1294;train
NeoJaundice/images/1294-2.jpg;1294;train
NeoJaundice/images/1294-3.jpg;1294;train
NeoJaundice/images/1295-1.jpg;1295;train
NeoJaundice/images/1295-2.jpg;1295;train
NeoJaundice/images/1295-3.jpg;1295;train
NeoJaundice/images/1296-1.jpg;1296;train
NeoJaundice/images/1296-2.jpg;1296;train
NeoJaundice/images/1296-3.jpg;1296;train
NeoJaundice/images/1297-1.jpg;1297;train
NeoJaundice/images/1297-2.jpg;1297;train
NeoJaundice/images/1297-3.jpg;1297;train
NeoJaundice/images/1298-1.jpg;1298;test
NeoJaundice/images/1298-2.jpg;1298;test
NeoJaundice/images/1298-3.jpg;1298;test
NeoJaundice/images/1299-1.jpg;1299;train
NeoJaundice/images/1299-2.jpg;1299;train
NeoJaundice/images/1299-3.jpg;1299;train
NeoJaundice/images/1300-1.jpg;1300;train
NeoJaundice/images/1300-2.jpg;1300;train
NeoJaundice/images/1300-3.jpg;1300;train
NeoJaundice/images/1301-1.jpg;1301;train
NeoJaundice/images/1301-2.jpg;1301;train
NeoJaundice/images/1301-3.jpg;1301;train
NeoJaundice/images/1302-1.jpg;1302;test
NeoJaundice/images/1302-2.jpg;1302;test
NeoJaundice/images/1302-3.jpg;1302;test
NeoJaundice/images/1303-1.jpg;1303;test
NeoJaundice/images/1303-2.jpg;1303;test
NeoJaundice/images/1303-3.jpg;1303;test
NeoJaundice/images/1304-1.jpg;1304;train
NeoJaundice/images/1304-2.jpg;1304;train
NeoJaundice/images/1304-3.jpg;1304;train
NeoJaundice/images/1305-1.jpg;1305;train
NeoJaundice/images/1305-2.jpg;1305;train
NeoJaundice/images/1305-3.jpg;1305;train
NeoJaundice/images/1306-1.jpg;1306;train
NeoJaundice/images/1306-2.jpg;1306;train
NeoJaundice/images/1306-3.jpg;1306;train
NeoJaundice/images/1307-1.jpg;1307;train
NeoJaundice/images/1307-2.jpg;1307;train
NeoJaundice/images/1307-3.jpg;1307;train
NeoJaundice/images/1308-1.jpg;1308;train
NeoJaundice/images/1308-2.jpg;1308;train
NeoJaundice/images/1308-3.jpg;1308;train
NeoJaundice/images/1309-1.jpg;1309;train
NeoJaundice/images/1309-2.jpg;1309;train
NeoJaundice/images/1309-3.jpg;1309;train
NeoJaundice/images/1310-1.jpg;1310;train
NeoJaundice/images/1310-2.jpg;1310;train
NeoJaundice/images/1310-3.jpg;1310;train
NeoJaundice/images/1311-1.jpg;1311;train
NeoJaundice/images/1311-2.jpg;1311;train
NeoJaundice/images/1311-3.jpg;1311;train
NeoJaundice/images/1313-1.jpg;1313;test
NeoJaundice/images/1313-2.jpg;1313;test
NeoJaundice/images/1313-3.jpg;1313;test
NeoJaundice/images/1314-1.jpg;1314;train
NeoJaundice/images/1314-2.jpg;1314;train
NeoJaundice/images/1314-3.jpg;1314;train
NeoJaundice/images/1315-1.jpg;1315;train
NeoJaundice/images/1315-2.jpg;1315;train
NeoJaundice/images/1315-3.jpg;1315;train
NeoJaundice/images/1316-1.jpg;1316;test
NeoJaundice/images/1316-2.jpg;1316;test
NeoJaundice/images/1316-3.jpg;1316;test
NeoJaundice/images/1317-1.jpg;1317;test
NeoJaundice/images/1317-2.jpg;1317;test
NeoJaundice/images/1317-3.jpg;1317;test
NeoJaundice/images/1318-1.jpg;1318;train
NeoJaundice/images/1318-2.jpg;1318;train
NeoJaundice/images/1318-3.jpg;1318;train
NeoJaundice/images/1319-1.jpg;1319;train
NeoJaundice/images/1319-2.jpg;1319;train
NeoJaundice/images/1319-3.jpg;1319;train
NeoJaundice/images/1320-1.jpg;1320;train
NeoJaundice/images/1320-2.jpg;1320;train
NeoJaundice/images/1320-3.jpg;1320;train
NeoJaundice/images/1321-1.jpg;1321;train
NeoJaundice/images/1321-2.jpg;1321;train
NeoJaundice/images/1321-3.jpg;1321;train
NeoJaundice/images/1322-1.jpg;1322;train
NeoJaundice/images/1322-2.jpg;1322;train
NeoJaundice/images/1322-3.jpg;1322;train
NeoJaundice/images/1323-1.jpg;1323;train
NeoJaundice/images/1323-2.jpg;1323;train
NeoJaundice/images/1323-3.jpg;1323;train
NeoJaundice/images/1324-1.jpg;1324;train
NeoJaundice/images/1324-2.jpg;1324;train
NeoJaundice/images/1324-3.jpg;1324;train
NeoJaundice/images/1325-1.jpg;1325;train
NeoJaundice/images/1325-2.jpg;1325;train
NeoJaundice/images/1325-3.jpg;1325;train
NeoJaundice/images/1326-1.jpg;1326;train
NeoJaundice/images/1326-2.jpg;1326;train
NeoJaundice/images/1326-3.jpg;1326;train
NeoJaundice/images/1327-1.jpg;1327;train
NeoJaundice/images/1327-2.jpg;1327;train
NeoJaundice/images/1327-3.jpg;1327;train
NeoJaundice/images/1328-1.jpg;1328;train
NeoJaundice/images/1328-2.jpg;1328;train
NeoJaundice/images/1328-3.jpg;1328;train
NeoJaundice/images/1329-1.jpg;1329;test
NeoJaundice/images/1329-2.jpg;1329;test
NeoJaundice/images/1329-3.jpg;1329;test
NeoJaundice/images/1330-1.jpg;1330;train
NeoJaundice/images/1330-2.jpg;1330;train
NeoJaundice/images/1330-3.jpg;1330;train
NeoJaundice/images/1332-1.jpg;1332;train
NeoJaundice/images/1332-2.jpg;1332;train
NeoJaundice/images/1332-3.jpg;1332;train
NeoJaundice/images/1333-1.jpg;1333;train
NeoJaundice/images/1333-2.jpg;1333;train
NeoJaundice/images/1333-3.jpg;1333;train
NeoJaundice/images/1334-1.jpg;1334;test
NeoJaundice/images/1334-2.jpg;1334;test
NeoJaundice/images/1334-3.jpg;1334;test
NeoJaundice/images/1335-1.jpg;1335;train
NeoJaundice/images/1335-2.jpg;1335;train
NeoJaundice/images/1335-3.jpg;1335;train
NeoJaundice/images/1336-1.jpg;1336;train
NeoJaundice/images/1336-2.jpg;1336;train
NeoJaundice/images/1336-3.jpg;1336;train
NeoJaundice/images/1337-1.jpg;1337;train
NeoJaundice/images/1337-2.jpg;1337;train
NeoJaundice/images/1337-3.jpg;1337;train
NeoJaundice/images/1338-1.jpg;1338;test
NeoJaundice/images/1338-2.jpg;1338;test
NeoJaundice/images/1338-3.jpg;1338;test
NeoJaundice/images/1339-1.jpg;1339;test
NeoJaundice/images/1339-2.jpg;1339;test
NeoJaundice/images/1339-3.jpg;1339;test
NeoJaundice/images/1340-1.jpg;1340;train
NeoJaundice/images/1340-2.jpg;1340;train
NeoJaundice/images/1340-3.jpg;1340;train
NeoJaundice/images/1341-1.jpg;1341;train
NeoJaundice/images/1341-2.jpg;1341;train
NeoJaundice/images/1341-3.jpg;1341;train
NeoJaundice/images/1342-1.jpg;1342;train
NeoJaundice/images/1342-2.jpg;1342;train
NeoJaundice/images/1342-3.jpg;1342;train
NeoJaundice/images/1343-1.jpg;1343;test
NeoJaundice/images/1343-2.jpg;1343;test
NeoJaundice/images/1343-3.jpg;1343;test
NeoJaundice/images/1344-1.jpg;1344;train
NeoJaundice/images/1344-2.jpg;1344;train
NeoJaundice/images/1344-3.jpg;1344;train
NeoJaundice/images/1345-1.jpg;1345;train
NeoJaundice/images/1345-2.jpg;1345;train
NeoJaundice/images/1345-3.jpg;1345;train
NeoJaundice/images/1346-1.jpg;1346;train
NeoJaundice/images/1346-2.jpg;1346;train
NeoJaundice/images/1346-3.jpg;1346;train
NeoJaundice/images/1347-1.jpg;1347;test
NeoJaundice/images/1347-2.jpg;1347;test
NeoJaundice/images/1347-3.jpg;1347;test
NeoJaundice/images/1348-1.jpg;1348;train
NeoJaundice/images/1348-2.jpg;1348;train
NeoJaundice/images/1348-3.jpg;1348;train
NeoJaundice/images/1349-1.jpg;1349;test
NeoJaundice/images/1349-2.jpg;1349;test
NeoJaundice/images/1349-3.jpg;1349;test
NeoJaundice/images/1350-1.jpg;1350;test
NeoJaundice/images/1350-2.jpg;1350;test
NeoJaundice/images/1350-3.jpg;1350;test
NeoJaundice/images/1351-1.jpg;1351;val
NeoJaundice/images/1351-2.jpg;1351;val
NeoJaundice/images/1351-3.jpg;1351;val
