dataset;backbone;colorset;contem_rgb;accuracy_rgb;accuracy_cor;delta_accuracy;ic95_lo_accuracy;ic95_hi_accuracy;sinal_accuracy;f1_macro_rgb;f1_macro_cor;delta_f1_macro;ic95_lo_f1_macro;ic95_hi_f1_macro;sinal_f1_macro;roc_auc_rgb;roc_auc_cor;delta_roc_auc;ic95_lo_roc_auc;ic95_hi_roc_auc;sinal_roc_auc
NJN;convnextv2_tiny;HSV;nao;90,1316;84,8684;-5,26316;-7,50029;-3,02603;neg;0,863447;0,77569;-0,087757;-0,115678;-0,0598364;neg;0,970089;0,910893;-0,0591964;-0,0900826;-0,0283103;neg
NJN;convnextv2_tiny;LAB;nao;90,1316;89,0789;-1,05263;-2,93324;0,827977;nulo;0,863447;0,848153;-0,0152941;-0,0483498;0,0177617;nulo;0,970089;0,942679;-0,0274107;-0,0376156;-0,0172058;neg
NJN;convnextv2_tiny;LAB+HSV;nao;90,1316;83,4211;-6,71053;-10,6873;-2,73372;neg;0,863447;0,759793;-0,103653;-0,178663;-0,0286442;neg;0,970089;0,887857;-0,0822321;-0,11946;-0,0450039;neg
NJN;convnextv2_tiny;LAB+YCrCb;nao;90,1316;82,8947;-7,23684;-8,96972;-5,50397;neg;0,863447;0,75421;-0,109236;-0,1372;-0,0812725;neg;0,970089;0,898304;-0,0717857;-0,124121;-0,0194505;neg
NJN;convnextv2_tiny;LAB+YCrCb+HSV;nao;90,1316;85;-5,13158;-8,46983;-1,79333;neg;0,863447;0,788906;-0,0745408;-0,0919861;-0,0570954;neg;0,970089;0,919375;-0,0507143;-0,092448;-0,00898055;neg
NJN;convnextv2_tiny;RGB+HSV;sim;90,1316;90,2632;0,131579;-1,2107;1,47386;nulo;0,863447;0,86691;0,00346336;-0,0143497;0,0212764;nulo;0,970089;0,968527;-0,0015625;-0,00987259;0,00674759;nulo
NJN;convnextv2_tiny;RGB+LAB;sim;90,1316;91,0526;0,921053;0,473627;1,36848;pos;0,863447;0,878697;0,0152501;0,00444409;0,0260561;pos;0,970089;0,967455;-0,00263393;-0,0131209;0,00785309;nulo
NJN;convnextv2_tiny;RGB+LAB+HSV;sim;90,1316;92,3684;2,23684;0,269524;4,20416;pos;0,863447;0,897186;0,0337396;0,00211029;0,0653689;pos;0,970089;0,974821;0,00473214;-0,00727775;0,016742;nulo
NJN;convnextv2_tiny;RGB+LAB+YCrCb;sim;90,1316;91,4474;1,31579;-0,212461;2,84404;nulo;0,863447;0,884392;0,0209453;-0,000457454;0,0423481;nulo;0,970089;0,969286;-0,000803571;-0,0182211;0,0166139;nulo
NJN;convnextv2_tiny;RGB+LAB+YCrCb+HSV;sim;90,1316;90,9211;0,789474;-1,07331;2,65226;nulo;0,863447;0,875065;0,011618;-0,0208136;0,0440495;nulo;0,970089;0,96317;-0,00691964;-0,0216155;0,00777622;nulo
NJN;convnextv2_tiny;RGB+YCrCb;sim;90,1316;90,6579;0,526316;-0,538771;1,5914;nulo;0,863447;0,873564;0,010117;-0,0094106;0,0296446;nulo;0,970089;0,967455;-0,00263393;-0,0129157;0,00764782;nulo
NJN;convnextv2_tiny;RGB+YCrCb+HSV;sim;90,1316;91,5789;1,44737;-0,0139185;2,90866;nulo;0,863447;0,887006;0,0235592;0,00671915;0,0403993;pos;0,970089;0,96942;-0,000669643;-0,0178187;0,0164794;nulo
NJN;convnextv2_tiny;YCrCb;nao;90,1316;81,9737;-8,15789;-11,8835;-4,43233;neg;0,863447;0,764076;-0,0993704;-0,15201;-0,0467308;neg;0,970089;0,889598;-0,0804911;-0,0984557;-0,0625265;neg
NJN;convnextv2_tiny;YCrCb+HSV;nao;90,1316;84,2105;-5,92105;-9,33832;-2,50378;neg;0,863447;0,778029;-0,0854177;-0,140396;-0,0304397;neg;0,970089;0,907768;-0,0623214;-0,0846944;-0,0399485;neg
NJN;deit_base;HSV;nao;91,7105;83,8158;-7,89474;-8,47236;-7,31711;neg;0,890173;0,765233;-0,12494;-0,140702;-0,109177;neg;0,969911;0,89692;-0,0729911;-0,0940085;-0,0519737;neg
NJN;deit_base;LAB;nao;91,7105;83,5526;-8,15789;-11,8384;-4,47738;neg;0,890173;0,757263;-0,13291;-0,188796;-0,0770233;neg;0,969911;0,907902;-0,0620089;-0,103067;-0,0209511;neg
NJN;deit_base;LAB+HSV;nao;91,7105;85,3947;-6,31579;-8,73906;-3,89252;neg;0,890173;0,774475;-0,115697;-0,163808;-0,0675864;neg;0,969911;0,904241;-0,0656696;-0,0916459;-0,0396933;neg
NJN;deit_base;LAB+YCrCb;nao;91,7105;82,7632;-8,94737;-10,6413;-7,25344;neg;0,890173;0,765134;-0,125039;-0,142548;-0,107529;neg;0,969911;0,890893;-0,0790179;-0,104797;-0,0532385;neg
NJN;deit_base;LAB+YCrCb+HSV;nao;91,7105;85,9211;-5,78947;-7,13175;-4,4472;neg;0,890173;0,781313;-0,108859;-0,144575;-0,073144;neg;0,969911;0,913638;-0,0562723;-0,0822931;-0,0302516;neg
NJN;deit_base;RGB+HSV;sim;91,7105;91,9737;0,263158;-1,43077;1,95709;nulo;0,890173;0,89049;0,000317602;-0,0248512;0,0254864;nulo;0,969911;0,972545;0,00263393;-0,0106803;0,0159481;nulo
NJN;deit_base;RGB+LAB;sim;91,7105;91,5789;-0,131579;-2,54104;2,27788;nulo;0,890173;0,883372;-0,00680098;-0,0467165;0,0331146;nulo;0,969911;0,971295;0,00138393;-0,0117151;0,0144829;nulo
NJN;deit_base;RGB+LAB+HSV;sim;91,7105;91,7105;-5,68434e-15;-3,26754;3,26754;nulo;0,890173;0,887603;-0,00256947;-0,0525319;0,047393;nulo;0,969911;0,970893;0,000982143;-0,0206011;0,0225654;nulo
NJN;deit_base;RGB+LAB+YCrCb;sim;91,7105;92,5;0,789474;-2,06378;3,64273;nulo;0,890173;0,898945;0,00877191;-0,0290882;0,0466321;nulo;0,969911;0,970402;0,000491071;-0,0213986;0,0223807;nulo
NJN;deit_base;RGB+LAB+YCrCb+HSV;sim;91,7105;91,9737;0,263158;-1,86702;2,39333;nulo;0,890173;0,893008;0,0028358;-0,0261546;0,0318262;nulo;0,969911;0,970268;0,000357143;-0,00450141;0,0052157;nulo
NJN;deit_base;RGB+YCrCb;sim;91,7105;92,1053;0,394737;-0,335907;1,12538;nulo;0,890173;0,891619;0,00144665;-0,00990601;0,0127993;nulo;0,969911;0,973036;0,003125;-0,00771075;0,0139607;nulo
NJN;deit_base;RGB+YCrCb+HSV;sim;91,7105;91,0526;-0,657895;-4,3565;3,04071;nulo;0,890173;0,875897;-0,0142753;-0,0687095;0,040159;nulo;0,969911;0,96942;-0,000491071;-0,0243712;0,023389;nulo
NJN;deit_base;YCrCb;nao;91,7105;85,3947;-6,31579;-8,52289;-4,10869;neg;0,890173;0,787862;-0,102311;-0,141462;-0,0631599;neg;0,969911;0,917522;-0,0523884;-0,0841887;-0,0205881;neg
NJN;deit_base;YCrCb+HSV;nao;91,7105;84,4737;-7,23684;-9,39811;-5,07557;neg;0,890173;0,761078;-0,129095;-0,157245;-0,100945;neg;0,969911;0,913929;-0,0559821;-0,0759878;-0,0359765;neg
NJN;deit_small;HSV;nao;90,5263;86,9737;-3,55263;-5,9759;-1,12936;neg;0,875275;0,821965;-0,0533096;-0,0947977;-0,0118215;neg;0,952411;0,930268;-0,0221429;-0,0342863;-0,00999939;neg
NJN;deit_small;LAB;nao;90,5263;90,1316;-0,394737;-8,49385;7,70437;nulo;0,875275;0,875334;5,91766e-05;-0,0963676;0,096486;nulo;0,952411;0,943259;-0,00915179;-0,0478661;0,0295625;nulo
NJN;deit_small;LAB+HSV;nao;90,5263;88,4211;-2,10526;-6,08207;1,87155;nulo;0,875275;0,849959;-0,0253156;-0,0750998;0,0244686;nulo;0,952411;0,930312;-0,0220982;-0,0359186;-0,00827782;neg
NJN;deit_small;LAB+YCrCb;nao;90,5263;86,0526;-4,47368;-9,1091;0,161729;nulo;0,875275;0,814081;-0,0611937;-0,114675;-0,00771219;neg;0,952411;0,912813;-0,0395982;-0,0839886;0,0047922;nulo
NJN;deit_small;LAB+YCrCb+HSV;nao;90,5263;88,0263;-2,5;-6,47681;1,47681;nulo;0,875275;0,840025;-0,0352496;-0,0931691;0,0226699;nulo;0,952411;0,929866;-0,0225446;-0,0520153;0,00692604;nulo
NJN;deit_small;RGB+HSV;sim;90,5263;91,0526;0,526316;-1,81288;2,86552;nulo;0,875275;0,885897;0,0106218;-0,02194;0,0431836;nulo;0,952411;0,96308;0,0106696;-0,00429992;0,0256392;nulo
NJN;deit_small;RGB+LAB;sim;90,5263;90,7895;0,263158;-1,10375;1,63007;nulo;0,875275;0,880569;0,00529372;-0,0129888;0,0235763;nulo;0,952411;0,961339;0,00892857;-0,0139591;0,0318163;nulo
NJN;deit_small;RGB+LAB+HSV;sim;90,5263;91,1842;0,657895;-2,39861;3,7144;nulo;0,875275;0,886412;0,0111374;-0,0303892;0,052664;nulo;0,952411;0,958036;0,005625;-0,0140731;0,0253231;nulo
NJN;deit_small;RGB+LAB+YCrCb;sim;90,5263;91,1842;0,657895;-3,38548;4,70127;nulo;0,875275;0,884301;0,00902624;-0,0480117;0,0660642;nulo;0,952411;0,962098;0,0096875;-0,0140103;0,0333853;nulo
NJN;deit_small;RGB+LAB+YCrCb+HSV;sim;90,5263;90,6579;0,131579;-3,80306;4,06621;nulo;0,875275;0,87576;0,0004848;-0,0545508;0,0555204;nulo;0,952411;0,954241;0,00183036;-0,0169463;0,020607;nulo
NJN;deit_small;RGB+YCrCb;sim;90,5263;90,1316;-0,394737;-1,87868;1,08921;nulo;0,875275;0,87264;-0,00263487;-0,023085;0,0178152;nulo;0,952411;0,959464;0,00705357;-0,0130098;0,027117;nulo
NJN;deit_small;RGB+YCrCb+HSV;sim;90,5263;90,9211;0,394737;-2,58437;3,37385;nulo;0,875275;0,881257;0,00598226;-0,0357569;0,0477215;nulo;0,952411;0,95875;0,00633929;-0,0117903;0,0244688;nulo
NJN;deit_small;YCrCb;nao;90,5263;88,4211;-2,10526;-3,67657;-0,533955;neg;0,875275;0,843538;-0,0317374;-0,0541949;-0,00928003;neg;0,952411;0,929509;-0,0229018;-0,0443646;-0,00143901;neg
NJN;deit_small;YCrCb+HSV;nao;90,5263;88,2895;-2,23684;-5,15942;0,685732;nulo;0,875275;0,848006;-0,0272693;-0,0572635;0,00272499;nulo;0,952411;0,920848;-0,0315625;-0,0604923;-0,00263268;neg
NJN;deit_tiny;HSV;nao;89,0789;82,5;-6,57895;-10,1397;-3,01823;neg;0,845408;0,766871;-0,078537;-0,134169;-0,022905;neg;0,928036;0,872679;-0,0553571;-0,112797;0,00208296;nulo
NJN;deit_tiny;LAB;nao;89,0789;87,2368;-1,84211;-6,36826;2,68405;nulo;0,845408;0,821962;-0,0234466;-0,1085;0,0616066;nulo;0,928036;0,909554;-0,0184821;-0,0484763;0,011512;nulo
NJN;deit_tiny;LAB+HSV;nao;89,0789;84,6053;-4,47368;-8,96283;0,0154643;nulo;0,845408;0,772074;-0,0733342;-0,147874;0,00120566;nulo;0,928036;0,889152;-0,0388839;-0,0828404;0,00507253;nulo
NJN;deit_tiny;LAB+YCrCb;nao;89,0789;86,4474;-2,63158;-8,60657;3,34341;nulo;0,845408;0,797348;-0,0480607;-0,168041;0,0719196;nulo;0,928036;0,917768;-0,0102679;-0,0463861;0,0258504;nulo
NJN;deit_tiny;LAB+YCrCb+HSV;nao;89,0789;83,4211;-5,65789;-11,4514;0,135652;nulo;0,845408;0,766653;-0,0787552;-0,16345;0,00593922;nulo;0,928036;0,879018;-0,0490179;-0,108229;0,0101932;nulo
NJN;deit_tiny;RGB+HSV;sim;89,0789;88,0263;-1,05263;-6,70037;4,59511;nulo;0,845408;0,84787;0,00246206;-0,083999;0,0889231;nulo;0,928036;0,940759;0,0127232;-0,0213575;0,046804;nulo
NJN;deit_tiny;RGB+LAB;sim;89,0789;90,6579;1,57895;-2,05596;5,21385;nulo;0,845408;0,880176;0,0347673;-0,0243186;0,0938531;nulo;0,928036;0,962321;0,0342857;0,00770419;0,0608672;pos
NJN;deit_tiny;RGB+LAB+HSV;sim;89,0789;87,6316;-1,44737;-7,99265;5,09791;nulo;0,845408;0,833389;-0,0120192;-0,119764;0,0957262;nulo;0,928036;0,935804;0,00776786;-0,0368335;0,0523692;nulo
NJN;deit_tiny;RGB+LAB+YCrCb;sim;89,0789;88,9474;-0,131579;-4,15012;3,88696;nulo;0,845408;0,861662;0,0162534;-0,0460249;0,0785318;nulo;0,928036;0,950625;0,0225893;-0,0188748;0,0640534;nulo
NJN;deit_tiny;RGB+LAB+YCrCb+HSV;sim;89,0789;87,8947;-1,18421;-7,75493;5,3865;nulo;0,845408;0,839851;-0,00555754;-0,0999356;0,0888205;nulo;0,928036;0,927277;-0,000758929;-0,0779534;0,0764356;nulo
NJN;deit_tiny;RGB+YCrCb;sim;89,0789;88,4211;-0,657895;-8,34269;7,0269;nulo;0,845408;0,840543;-0,00486515;-0,129219;0,119489;nulo;0,928036;0,949821;0,0217857;-0,0172106;0,060782;nulo
NJN;deit_tiny;RGB+YCrCb+HSV;sim;89,0789;87,6316;-1,44737;-4,68413;1,78939;nulo;0,845408;0,835872;-0,00953665;-0,0572169;0,0381435;nulo;0,928036;0,946339;0,0183036;-0,008174;0,0447811;nulo
NJN;deit_tiny;YCrCb;nao;89,0789;82,8947;-6,18421;-10,606;-1,76246;neg;0,845408;0,755703;-0,0897054;-0,17479;-0,0046209;neg;0,928036;0,903616;-0,0244196;-0,0703553;0,021516;nulo
NJN;deit_tiny;YCrCb+HSV;nao;89,0789;83,6842;-5,39474;-11,353;0,56348;nulo;0,845408;0,773473;-0,0719353;-0,150519;0,00664828;nulo;0,928036;0,886384;-0,0416518;-0,0884029;0,00509937;nulo
NJN;densenet121;HSV;nao;88,1579;84,4737;-3,68421;-12,8464;5,47801;nulo;0,818469;0,773121;-0,0453486;-0,220407;0,12971;nulo;0,960759;0,898661;-0,0620982;-0,101943;-0,0222534;neg
NJN;densenet121;LAB;nao;88,1579;84,4737;-3,68421;-11,5323;4,16383;nulo;0,818469;0,781255;-0,0372147;-0,194029;0,1196;nulo;0,960759;0,92683;-0,0339286;-0,0623402;-0,00551692;neg
NJN;densenet121;LAB+HSV;nao;88,1579;86,1842;-1,97368;-7,54409;3,59672;nulo;0,818469;0,799827;-0,0186425;-0,134027;0,096742;nulo;0,960759;0,917946;-0,0428125;-0,066974;-0,018651;neg
NJN;densenet121;LAB+YCrCb;nao;88,1579;84,8684;-3,28947;-6,80303;0,224078;nulo;0,818469;0,803832;-0,014637;-0,100337;0,0710625;nulo;0,960759;0,916741;-0,0440179;-0,0537744;-0,0342613;neg
NJN;densenet121;LAB+YCrCb+HSV;nao;88,1579;83,5526;-4,60526;-12,1144;2,90385;nulo;0,818469;0,75224;-0,0662289;-0,209289;0,0768315;nulo;0,960759;0,901161;-0,0595982;-0,127364;0,0081677;nulo
NJN;densenet121;RGB+HSV;sim;88,1579;89,8684;1,71053;-5,49474;8,9158;nulo;0,818469;0,85553;0,0370609;-0,106559;0,180681;nulo;0,960759;0,962634;0,001875;-0,0182324;0,0219824;nulo
NJN;densenet121;RGB+LAB;sim;88,1579;90,7895;2,63158;-0,424922;5,68808;nulo;0,818469;0,869613;0,0511441;-0,0216911;0,123979;nulo;0,960759;0,969018;0,00825893;-0,00205191;0,0185698;nulo
NJN;densenet121;RGB+LAB+HSV;sim;88,1579;88,5526;0,394737;-4,52695;5,31642;nulo;0,818469;0,837018;0,0185483;-0,0803846;0,117481;nulo;0,960759;0,95817;-0,00258929;-0,0379144;0,0327358;nulo
NJN;densenet121;RGB+LAB+YCrCb;sim;88,1579;91,9737;3,81579;-1,9431;9,57468;nulo;0,818469;0,886392;0,067923;-0,0462041;0,18205;nulo;0,960759;0,969643;0,00888393;-0,0124926;0,0302605;nulo
NJN;densenet121;RGB+LAB+YCrCb+HSV;sim;88,1579;92,5;4,34211;-1,59367;10,2779;nulo;0,818469;0,901646;0,0831766;-0,0299934;0,196347;nulo;0,960759;0,976562;0,0158036;0,000412738;0,0311944;pos
NJN;densenet121;RGB+YCrCb;sim;88,1579;91,8421;3,68421;-2,36294;9,73136;nulo;0,818469;0,890519;0,0720492;-0,0507911;0,19489;nulo;0,960759;0,970491;0,00973214;-0,00857345;0,0280377;nulo
NJN;densenet121;RGB+YCrCb+HSV;sim;88,1579;92,6316;4,47368;-1,01831;9,96567;nulo;0,818469;0,902572;0,0841026;-0,0276914;0,195897;nulo;0,960759;0,968973;0,00821429;-0,00740691;0,0238355;nulo
NJN;densenet121;YCrCb;nao;88,1579;85,7895;-2,36842;-10,5495;5,81267;nulo;0,818469;0,801606;-0,0168633;-0,165139;0,131413;nulo;0,960759;0,914687;-0,0460714;-0,0816209;-0,010522;neg
NJN;densenet121;YCrCb+HSV;nao;88,1579;82,6316;-5,52632;-11,601;0,548359;nulo;0,818469;0,765622;-0,0528473;-0,177576;0,0718817;nulo;0,960759;0,880402;-0,0803571;-0,12126;-0,0394542;neg
NJN;dinov3_vits16;HSV;nao;91,1842;84,7368;-6,44737;-11,754;-1,14076;neg;0,882216;0,775569;-0,106647;-0,209159;-0,00413366;neg;0,95808;0,89;-0,0680804;-0,11321;-0,0229505;neg
NJN;dinov3_vits16;LAB;nao;91,1842;87,2368;-3,94737;-9,08141;1,18667;nulo;0,882216;0,835029;-0,0471866;-0,117104;0,0227308;nulo;0,95808;0,937098;-0,0209821;-0,0437875;0,00182319;nulo
NJN;dinov3_vits16;LAB+HSV;nao;91,1842;81,9737;-9,21053;-11,9807;-6,44034;neg;0,882216;0,711607;-0,170609;-0,223791;-0,117427;neg;0,95808;0,905223;-0,0528571;-0,0705034;-0,0352109;neg
NJN;dinov3_vits16;LAB+YCrCb;nao;91,1842;83,6842;-7,5;-11,6493;-3,35074;neg;0,882216;0,780411;-0,101804;-0,165808;-0,0378008;neg;0,95808;0,884955;-0,073125;-0,0972875;-0,0489625;neg
NJN;dinov3_vits16;LAB+YCrCb+HSV;nao;91,1842;83,0263;-8,15789;-13,2133;-3,10244;neg;0,882216;0,778183;-0,104033;-0,17961;-0,0284561;neg;0,95808;0,884866;-0,0732143;-0,100184;-0,0462445;neg
NJN;dinov3_vits16;RGB+HSV;sim;91,1842;88,8158;-2,36842;-6,55769;1,82085;nulo;0,882216;0,849704;-0,0325116;-0,0899574;0,0249342;nulo;0,95808;0,946562;-0,0115179;-0,0248641;0,00182835;nulo
NJN;dinov3_vits16;RGB+LAB;sim;91,1842;86,3158;-4,86842;-7,73334;-2,0035;neg;0,882216;0,794348;-0,0878673;-0,13906;-0,0366749;neg;0,95808;0,947991;-0,0100893;-0,0242696;0,00409103;nulo
NJN;dinov3_vits16;RGB+LAB+HSV;sim;91,1842;90,3947;-0,789474;-3,58365;2,0047;nulo;0,882216;0,873676;-0,00854006;-0,0494613;0,0323812;nulo;0,95808;0,949062;-0,00901786;-0,0166626;-0,00137314;neg
NJN;dinov3_vits16;RGB+LAB+YCrCb;sim;91,1842;89,8684;-1,31579;-5,31769;2,68611;nulo;0,882216;0,867257;-0,0149591;-0,0730282;0,04311;nulo;0,95808;0,947009;-0,0110714;-0,0301093;0,00796646;nulo
NJN;dinov3_vits16;RGB+LAB+YCrCb+HSV;sim;91,1842;89,8684;-1,31579;-6,18294;3,55136;nulo;0,882216;0,865666;-0,0165501;-0,0837355;0,0506354;nulo;0,95808;0,95375;-0,00433036;-0,0223334;0,0136727;nulo
NJN;dinov3_vits16;RGB+YCrCb;sim;91,1842;89,3421;-1,84211;-4,86568;1,18147;nulo;0,882216;0,859483;-0,0227322;-0,061907;0,0164426;nulo;0,95808;0,938661;-0,0194196;-0,0462216;0,00738233;nulo
NJN;dinov3_vits16;RGB+YCrCb+HSV;sim;91,1842;90,5263;-0,657895;-3,7685;2,45271;nulo;0,882216;0,876687;-0,00552824;-0,0497329;0,0386764;nulo;0,95808;0,94933;-0,00875;-0,0193789;0,0018789;nulo
NJN;dinov3_vits16;YCrCb;nao;91,1842;81,7105;-9,47368;-20,3815;1,43409;nulo;0,882216;0,75184;-0,130375;-0,290595;0,0298441;nulo;0,95808;0,852589;-0,105491;-0,275581;0,0645992;nulo
NJN;dinov3_vits16;YCrCb+HSV;nao;91,1842;82,8947;-8,28947;-17,099;0,520008;nulo;0,882216;0,75329;-0,128926;-0,310969;0,0531173;nulo;0,95808;0,856473;-0,101607;-0,238408;0,0351935;nulo
NJN;efficientnet_b0;HSV;nao;91,1842;87,3684;-3,81579;-6,35996;-1,27162;neg;0,879621;0,822206;-0,0574156;-0,107072;-0,00775936;neg;0,977723;0,912411;-0,0653125;-0,0889722;-0,0416528;neg
NJN;efficientnet_b0;LAB;nao;91,1842;85,3947;-5,78947;-7,25076;-4,32819;neg;0,879621;0,801426;-0,0781957;-0,116967;-0,0394249;neg;0,977723;0,922366;-0,0553571;-0,0786697;-0,0320446;neg
NJN;efficientnet_b0;LAB+HSV;nao;91,1842;85,3947;-5,78947;-9,07737;-2,50158;neg;0,879621;0,786486;-0,0931355;-0,1586;-0,0276708;neg;0,977723;0,907143;-0,0705804;-0,110104;-0,0310568;neg
NJN;efficientnet_b0;LAB+YCrCb;nao;91,1842;83,6842;-7,5;-9,19393;-5,80607;neg;0,879621;0,774933;-0,104689;-0,134277;-0,0751002;neg;0,977723;0,889598;-0,088125;-0,107204;-0,069046;neg
NJN;efficientnet_b0;LAB+YCrCb+HSV;nao;91,1842;86,5789;-4,60526;-9,86767;0,657145;nulo;0,879621;0,811259;-0,0683627;-0,161307;0,0245819;nulo;0,977723;0,912679;-0,0650446;-0,0946691;-0,0354202;neg
NJN;efficientnet_b0;RGB+HSV;sim;91,1842;92,8947;1,71053;-2,823;6,24405;nulo;0,879621;0,90434;0,0247186;-0,0470066;0,0964437;nulo;0,977723;0,97875;0,00102679;-0,00870652;0,0107601;nulo
NJN;efficientnet_b0;RGB+LAB;sim;91,1842;91,3158;0,131579;-4,04972;4,31288;nulo;0,879621;0,884472;0,00485017;-0,059128;0,0688283;nulo;0,977723;0,976562;-0,00116071;-0,0100219;0,00770052;nulo
NJN;efficientnet_b0;RGB+LAB+HSV;sim;91,1842;93,4211;2,23684;-1,83121;6,30489;nulo;0,879621;0,91256;0,032939;-0,0295923;0,0954702;nulo;0,977723;0,979063;0,00133929;-0,00469803;0,00737661;nulo
NJN;efficientnet_b0;RGB+LAB+YCrCb;sim;91,1842;92,7632;1,57895;-0,702486;3,86038;nulo;0,879621;0,901854;0,0222323;-0,018534;0,0629986;nulo;0,977723;0,978661;0,0009375;-0,00315655;0,00503155;nulo
NJN;efficientnet_b0;RGB+LAB+YCrCb+HSV;sim;91,1842;92,5;1,31579;-0,317979;2,94956;nulo;0,879621;0,898511;0,01889;-0,00864838;0,0464284;nulo;0,977723;0,982857;0,00513393;-0,00993486;0,0202027;nulo
NJN;efficientnet_b0;RGB+YCrCb;sim;91,1842;91,9737;0,789474;-4,61062;6,18957;nulo;0,879621;0,891811;0,0121898;-0,0672315;0,0916111;nulo;0,977723;0,975848;-0,001875;-0,0239483;0,0201983;nulo
NJN;efficientnet_b0;RGB+YCrCb+HSV;sim;91,1842;92,6316;1,44737;-1,46377;4,3585;nulo;0,879621;0,90282;0,023199;-0,0196098;0,0660077;nulo;0,977723;0,975938;-0,00178571;-0,0112131;0,0076417;nulo
NJN;efficientnet_b0;YCrCb;nao;91,1842;85,3947;-5,78947;-8,58365;-2,9953;neg;0,879621;0,805963;-0,0736581;-0,12326;-0,0240563;neg;0,977723;0,905938;-0,0717857;-0,0977252;-0,0458463;neg
NJN;efficientnet_b0;YCrCb+HSV;nao;91,1842;86,4474;-4,73684;-11,4083;1,93466;nulo;0,879621;0,811748;-0,0678732;-0,162861;0,0271143;nulo;0,977723;0,924152;-0,0535714;-0,0786285;-0,0285144;neg
NJN;efficientnet_b4;HSV;nao;91,1842;78,9474;-12,2368;-17,3252;-7,1485;neg;0,879128;0,671066;-0,208061;-0,251726;-0,164397;neg;0,96067;0,77183;-0,188839;-0,306439;-0,0712395;neg
NJN;efficientnet_b4;LAB;nao;91,1842;83,4211;-7,76316;-12,6097;-2,91662;neg;0,879128;0,761451;-0,117676;-0,187976;-0,047377;neg;0,96067;0,859241;-0,101429;-0,141507;-0,0613506;neg
NJN;efficientnet_b4;LAB+HSV;nao;91,1842;81,4474;-9,73684;-15,2288;-4,24485;neg;0,879128;0,71386;-0,165268;-0,287111;-0,0434239;neg;0,96067;0,775513;-0,185156;-0,372898;0,00258519;nulo
NJN;efficientnet_b4;LAB+YCrCb;nao;91,1842;83,6842;-7,5;-13,4638;-1,53619;neg;0,879128;0,784729;-0,0943983;-0,177912;-0,0108847;neg;0,96067;0,866161;-0,0945089;-0,171067;-0,0179507;neg
NJN;efficientnet_b4;LAB+YCrCb+HSV;nao;91,1842;81,4474;-9,73684;-12,4707;-7,00302;neg;0,879128;0,721529;-0,157599;-0,196021;-0,119177;neg;0,96067;0,812634;-0,148036;-0,270113;-0,0259581;neg
NJN;efficientnet_b4;RGB+HSV;sim;91,1842;89,3421;-1,84211;-5,81891;2,1347;nulo;0,879128;0,852336;-0,0267919;-0,0980401;0,0444562;nulo;0,96067;0,956205;-0,00446429;-0,0336955;0,0247669;nulo
NJN;efficientnet_b4;RGB+LAB;sim;91,1842;89,3421;-1,84211;-5,07886;1,39465;nulo;0,879128;0,852106;-0,0270213;-0,0681687;0,0141261;nulo;0,96067;0,959196;-0,00147321;-0,0176574;0,014711;nulo
NJN;efficientnet_b4;RGB+LAB+HSV;sim;91,1842;89,0789;-2,10526;-5,23724;1,02672;nulo;0,879128;0,85109;-0,0280378;-0,0804157;0,0243401;nulo;0,96067;0,939308;-0,0213616;-0,0501602;0,00743701;nulo
NJN;efficientnet_b4;RGB+LAB+YCrCb;sim;91,1842;90,9211;-0,263158;-5,15083;4,62451;nulo;0,879128;0,879775;0,000647802;-0,0693654;0,070661;nulo;0,96067;0,953147;-0,00752232;-0,0493484;0,0343038;nulo
NJN;efficientnet_b4;RGB+LAB+YCrCb+HSV;sim;91,1842;89,6053;-1,57895;-5,02539;1,86749;nulo;0,879128;0,85953;-0,019598;-0,0717635;0,0325676;nulo;0,96067;0,953393;-0,00727679;-0,0226853;0,00813176;nulo
NJN;efficientnet_b4;RGB+YCrCb;sim;91,1842;89,0789;-2,10526;-5,12884;0,918312;nulo;0,879128;0,847118;-0,0320092;-0,077915;0,0138965;nulo;0,96067;0,956652;-0,00401786;-0,0240538;0,0160181;nulo
NJN;efficientnet_b4;RGB+YCrCb+HSV;sim;91,1842;89,6053;-1,57895;-6,69997;3,54208;nulo;0,879128;0,855252;-0,0238754;-0,0987509;0,0510001;nulo;0,96067;0,942098;-0,0185714;-0,0661692;0,0290264;nulo
NJN;efficientnet_b4;YCrCb;nao;91,1842;83,5526;-7,63158;-12,2018;-3,06141;neg;0,879128;0,766026;-0,113102;-0,204365;-0,0218385;neg;0,96067;0,887344;-0,0733259;-0,114871;-0,0317812;neg
NJN;efficientnet_b4;YCrCb+HSV;nao;91,1842;83,6842;-7,5;-10,1217;-4,87832;neg;0,879128;0,757687;-0,121441;-0,185484;-0,0573982;neg;0,96067;0,814866;-0,145804;-0,277458;-0,0141488;neg
NJN;inception_v3;HSV;nao;85,1316;83,9474;-1,18421;-3,37614;1,00772;nulo;0,792174;0,766669;-0,0255047;-0,0720856;0,0210762;nulo;0,915938;0,911295;-0,00464286;-0,0476006;0,0383149;nulo
NJN;inception_v3;LAB;nao;85,1316;82,7632;-2,36842;-6,18249;1,44565;nulo;0,792174;0,761336;-0,0308382;-0,0895093;0,0278329;nulo;0,915938;0,863527;-0,0524107;-0,115546;0,0107241;nulo
NJN;inception_v3;LAB+HSV;nao;85,1316;81,5789;-3,55263;-6,35872;-0,746542;neg;0,792174;0,726339;-0,0658348;-0,123546;-0,00812341;neg;0,915938;0,859375;-0,0565625;-0,10193;-0,0111952;neg
NJN;inception_v3;LAB+YCrCb;nao;85,1316;80,6579;-4,47368;-7,71044;-1,23693;neg;0,792174;0,691601;-0,100572;-0,170585;-0,0305592;neg;0,915938;0,84125;-0,0746875;-0,115248;-0,0341265;neg
NJN;inception_v3;LAB+YCrCb+HSV;nao;85,1316;82,5;-2,63158;-6,87623;1,61308;nulo;0,792174;0,74649;-0,0456841;-0,111426;0,020058;nulo;0,915938;0,86558;-0,0503571;-0,103291;0,00257646;nulo
NJN;inception_v3;RGB+HSV;sim;85,1316;84,3421;-0,789474;-4,32197;2,74302;nulo;0,792174;0,762079;-0,0300943;-0,100728;0,0405394;nulo;0,915938;0,913214;-0,00272321;-0,0381123;0,0326659;nulo
NJN;inception_v3;RGB+LAB;sim;85,1316;85;-0,131579;-3,26356;3,0004;nulo;0,792174;0,776233;-0,0159412;-0,0600665;0,0281842;nulo;0,915938;0,917946;0,00200893;-0,0351177;0,0391356;nulo
NJN;inception_v3;RGB+LAB+HSV;sim;85,1316;84,3421;-0,789474;-4,72411;3,14516;nulo;0,792174;0,762637;-0,0295366;-0,107026;0,0479525;nulo;0,915938;0,909598;-0,00633929;-0,0337404;0,0210619;nulo
NJN;inception_v3;RGB+LAB+YCrCb;sim;85,1316;84,3421;-0,789474;-4,8902;3,31125;nulo;0,792174;0,771453;-0,020721;-0,0838836;0,0424415;nulo;0,915938;0,904062;-0,011875;-0,0713126;0,0475626;nulo
NJN;inception_v3;RGB+LAB+YCrCb+HSV;sim;85,1316;84,3421;-0,789474;-4,59479;3,01584;nulo;0,792174;0,770558;-0,0216156;-0,10533;0,0620983;nulo;0,915938;0,900848;-0,0150893;-0,0724925;0,0423139;nulo
NJN;inception_v3;RGB+YCrCb;sim;85,1316;85,2632;0,131579;-2,20762;2,47078;nulo;0,792174;0,790105;-0,00206866;-0,0543209;0,0501836;nulo;0,915938;0,918036;0,00209821;-0,0346142;0,0388106;nulo
NJN;inception_v3;RGB+YCrCb+HSV;sim;85,1316;85,1316;0;-4,69264;4,69264;nulo;0,792174;0,775858;-0,0163158;-0,107778;0,0751467;nulo;0,915938;0,910313;-0,005625;-0,0351955;0,0239455;nulo
NJN;inception_v3;YCrCb;nao;85,1316;79,7368;-5,39474;-8,41831;-2,37116;neg;0,792174;0,677968;-0,114206;-0,196498;-0,0319131;neg;0,915938;0,861295;-0,0546429;-0,0764305;-0,0328552;neg
NJN;inception_v3;YCrCb+HSV;nao;85,1316;84,0789;-1,05263;-3,4759;1,37064;nulo;0,792174;0,777134;-0,0150393;-0,071228;0,0411494;nulo;0,915938;0,881205;-0,0347321;-0,0701869;0,000722637;nulo
NJN;mobilenetv3_large;HSV;nao;93,9474;86,5789;-7,36842;-9,31871;-5,41814;neg;0,919034;0,806258;-0,112776;-0,146111;-0,0794418;neg;0,989375;0,907902;-0,0814732;-0,115206;-0,0477402;neg
NJN;mobilenetv3_large;LAB;nao;93,9474;87,3684;-6,57895;-9,16216;-3,99573;neg;0,919034;0,829045;-0,0899892;-0,122488;-0,0574899;neg;0,989375;0,937009;-0,0523661;-0,0788912;-0,025841;neg
NJN;mobilenetv3_large;LAB+HSV;nao;93,9474;83,6842;-10,2632;-13,5612;-6,96513;neg;0,919034;0,759743;-0,159291;-0,202646;-0,115937;neg;0,989375;0,898527;-0,0908482;-0,106395;-0,0753015;neg
NJN;mobilenetv3_large;LAB+YCrCb;nao;93,9474;86,5789;-7,36842;-9,40245;-5,3344;neg;0,919034;0,808605;-0,110429;-0,146567;-0,0742919;neg;0,989375;0,919063;-0,0703125;-0,0988038;-0,0418212;neg
NJN;mobilenetv3_large;LAB+YCrCb+HSV;nao;93,9474;83,4211;-10,5263;-15,2544;-5,79826;neg;0,919034;0,782897;-0,136137;-0,161504;-0,11077;neg;0,989375;0,880179;-0,109196;-0,149255;-0,0691377;neg
NJN;mobilenetv3_large;RGB+HSV;sim;93,9474;92,2368;-1,71053;-3,76089;0,339837;nulo;0,919034;0,898771;-0,0202634;-0,0471346;0,00660784;nulo;0,989375;0,976562;-0,0128125;-0,0254992;-0,000125785;neg
NJN;mobilenetv3_large;RGB+LAB;sim;93,9474;91,8421;-2,10526;-4,21972;0,00918919;nulo;0,919034;0,885926;-0,0331086;-0,0636533;-0,00256393;neg;0,989375;0,980446;-0,00892857;-0,0174464;-0,000410779;neg
NJN;mobilenetv3_large;RGB+LAB+HSV;sim;93,9474;94,7368;0,789474;-1,47729;3,05624;nulo;0,919034;0,931346;0,0123117;-0,0214576;0,046081;nulo;0,989375;0,986027;-0,00334821;-0,010767;0,00407059;nulo
NJN;mobilenetv3_large;RGB+LAB+YCrCb;sim;93,9474;93,4211;-0,526316;-1,9876;0,934971;nulo;0,919034;0,911935;-0,00709882;-0,0357718;0,0215741;nulo;0,989375;0,986563;-0,0028125;-0,00553937;-8,56343e-05;neg
NJN;mobilenetv3_large;RGB+LAB+YCrCb+HSV;sim;93,9474;93,6842;-0,263158;-2,68643;2,16011;nulo;0,919034;0,917041;-0,00199363;-0,0397662;0,035779;nulo;0,989375;0,984643;-0,00473214;-0,0114511;0,00198685;nulo
NJN;mobilenetv3_large;RGB+YCrCb;sim;93,9474;95,5263;1,57895;-0,628152;3,78605;nulo;0,919034;0,940535;0,0215009;-0,01148;0,0544818;nulo;0,989375;0,989911;0,000535714;-0,00622942;0,00730085;nulo
NJN;mobilenetv3_large;RGB+YCrCb+HSV;sim;93,9474;94,3421;0,394737;-1,39497;2,18444;nulo;0,919034;0,923925;0,0048905;-0,0239314;0,0337123;nulo;0,989375;0,988884;-0,000491071;-0,00458981;0,00360767;nulo
NJN;mobilenetv3_large;YCrCb;nao;93,9474;87,1053;-6,84211;-12,0599;-1,62427;neg;0,919034;0,826831;-0,0922036;-0,169156;-0,0152515;neg;0,989375;0,923973;-0,0654018;-0,111148;-0,0196557;neg
NJN;mobilenetv3_large;YCrCb+HSV;nao;93,9474;84,2105;-9,73684;-14,3361;-5,13756;neg;0,919034;0,769948;-0,149087;-0,215688;-0,0824847;neg;0,989375;0,860357;-0,129018;-0,169013;-0,0890226;neg
NJN;resnet18;HSV;nao;89,2105;85,9211;-3,28947;-6,60767;0,0287257;nulo;0,85211;0,79298;-0,0591298;-0,106488;-0,0117716;neg;0,96567;0,896161;-0,0695089;-0,100395;-0,0386232;neg
NJN;resnet18;LAB;nao;89,2105;85,1316;-4,07895;-8,85615;0,698254;nulo;0,85211;0,77788;-0,0742298;-0,165415;0,016955;nulo;0,96567;0,930268;-0,0354018;-0,0674908;-0,00331278;neg
NJN;resnet18;LAB+HSV;nao;89,2105;85,1316;-4,07895;-9,29039;1,13249;nulo;0,85211;0,781341;-0,0707695;-0,143342;0,00180349;nulo;0,96567;0,912009;-0,0536607;-0,0681931;-0,0391283;neg
NJN;resnet18;LAB+YCrCb;nao;89,2105;81,5789;-7,63158;-9,42128;-5,84188;neg;0,85211;0,728378;-0,123732;-0,16315;-0,0843141;neg;0,96567;0,884375;-0,0812946;-0,101091;-0,0614984;neg
NJN;resnet18;LAB+YCrCb+HSV;nao;89,2105;82,1053;-7,10526;-10,9106;-3,29995;neg;0,85211;0,728893;-0,123217;-0,215757;-0,0306772;neg;0,96567;0,883571;-0,0820982;-0,10627;-0,0579264;neg
NJN;resnet18;RGB+HSV;sim;89,2105;89,6053;0,394737;-3,75452;4,54399;nulo;0,85211;0,858792;0,00668177;-0,0492153;0,0625788;nulo;0,96567;0,96625;0,000580357;-0,0274349;0,0285956;nulo
NJN;resnet18;RGB+LAB;sim;89,2105;90,9211;1,71053;-1,6377;5,05876;nulo;0,85211;0,8842;0,0320896;-0,0178211;0,0820003;nulo;0,96567;0,966429;0,000758929;-0,0207512;0,0222691;nulo
NJN;resnet18;RGB+LAB+HSV;sim;89,2105;86,5789;-2,63158;-5,40177;0,13861;nulo;0,85211;0,801033;-0,0510773;-0,101504;-0,000651018;neg;0,96567;0,961429;-0,00424107;-0,0214683;0,0129862;nulo
NJN;resnet18;RGB+LAB+YCrCb;sim;89,2105;87,3684;-1,84211;-3,70489;0,0206773;nulo;0,85211;0,814344;-0,0377662;-0,0721476;-0,0033848;neg;0,96567;0,962054;-0,00361607;-0,0159229;0,00869077;nulo
NJN;resnet18;RGB+LAB+YCrCb+HSV;sim;89,2105;90;0,789474;-2,0047;3,58365;nulo;0,85211;0,856715;0,00460453;-0,0462492;0,0554582;nulo;0,96567;0,974241;0,00857143;-0,00392464;0,0210675;nulo
NJN;resnet18;RGB+YCrCb;sim;89,2105;90,6579;1,44737;-2,48727;5,382;nulo;0,85211;0,872427;0,0203171;-0,0469783;0,0876125;nulo;0,96567;0,963839;-0,00183036;-0,0222663;0,0186055;nulo
NJN;resnet18;RGB+YCrCb+HSV;sim;89,2105;88,0263;-1,18421;-2,95517;0,586752;nulo;0,85211;0,829102;-0,0230077;-0,0510722;0,0050567;nulo;0,96567;0,962098;-0,00357143;-0,0227664;0,0156236;nulo
NJN;resnet18;YCrCb;nao;89,2105;83,4211;-5,78947;-8,26721;-3,31174;neg;0,85211;0,7697;-0,0824101;-0,111151;-0,0536695;neg;0,96567;0,89692;-0,06875;-0,087303;-0,050197;neg
NJN;resnet18;YCrCb+HSV;nao;89,2105;83,5526;-5,65789;-8,34245;-2,97334;neg;0,85211;0,755036;-0,0970741;-0,16992;-0,0242277;neg;0,96567;0,874018;-0,0916518;-0,100908;-0,0823958;neg
NJN;resnet50;HSV;nao;91,4474;86,8421;-4,60526;-10,2352;1,02472;nulo;0,884849;0,804886;-0,0799639;-0,185385;0,0254571;nulo;0,970491;0,900848;-0,0696429;-0,0978408;-0,0414449;neg
NJN;resnet50;LAB;nao;91,4474;88,8158;-2,63158;-6,54922;1,28606;nulo;0,884849;0,848078;-0,0367712;-0,103618;0,0300751;nulo;0,970491;0,943348;-0,0271429;-0,0392375;-0,0150482;neg
NJN;resnet50;LAB+HSV;nao;91,4474;85,3947;-6,05263;-7,26427;-4,841;neg;0,884849;0,791974;-0,0928759;-0,134847;-0,0509051;neg;0,970491;0,909554;-0,0609375;-0,0733772;-0,0484978;neg
NJN;resnet50;LAB+YCrCb;nao;91,4474;83,0263;-8,42105;-12,8729;-3,96922;neg;0,884849;0,769078;-0,115771;-0,176321;-0,0552219;neg;0,970491;0,869509;-0,100982;-0,125304;-0,0766604;neg
NJN;resnet50;LAB+YCrCb+HSV;nao;91,4474;83,5526;-7,89474;-11,7263;-4,06321;neg;0,884849;0,778621;-0,106228;-0,149418;-0,0630387;neg;0,970491;0,865446;-0,105045;-0,135148;-0,0749418;neg
NJN;resnet50;RGB+HSV;sim;91,4474;91,9737;0,526316;-2,91043;3,96306;nulo;0,884849;0,889423;0,00457339;-0,0533055;0,0624523;nulo;0,970491;0,967768;-0,00272321;-0,0118975;0,00645106;nulo
NJN;resnet50;RGB+LAB;sim;91,4474;88,4211;-3,02632;-6,92688;0,874253;nulo;0,884849;0,829635;-0,0552147;-0,122661;0,012232;nulo;0,970491;0,960402;-0,0100893;-0,0316385;0,0114599;nulo
NJN;resnet50;RGB+LAB+HSV;sim;91,4474;90;-1,44737;-2,78965;-0,105091;neg;0,884849;0,861353;-0,0234966;-0,0429704;-0,00402279;neg;0,970491;0,970313;-0,000178571;-0,0128952;0,0125381;nulo
NJN;resnet50;RGB+LAB+YCrCb;sim;91,4474;90,7895;-0,657895;-2,96839;1,6526;nulo;0,884849;0,876588;-0,0082618;-0,0459089;0,0293853;nulo;0,970491;0,96567;-0,00482143;-0,0200683;0,0104255;nulo
NJN;resnet50;RGB+LAB+YCrCb+HSV;sim;91,4474;91,8421;0,394737;-1,48587;2,27535;nulo;0,884849;0,892876;0,00802637;-0,0172828;0,0333356;nulo;0,970491;0,97183;0,00133929;-0,0101702;0,0128488;nulo
NJN;resnet50;RGB+YCrCb;sim;91,4474;91,3158;-0,131579;-3,04271;2,77956;nulo;0,884849;0,880638;-0,00421145;-0,0569128;0,0484899;nulo;0,970491;0,965446;-0,00504464;-0,0119391;0,00184983;nulo
NJN;resnet50;RGB+YCrCb+HSV;sim;91,4474;90,6579;-0,789474;-2,8235;1,24455;nulo;0,884849;0,871541;-0,0133086;-0,044429;0,0178118;nulo;0,970491;0,970357;-0,000133929;-0,0118035;0,0115357;nulo
NJN;resnet50;YCrCb;nao;91,4474;82,2368;-9,21053;-13,9737;-4,44731;neg;0,884849;0,758006;-0,126843;-0,199695;-0,053991;neg;0,970491;0,874866;-0,095625;-0,129109;-0,0621408;neg
NJN;resnet50;YCrCb+HSV;nao;91,4474;84,3421;-7,10526;-10,4931;-3,71741;neg;0,884849;0,772541;-0,112308;-0,185699;-0,0389177;neg;0,970491;0,884509;-0,0859821;-0,0960277;-0,0759366;neg
NJN;vit_b_16;HSV;nao;91,7105;87,2368;-4,47368;-7,38482;-1,56255;neg;0,886394;0,831382;-0,0550117;-0,0949298;-0,0150936;neg;0,976161;0,918304;-0,0578571;-0,0932771;-0,0224372;neg
NJN;vit_b_16;LAB;nao;91,7105;90;-1,71053;-3,19447;-0,226582;neg;0,886394;0,864444;-0,0219499;-0,0460146;0,00211477;nulo;0,976161;0,938795;-0,0373661;-0,0547416;-0,0199905;neg
NJN;vit_b_16;LAB+HSV;nao;91,7105;86,0526;-5,65789;-9,19982;-2,11597;neg;0,886394;0,804261;-0,0821326;-0,124057;-0,040208;neg;0,976161;0,902143;-0,0740179;-0,0934353;-0,0546004;neg
NJN;vit_b_16;LAB+YCrCb;nao;91,7105;84,6053;-7,10526;-10,2901;-3,92046;neg;0,886394;0,776448;-0,109946;-0,172803;-0,0470895;neg;0,976161;0,891295;-0,0848661;-0,112425;-0,0573071;neg
NJN;vit_b_16;LAB+YCrCb+HSV;nao;91,7105;87,1053;-4,60526;-9,57418;0,36365;nulo;0,886394;0,814328;-0,0720661;-0,156342;0,01221;nulo;0,976161;0,91433;-0,0618304;-0,0887396;-0,0349211;neg
NJN;vit_b_16;RGB+HSV;sim;91,7105;90,5263;-1,18421;-3,37614;1,00772;nulo;0,886394;0,867092;-0,0193023;-0,0566257;0,0180211;nulo;0,976161;0,969509;-0,00665179;-0,0143361;0,00103252;nulo
NJN;vit_b_16;RGB+LAB;sim;91,7105;91,7105;0;-1,82661;1,82661;nulo;0,886394;0,888693;0,0022986;-0,0263917;0,0309889;nulo;0,976161;0,97058;-0,00558036;-0,0131757;0,00201496;nulo
NJN;vit_b_16;RGB+LAB+HSV;sim;91,7105;92,8947;1,18421;-0,0274246;2,39585;nulo;0,886394;0,906171;0,0197773;-0,0041023;0,043657;nulo;0,976161;0,977054;0,000892857;-0,00664663;0,00843235;nulo
NJN;vit_b_16;RGB+LAB+YCrCb;sim;91,7105;92,5;0,789474;-1,07331;2,65226;nulo;0,886394;0,89968;0,0132857;-0,00656633;0,0331377;nulo;0,976161;0,97692;0,000758929;-0,0093935;0,0109114;nulo
NJN;vit_b_16;RGB+LAB+YCrCb+HSV;sim;91,7105;92,2368;0,526316;-1,74045;2,79308;nulo;0,886394;0,893039;0,00664457;-0,0334592;0,0467483;nulo;0,976161;0,981964;0,00580357;-0,00419908;0,0158062;nulo
NJN;vit_b_16;RGB+YCrCb;sim;91,7105;90,6579;-1,05263;-3,4759;1,37064;nulo;0,886394;0,869055;-0,0173389;-0,0578924;0,0232147;nulo;0,976161;0,96942;-0,00674107;-0,0149287;0,00144657;nulo
NJN;vit_b_16;RGB+YCrCb+HSV;sim;91,7105;93,0263;1,31579;0,0241821;2,6074;pos;0,886394;0,907534;0,0211397;-0,00178187;0,0440613;nulo;0,976161;0,977366;0,00120536;-0,00591116;0,00832188;nulo
NJN;vit_b_16;YCrCb;nao;91,7105;87,5;-4,21053;-6,70169;-1,71936;neg;0,886394;0,821105;-0,0652888;-0,102323;-0,0282547;neg;0,976161;0,919196;-0,0569643;-0,0673981;-0,0465305;neg
NJN;vit_b_16;YCrCb+HSV;nao;91,7105;88,5526;-3,15789;-5,89171;-0,424077;neg;0,886394;0,84142;-0,0449743;-0,0908514;0,000902746;nulo;0,976161;0,924598;-0,0515625;-0,0735743;-0,0295507;neg
NJN;vit_b_32;HSV;nao;90,9211;85,9211;-5;-8,63491;-1,36509;neg;0,881243;0,806062;-0,0751806;-0,145276;-0,00508491;neg;0,954286;0,932321;-0,0219643;-0,0372878;-0,00664073;neg
NJN;vit_b_32;LAB;nao;90,9211;86,9737;-3,94737;-5,94832;-1,94642;neg;0,881243;0,832863;-0,0483796;-0,0750212;-0,0217381;neg;0,954286;0,927277;-0,0270089;-0,0567352;0,00271739;nulo
NJN;vit_b_32;LAB+HSV;nao;90,9211;86,1842;-4,73684;-9,54884;0,0751537;nulo;0,881243;0,804954;-0,0762895;-0,144733;-0,00784554;neg;0,954286;0,903571;-0,0507143;-0,10288;0,00145145;nulo
NJN;vit_b_32;LAB+YCrCb;nao;90,9211;86,5789;-4,34211;-8,68774;0,00353447;nulo;0,881243;0,805647;-0,0755956;-0,157669;0,00647799;nulo;0,954286;0,923147;-0,0311384;-0,0566237;-0,00565312;neg
NJN;vit_b_32;LAB+YCrCb+HSV;nao;90,9211;84,7368;-6,18421;-7,55112;-4,8173;neg;0,881243;0,794448;-0,0867951;-0,118894;-0,0546959;neg;0,954286;0,905536;-0,04875;-0,0636078;-0,0338922;neg
NJN;vit_b_32;RGB+HSV;sim;90,9211;92,1053;1,18421;-3,41507;5,78349;nulo;0,881243;0,898422;0,0171785;-0,042955;0,077312;nulo;0,954286;0,968437;0,0141518;-0,0177794;0,046083;nulo
NJN;vit_b_32;RGB+LAB;sim;90,9211;89,4737;-1,44737;-3,56182;0,667084;nulo;0,881243;0,864362;-0,0168808;-0,0387803;0,00501877;nulo;0,954286;0,959777;0,00549107;-0,0125312;0,0235133;nulo
NJN;vit_b_32;RGB+LAB+HSV;sim;90,9211;88,5526;-2,36842;-6,71406;1,97722;nulo;0,881243;0,846953;-0,0342901;-0,0981747;0,0295946;nulo;0,954286;0,948438;-0,00584821;-0,0623521;0,0506556;nulo
NJN;vit_b_32;RGB+LAB+YCrCb;sim;90,9211;90,5263;-0,394737;-4,07525;3,28578;nulo;0,881243;0,873837;-0,00740655;-0,0594304;0,0446173;nulo;0,954286;0,962366;0,00808036;-0,0243105;0,0404712;nulo
NJN;vit_b_32;RGB+LAB+YCrCb+HSV;sim;90,9211;87,7632;-3,15789;-7,49585;1,18006;nulo;0,881243;0,829618;-0,0516249;-0,11689;0,0136406;nulo;0,954286;0,95375;-0,000535714;-0,0370267;0,0359553;nulo
NJN;vit_b_32;RGB+YCrCb;sim;90,9211;90,6579;-0,263158;-4,37201;3,8457;nulo;0,881243;0,878493;-0,00274965;-0,0574766;0,0519773;nulo;0,954286;0,953125;-0,00116071;-0,043483;0,0411616;nulo
NJN;vit_b_32;RGB+YCrCb+HSV;sim;90,9211;89,0789;-1,84211;-5,27885;1,59464;nulo;0,881243;0,854581;-0,0266617;-0,0814743;0,0281508;nulo;0,954286;0,963147;0,00886161;-0,0221056;0,0398288;nulo
NJN;vit_b_32;YCrCb;nao;90,9211;86,5789;-4,34211;-5,2735;-3,41071;neg;0,881243;0,808267;-0,0729759;-0,0845348;-0,0614169;neg;0,954286;0,917054;-0,0372321;-0,085717;0,0112527;nulo
NJN;vit_b_32;YCrCb+HSV;nao;90,9211;85,3947;-5,52632;-10,994;-0,0586809;neg;0,881243;0,797189;-0,0840537;-0,154349;-0,0137584;neg;0,954286;0,897946;-0,0563393;-0,10896;-0,00371824;neg
NJN;vit_l_16;HSV;nao;90,2632;81,9737;-8,28947;-11,97;-4,60896;neg;0,863864;0,740247;-0,123617;-0,203354;-0,0438804;neg;0,963839;0,885982;-0,0778571;-0,12922;-0,0264939;neg
NJN;vit_l_16;LAB;nao;90,2632;86,0526;-4,21053;-6,41763;-2,00343;neg;0,863864;0,817918;-0,0459462;-0,0820068;-0,00988566;neg;0,963839;0,90692;-0,0569196;-0,0962345;-0,0176048;neg
NJN;vit_l_16;LAB+HSV;nao;90,2632;85,6579;-4,60526;-6,84239;-2,36813;neg;0,863864;0,810415;-0,0534489;-0,0773006;-0,0295972;neg;0,963839;0,894152;-0,0696875;-0,103942;-0,0354334;neg
NJN;vit_l_16;LAB+YCrCb;nao;90,2632;80,2632;-10;-13,2368;-6,76324;neg;0,863864;0,744917;-0,118947;-0,154026;-0,0838693;neg;0,963839;0,864509;-0,0993304;-0,138728;-0,0599326;neg
NJN;vit_l_16;LAB+YCrCb+HSV;nao;90,2632;80,6579;-9,60526;-15,8425;-3,36799;neg;0,863864;0,732593;-0,131271;-0,215443;-0,047099;neg;0,963839;0,847634;-0,116205;-0,154458;-0,0779523;neg
NJN;vit_l_16;RGB+HSV;sim;90,2632;89,0789;-1,18421;-6,03075;3,66233;nulo;0,863864;0,847946;-0,0159181;-0,0912565;0,0594203;nulo;0,963839;0,945536;-0,0183036;-0,059113;0,0225059;nulo
NJN;vit_l_16;RGB+LAB;sim;90,2632;88,8158;-1,44737;-3,9251;1,03036;nulo;0,863864;0,839393;-0,0244716;-0,0560379;0,0070947;nulo;0,963839;0,964196;0,000357143;-0,0278698;0,0285841;nulo
NJN;vit_l_16;RGB+LAB+HSV;sim;90,2632;89,2105;-1,05263;-3,25973;1,15447;nulo;0,863864;0,851028;-0,0128365;-0,0490668;0,0233938;nulo;0,963839;0,953661;-0,0101786;-0,0336615;0,0133043;nulo
NJN;vit_l_16;RGB+LAB+YCrCb;sim;90,2632;89,6053;-0,657895;-2,74055;1,42476;nulo;0,863864;0,854242;-0,00962212;-0,0397393;0,0204951;nulo;0,963839;0,957143;-0,00669643;-0,0283227;0,0149298;nulo
NJN;vit_l_16;RGB+LAB+YCrCb+HSV;sim;90,2632;88,6842;-1,57895;-5,76822;2,61032;nulo;0,863864;0,839354;-0,0245102;-0,108476;0,0594557;nulo;0,963839;0,955357;-0,00848214;-0,0353285;0,0183642;nulo
NJN;vit_l_16;RGB+YCrCb;sim;90,2632;88,9474;-1,31579;-6,21709;3,58552;nulo;0,863864;0,842772;-0,0210922;-0,0957671;0,0535828;nulo;0,963839;0,956027;-0,0078125;-0,0429825;0,0273575;nulo
NJN;vit_l_16;RGB+YCrCb+HSV;sim;90,2632;89,6053;-0,657895;-3,54602;2,23023;nulo;0,863864;0,862376;-0,00148797;-0,0393006;0,0363246;nulo;0,963839;0,959821;-0,00401786;-0,0280452;0,0200094;nulo
NJN;vit_l_16;YCrCb;nao;90,2632;81,3158;-8,94737;-11,6319;-6,26281;neg;0,863864;0,744082;-0,119782;-0,170158;-0,069406;neg;0,963839;0,875625;-0,0882143;-0,119975;-0,0564538;neg
NJN;vit_l_16;YCrCb+HSV;nao;90,2632;83,4211;-6,84211;-8,08097;-5,60324;neg;0,863864;0,775951;-0,0879132;-0,112687;-0,0631396;neg;0,963839;0,863616;-0,100223;-0,139419;-0,0610273;neg
NeoJaundice;convnextv2_tiny;HSV;nao;73,8702;71,9911;-1,87919;-4,87481;1,11642;nulo;0,734807;0,718008;-0,0167993;-0,0466861;0,0130876;nulo;0,81848;0,801099;-0,0173803;-0,0272627;-0,00749793;neg
NeoJaundice;convnextv2_tiny;LAB;nao;73,8702;73,6465;-0,223714;-2,41974;1,97231;nulo;0,734807;0,734623;-0,000183639;-0,0204133;0,020046;nulo;0,81848;0,802157;-0,0163221;-0,0334632;0,000818973;nulo
NeoJaundice;convnextv2_tiny;LAB+HSV;nao;73,8702;71,7226;-2,14765;-5,96949;1,67418;nulo;0,734807;0,713591;-0,0212161;-0,0532477;0,0108155;nulo;0,81848;0,787375;-0,0311041;-0,0563386;-0,00586965;neg
NeoJaundice;convnextv2_tiny;LAB+YCrCb;nao;73,8702;73,8255;-0,0447427;-3,29248;3,20299;nulo;0,734807;0,732792;-0,00201557;-0,0288031;0,024772;nulo;0,81848;0,799319;-0,0191604;-0,0411328;0,00281202;nulo
NeoJaundice;convnextv2_tiny;LAB+YCrCb+HSV;nao;73,8702;71,8568;-2,01342;-4,47453;0,447689;nulo;0,734807;0,716554;-0,0182529;-0,0407348;0,00422897;nulo;0,81848;0,789734;-0,0287457;-0,0529652;-0,00452626;neg
NeoJaundice;convnextv2_tiny;RGB+HSV;sim;73,8702;73,4228;-0,447427;-1,42952;0,534663;nulo;0,734807;0,7308;-0,0040074;-0,00973401;0,00171922;nulo;0,81848;0,798999;-0,0194803;-0,0366828;-0,00227792;neg
NeoJaundice;convnextv2_tiny;RGB+LAB;sim;73,8702;73,8702;-2,84217e-15;-0,941988;0,941988;nulo;0,734807;0,733492;-0,00131531;-0,0114508;0,00882022;nulo;0,81848;0,801682;-0,0167979;-0,0390051;0,00540924;nulo
NeoJaundice;convnextv2_tiny;RGB+LAB+HSV;sim;73,8702;73,4676;-0,402685;-1,53784;0,732469;nulo;0,734807;0,727028;-0,00777922;-0,018499;0,00294059;nulo;0,81848;0,808818;-0,00966121;-0,0312713;0,0119489;nulo
NeoJaundice;convnextv2_tiny;RGB+LAB+YCrCb;sim;73,8702;73,9597;0,0894855;-1,43955;1,61852;nulo;0,734807;0,732689;-0,00211778;-0,0159894;0,0117538;nulo;0,81848;0,812378;-0,00610106;-0,0300357;0,0178336;nulo
NeoJaundice;convnextv2_tiny;RGB+LAB+YCrCb+HSV;sim;73,8702;73,3781;-0,49217;-3,77535;2,79101;nulo;0,734807;0,72879;-0,00601671;-0,0380175;0,0259841;nulo;0,81848;0,800258;-0,0182212;-0,0479818;0,0115394;nulo
NeoJaundice;convnextv2_tiny;RGB+YCrCb;sim;73,8702;73,4676;-0,402685;-1,00489;0,199522;nulo;0,734807;0,727883;-0,00692396;-0,0123873;-0,00146064;neg;0,81848;0,803088;-0,0153911;-0,0376651;0,0068829;nulo
NeoJaundice;convnextv2_tiny;RGB+YCrCb+HSV;sim;73,8702;73,1544;-0,715884;-1,81653;0,384759;nulo;0,734807;0,724837;-0,00997034;-0,0191335;-0,000807232;neg;0,81848;0,807727;-0,0107522;-0,0323016;0,0107971;nulo
NeoJaundice;convnextv2_tiny;YCrCb;nao;73,8702;71,4541;-2,41611;-7,24895;2,41674;nulo;0,734807;0,71332;-0,0214867;-0,0682969;0,0253235;nulo;0,81848;0,786268;-0,0322116;-0,0650367;0,00061356;nulo
NeoJaundice;convnextv2_tiny;YCrCb+HSV;nao;73,8702;72,3937;-1,47651;-3,53281;0,579792;nulo;0,734807;0,719523;-0,0152836;-0,0354519;0,0048846;nulo;0,81848;0,790599;-0,0278803;-0,0539879;-0,00177269;neg
NeoJaundice;deit_base;HSV;nao;72,6622;70,2908;-2,37136;-3,36517;-1,37756;neg;0,721433;0,698783;-0,0226498;-0,0333611;-0,0119386;neg;0,801329;0,770986;-0,0303433;-0,0477279;-0,0129587;neg
NeoJaundice;deit_base;LAB;nao;72,6622;74,5861;1,92394;-0,678881;4,52676;nulo;0,721433;0,736855;0,0154216;-0,0110213;0,0418645;nulo;0,801329;0,801731;0,000401952;-0,0256387;0,0264426;nulo
NeoJaundice;deit_base;LAB+HSV;nao;72,6622;72,528;-0,134228;-1,55877;1,29031;nulo;0,721433;0,721038;-0,000395517;-0,00710836;0,00631733;nulo;0,801329;0,787086;-0,0142426;-0,027192;-0,0012933;neg
NeoJaundice;deit_base;LAB+YCrCb;nao;72,6622;73,3781;0,715884;-1,76397;3,19574;nulo;0,721433;0,724414;0,00298035;-0,0241352;0,0300959;nulo;0,801329;0,794984;-0,0063451;-0,0224204;0,00973016;nulo
NeoJaundice;deit_base;LAB+YCrCb+HSV;nao;72,6622;73,8702;1,20805;-0,442326;2,85843;nulo;0,721433;0,734486;0,0130527;-0,00404235;0,0301477;nulo;0,801329;0,806185;0,00485624;-0,00197365;0,0116861;nulo
NeoJaundice;deit_base;RGB+HSV;sim;72,6622;75,2573;2,59508;-0,308989;5,49915;nulo;0,721433;0,748729;0,0272962;0,000184179;0,0544083;pos;0,801329;0,813424;0,0120955;-0,00896648;0,0331574;nulo
NeoJaundice;deit_base;RGB+LAB;sim;72,6622;74,9441;2,28188;-0,42128;4,98504;nulo;0,721433;0,744187;0,0227536;-0,00519892;0,0507062;nulo;0,801329;0,816172;0,0148435;-0,00876941;0,0384565;nulo
NeoJaundice;deit_base;RGB+LAB+HSV;sim;72,6622;73,3333;0,671141;-0,0370547;1,37934;nulo;0,721433;0,726974;0,00554128;-0,0111544;0,022237;nulo;0,801329;0,796887;-0,00444198;-0,0269785;0,0180945;nulo
NeoJaundice;deit_base;RGB+LAB+YCrCb;sim;72,6622;74,2729;1,61074;-0,837801;4,05928;nulo;0,721433;0,737195;0,0157614;-0,00554287;0,0370657;nulo;0,801329;0,811201;0,00987244;0,000772814;0,0189721;pos
NeoJaundice;deit_base;RGB+LAB+YCrCb+HSV;sim;72,6622;74,2282;1,566;-0,521958;3,65395;nulo;0,721433;0,734777;0,0133441;-0,011807;0,0384951;nulo;0,801329;0,805067;0,00373857;-0,0236043;0,0310815;nulo
NeoJaundice;deit_base;RGB+YCrCb;sim;72,6622;74,4966;1,83445;0,633246;3,03566;pos;0,721433;0,742086;0,0206528;0,00910874;0,0321968;pos;0,801329;0,811776;0,0104467;-0,0109919;0,0318852;nulo
NeoJaundice;deit_base;RGB+YCrCb+HSV;sim;72,6622;73,6018;0,939597;-0,636651;2,51585;nulo;0,721433;0,729947;0,00851393;-0,00376541;0,0207933;nulo;0,801329;0,798148;-0,00318076;-0,0193932;0,0130317;nulo
NeoJaundice;deit_base;YCrCb;nao;72,6622;73,0649;0,402685;-0,830221;1,63559;nulo;0,721433;0,722436;0,00100251;-0,0236231;0,0256282;nulo;0,801329;0,795099;-0,00623026;-0,0146752;0,00221472;nulo
NeoJaundice;deit_base;YCrCb+HSV;nao;72,6622;74,5414;1,87919;0,26426;3,49413;pos;0,721433;0,739373;0,0179399;-0,00313755;0,0390173;nulo;0,801329;0,805533;0,00420409;-0,021098;0,0295062;nulo
NeoJaundice;deit_small;HSV;nao;74,4072;69,6197;-4,78747;-7,56941;-2,00554;neg;0,731357;0,690837;-0,0405197;-0,0739108;-0,00712861;neg;0,79201;0,745859;-0,0461507;-0,0679106;-0,0243908;neg
NeoJaundice;deit_small;LAB;nao;74,4072;73,0649;-1,34228;-3,64967;0,965109;nulo;0,731357;0,726338;-0,00501923;-0,0303683;0,0203299;nulo;0,79201;0,778336;-0,0136746;-0,0417276;0,0143785;nulo
NeoJaundice;deit_small;LAB+HSV;nao;74,4072;73,7808;-0,626398;-2,61401;1,36121;nulo;0,731357;0,734501;0,00314432;-0,0224139;0,0287025;nulo;0,79201;0,801534;0,00952381;-0,0175182;0,0365659;nulo
NeoJaundice;deit_small;LAB+YCrCb;nao;74,4072;72,7069;-1,70022;-4,07842;0,677977;nulo;0,731357;0,717914;-0,013443;-0,0474274;0,0205414;nulo;0,79201;0,773885;-0,0181248;-0,0300126;-0,00623694;neg
NeoJaundice;deit_small;LAB+YCrCb+HSV;nao;74,4072;73,1544;-1,2528;-4,52538;2,01979;nulo;0,731357;0,720319;-0,0110384;-0,0549119;0,032835;nulo;0,79201;0,795755;0,00374472;-0,0264633;0,0339528;nulo
NeoJaundice;deit_small;RGB+HSV;sim;74,4072;73,2886;-1,11857;-3,66444;1,4273;nulo;0,731357;0,727359;-0,00399844;-0,0331317;0,0251348;nulo;0,79201;0,793425;0,00141504;-0,0313774;0,0342075;nulo
NeoJaundice;deit_small;RGB+LAB;sim;74,4072;73,0649;-1,34228;-3,03193;0,347371;nulo;0,731357;0,725996;-0,00536085;-0,0150489;0,0043272;nulo;0,79201;0,78368;-0,00833026;-0,0312122;0,0145517;nulo
NeoJaundice;deit_small;RGB+LAB+HSV;sim;74,4072;72,9754;-1,43177;-5,10956;2,24603;nulo;0,731357;0,722868;-0,0084889;-0,0456393;0,0286615;nulo;0,79201;0,795025;0,00301464;-0,0186859;0,0247151;nulo
NeoJaundice;deit_small;RGB+LAB+YCrCb;sim;74,4072;74,1834;-0,223714;-4,48196;4,03453;nulo;0,731357;0,733239;0,00188146;-0,0551027;0,0588656;nulo;0,79201;0,800751;0,00874041;-0,0394587;0,0569395;nulo
NeoJaundice;deit_small;RGB+LAB+YCrCb+HSV;sim;74,4072;70,962;-3,44519;-6,20625;-0,684135;neg;0,731357;0,703943;-0,0274145;-0,0543774;-0,000451569;neg;0,79201;0,769591;-0,0224191;-0,050073;0,00523478;nulo
NeoJaundice;deit_small;RGB+YCrCb;sim;74,4072;73,6018;-0,805369;-5,49726;3,88652;nulo;0,731357;0,729484;-0,00187267;-0,0543049;0,0505596;nulo;0,79201;0,793985;0,0019749;-0,0369982;0,040948;nulo
NeoJaundice;deit_small;RGB+YCrCb+HSV;sim;74,4072;71,6331;-2,77405;-7,40802;1,85992;nulo;0,731357;0,70846;-0,022897;-0,0785377;0,0327437;nulo;0,79201;0,784457;-0,00755301;-0,036961;0,021855;nulo
NeoJaundice;deit_small;YCrCb;nao;74,4072;71,6779;-2,72931;-4,68759;-0,771027;neg;0,731357;0,711661;-0,0196963;-0,0454265;0,00603381;nulo;0,79201;0,778844;-0,013166;-0,0393788;0,0130468;nulo
NeoJaundice;deit_small;YCrCb+HSV;nao;74,4072;72,4385;-1,96868;-4,62142;0,684056;nulo;0,731357;0,71795;-0,013407;-0,0486399;0,0218258;nulo;0,79201;0,783368;-0,00864198;-0,0291806;0,0118966;nulo
NeoJaundice;deit_tiny;HSV;nao;74,9888;70,4251;-4,56376;-7,62939;-1,49813;neg;0,743677;0,694794;-0,0488838;-0,0915887;-0,00617888;neg;0,829025;0,777815;-0,05121;-0,0820225;-0,0203974;neg
NeoJaundice;deit_tiny;LAB;nao;74,9888;73,7808;-1,20805;-4,16478;1,74868;nulo;0,743677;0,727385;-0,0162927;-0,0514134;0,0188281;nulo;0,829025;0,81584;-0,0131844;-0,0409078;0,0145389;nulo
NeoJaundice;deit_tiny;LAB+HSV;nao;74,9888;73,1096;-1,87919;-5,4935;1,73511;nulo;0,743677;0,724679;-0,018998;-0,0498312;0,0118353;nulo;0,829025;0,805802;-0,023223;-0,0291936;-0,0172524;neg
NeoJaundice;deit_tiny;LAB+YCrCb;nao;74,9888;72,9306;-2,05817;-4,14057;0,0242372;nulo;0,743677;0,722728;-0,0209497;-0,0469111;0,0050117;nulo;0,829025;0,798614;-0,030411;-0,0525064;-0,00831556;neg
NeoJaundice;deit_tiny;LAB+YCrCb+HSV;nao;74,9888;73,5123;-1,47651;-6,22154;3,26852;nulo;0,743677;0,727333;-0,0163444;-0,0602804;0,0275916;nulo;0,829025;0,813992;-0,0150322;-0,0450951;0,0150308;nulo
NeoJaundice;deit_tiny;RGB+HSV;sim;74,9888;73,9597;-1,02908;-4,15083;2,09267;nulo;0,743677;0,732591;-0,0110862;-0,0547876;0,0326153;nulo;0,829025;0,816972;-0,0120524;-0,0363189;0,012214;nulo
NeoJaundice;deit_tiny;RGB+LAB;sim;74,9888;73,7808;-1,20805;-3,77355;1,35744;nulo;0,743677;0,728568;-0,015109;-0,0456324;0,0154145;nulo;0,829025;0,813359;-0,0156659;-0,0263382;-0,00499357;neg
NeoJaundice;deit_tiny;RGB+LAB+HSV;sim;74,9888;75,123;0,134228;-2,1948;2,46325;nulo;0,743677;0,744764;0,00108652;-0,0259514;0,0281244;nulo;0,829025;0,828781;-0,000244042;-0,0173268;0,0168387;nulo
NeoJaundice;deit_tiny;RGB+LAB+YCrCb;sim;74,9888;74,9888;-2,84217e-15;-4,63563;4,63563;nulo;0,743677;0,741253;-0,0024245;-0,0565395;0,0516905;nulo;0,829025;0,829806;0,000781346;-0,0337983;0,035361;nulo
NeoJaundice;deit_tiny;RGB+LAB+YCrCb+HSV;sim;74,9888;73,736;-1,2528;-2,63612;0,130523;nulo;0,743677;0,72987;-0,0138071;-0,0287734;0,0011592;nulo;0,829025;0,808987;-0,0200381;-0,04937;0,00929366;nulo
NeoJaundice;deit_tiny;RGB+YCrCb;sim;74,9888;74,8546;-0,134228;-3,66211;3,39365;nulo;0,743677;0,74257;-0,00110782;-0,0315042;0,0292885;nulo;0,829025;0,826;-0,0030249;-0,0175783;0,0115285;nulo
NeoJaundice;deit_tiny;RGB+YCrCb+HSV;sim;74,9888;74,2282;-0,760626;-2,65074;1,12948;nulo;0,743677;0,738795;-0,00488229;-0,0197026;0,00993798;nulo;0,829025;0,817333;-0,0116915;-0,0518684;0,0284855;nulo
NeoJaundice;deit_tiny;YCrCb;nao;74,9888;74,1387;-0,850112;-4,65576;2,95554;nulo;0,743677;0,732567;-0,0111102;-0,059911;0,0376907;nulo;0,829025;0,804795;-0,0242299;-0,0531872;0,00472729;nulo
NeoJaundice;deit_tiny;YCrCb+HSV;nao;74,9888;74,4072;-0,581655;-2,17252;1,00921;nulo;0,743677;0,741193;-0,00248475;-0,0195159;0,0145464;nulo;0,829025;0,818896;-0,0101288;-0,0206148;0,000357183;nulo
NeoJaundice;densenet121;HSV;nao;76,3758;70,962;-5,41387;-6,8083;-4,01944;neg;0,755964;0,707268;-0,0486962;-0,0643419;-0,0330504;neg;0,838481;0,801083;-0,037398;-0,0545048;-0,0202911;neg
NeoJaundice;densenet121;LAB;nao;76,3758;72,6174;-3,75839;-7,12855;-0,38823;neg;0,755964;0,724227;-0,0317372;-0,0669954;0,00352103;nulo;0,838481;0,815615;-0,0228662;-0,0565818;0,0108495;nulo
NeoJaundice;densenet121;LAB+HSV;nao;76,3758;68,9485;-7,42729;-9,14413;-5,71046;neg;0,755964;0,686627;-0,0693378;-0,0891118;-0,0495638;neg;0,838481;0,756712;-0,0817686;-0,0957929;-0,0677443;neg
NeoJaundice;densenet121;LAB+YCrCb;nao;76,3758;66,7114;-9,66443;-16,0816;-3,24724;neg;0,755964;0,663342;-0,0926226;-0,160012;-0,0252331;neg;0,838481;0,73497;-0,103511;-0,174077;-0,0329452;neg
NeoJaundice;densenet121;LAB+YCrCb+HSV;nao;76,3758;66,7114;-9,66443;-13,4088;-5,9201;neg;0,755964;0,660638;-0,0953267;-0,13044;-0,0602137;neg;0,838481;0,731168;-0,107313;-0,128844;-0,085782;neg
NeoJaundice;densenet121;RGB+HSV;sim;76,3758;76,3758;2,84217e-15;-2,24811;2,24811;nulo;0,755964;0,759663;0,00369827;-0,0211215;0,0285181;nulo;0,838481;0,841881;0,00340019;-0,0195191;0,0263195;nulo
NeoJaundice;densenet121;RGB+LAB;sim;76,3758;76,5548;0,178971;-1,45732;1,81526;nulo;0,755964;0,760854;0,00489;-0,0149628;0,0247428;nulo;0,838481;0,843567;0,00508593;-0,0156041;0,025776;nulo
NeoJaundice;densenet121;RGB+LAB+HSV;sim;76,3758;76,7785;0,402685;-2,6045;3,40987;nulo;0,755964;0,762457;0,00649309;-0,0239728;0,0369589;nulo;0,838481;0,835105;-0,00337558;-0,0246646;0,0179135;nulo
NeoJaundice;densenet121;RGB+LAB+YCrCb;sim;76,3758;76,4206;0,0447427;-2,29914;2,38863;nulo;0,755964;0,759633;0,00366842;-0,0215359;0,0288728;nulo;0,838481;0,837193;-0,00128789;-0,0226082;0,0200325;nulo
NeoJaundice;densenet121;RGB+LAB+YCrCb+HSV;sim;76,3758;75,5705;-0,805369;-2,62263;1,0119;nulo;0,755964;0,751211;-0,00475382;-0,0214352;0,0119275;nulo;0,838481;0,832076;-0,00640458;-0,0222477;0,00943858;nulo
NeoJaundice;densenet121;RGB+YCrCb;sim;76,3758;76,7785;0,402685;-1,2801;2,08547;nulo;0,755964;0,763903;0,00793902;-0,0108699;0,026748;nulo;0,838481;0,844268;0,00578729;-0,014437;0,0260116;nulo
NeoJaundice;densenet121;RGB+YCrCb+HSV;sim;76,3758;76,8233;0,447427;-2,82162;3,71648;nulo;0,755964;0,76361;0,00764572;-0,026698;0,0419894;nulo;0,838481;0,836906;-0,001575;-0,017022;0,013872;nulo
NeoJaundice;densenet121;YCrCb;nao;76,3758;72,5727;-3,80313;-7,11323;-0,493035;neg;0,755964;0,722949;-0,0330155;-0,0666446;0,000613479;nulo;0,838481;0,804856;-0,0336245;-0,0767379;0,00948877;nulo
NeoJaundice;densenet121;YCrCb+HSV;nao;76,3758;72,4832;-3,89262;-6,51758;-1,26766;neg;0,755964;0,721704;-0,0342599;-0,0617139;-0,006806;neg;0,838481;0,797207;-0,0412739;-0,0660384;-0,0165095;neg
NeoJaundice;dinov3_vits16;HSV;nao;72,8859;71,0962;-1,78971;-4,70967;1,13026;nulo;0,713265;0,692606;-0,0206594;-0,0558342;0,0145153;nulo;0,797045;0,790445;-0,0065994;-0,0404599;0,0272611;nulo
NeoJaundice;dinov3_vits16;LAB;nao;72,8859;71,8568;-1,02908;-3,79014;1,73197;nulo;0,713265;0,71106;-0,00220599;-0,0344405;0,0300285;nulo;0,797045;0,781826;-0,0152188;-0,0502588;0,0198212;nulo
NeoJaundice;dinov3_vits16;LAB+HSV;nao;72,8859;69,7987;-3,08725;-7,47226;1,29776;nulo;0,713265;0,695629;-0,0176367;-0,0597404;0,024467;nulo;0,797045;0,772835;-0,0242094;-0,0429184;-0,00550047;neg
NeoJaundice;dinov3_vits16;LAB+YCrCb;nao;72,8859;71,7673;-1,11857;-3,41758;1,18045;nulo;0,713265;0,714234;0,000968225;-0,0219783;0,0239148;nulo;0,797045;0,795218;-0,00182724;-0,0315162;0,0278617;nulo
NeoJaundice;dinov3_vits16;LAB+YCrCb+HSV;nao;72,8859;70,5593;-2,32662;-5,13616;0,482913;nulo;0,713265;0,702075;-0,0111901;-0,0402722;0,0178919;nulo;0,797045;0,76058;-0,0364649;-0,0530788;-0,0198509;neg
NeoJaundice;dinov3_vits16;RGB+HSV;sim;72,8859;74,094;1,20805;-1,794;4,2101;nulo;0,713265;0,726894;0,0136286;-0,0269449;0,054202;nulo;0,797045;0,80687;0,00982527;-0,0173758;0,0370264;nulo
NeoJaundice;dinov3_vits16;RGB+LAB;sim;72,8859;72,9754;0,0894855;-3,01988;3,19885;nulo;0,713265;0,725159;0,0118931;-0,0291778;0,0529641;nulo;0,797045;0,797685;0,000639843;-0,0199118;0,0211915;nulo
NeoJaundice;dinov3_vits16;RGB+LAB+HSV;sim;72,8859;74,1834;1,29754;-1,28145;3,87653;nulo;0,713265;0,736956;0,0236904;-0,0115253;0,0589061;nulo;0,797045;0,803981;0,00693573;-0,0218306;0,035702;nulo
NeoJaundice;dinov3_vits16;RGB+LAB+YCrCb;sim;72,8859;72,4385;-0,447427;-2,39187;1,49701;nulo;0,713265;0,719724;0,00645804;-0,0164282;0,0293443;nulo;0,797045;0,799473;0,00242812;-0,0260053;0,0308615;nulo
NeoJaundice;dinov3_vits16;RGB+LAB+YCrCb+HSV;sim;72,8859;75,302;2,41611;-0,222045;5,05426;nulo;0,713265;0,746716;0,0334503;0,00224129;0,0646593;pos;0,797045;0,811706;0,014661;-0,0137946;0,0431166;nulo
NeoJaundice;dinov3_vits16;RGB+YCrCb;sim;72,8859;73,9597;1,07383;-1,99684;4,14449;nulo;0,713265;0,736284;0,023018;-0,01047;0,0565061;nulo;0,797045;0,807418;0,0103728;-0,0150554;0,035801;nulo
NeoJaundice;dinov3_vits16;RGB+YCrCb+HSV;sim;72,8859;74,2282;1,34228;-1,8612;4,54576;nulo;0,713265;0,734785;0,0215195;-0,0203396;0,0633786;nulo;0,797045;0,808314;0,011269;-0,0165065;0,0390446;nulo
NeoJaundice;dinov3_vits16;YCrCb;nao;72,8859;71,7673;-1,11857;-5,51939;3,28225;nulo;0,713265;0,713769;0,000503342;-0,0505777;0,0515844;nulo;0,797045;0,778436;-0,0186088;-0,0554373;0,0182198;nulo
NeoJaundice;dinov3_vits16;YCrCb+HSV;nao;72,8859;73,7808;0,894855;-1,12739;2,9171;nulo;0,713265;0,734469;0,0212034;-5,73871e-05;0,0424641;nulo;0,797045;0,801183;0,00413847;-0,0163288;0,0246057;nulo
NeoJaundice;efficientnet_b0;HSV;nao;71,4094;61,387;-10,0224;-13,9723;-6,07246;neg;0,712622;0,610288;-0,102334;-0,141353;-0,0633146;neg;0,79733;0,657346;-0,139984;-0,195368;-0,0845995;neg
NeoJaundice;efficientnet_b0;LAB;nao;71,4094;70,6488;-0,760626;-2,75018;1,22893;nulo;0,712622;0,705172;-0,0074497;-0,0269781;0,0120787;nulo;0,79733;0,786274;-0,0110557;-0,0301902;0,00807876;nulo
NeoJaundice;efficientnet_b0;LAB+HSV;nao;71,4094;62,4609;-8,94855;-13,1795;-4,71757;neg;0,712622;0,619581;-0,0930414;-0,133795;-0,0522883;neg;0,79733;0,671051;-0,126279;-0,171724;-0,0808331;neg
NeoJaundice;efficientnet_b0;LAB+YCrCb;nao;71,4094;58,7025;-12,7069;-16,5529;-8,86095;neg;0,712622;0,583967;-0,128655;-0,167515;-0,0897949;neg;0,79733;0,62892;-0,16841;-0,195829;-0,140991;neg
NeoJaundice;efficientnet_b0;LAB+YCrCb+HSV;nao;71,4094;64,0268;-7,38255;-9,68994;-5,07516;neg;0,712622;0,638926;-0,0736963;-0,0946791;-0,0527136;neg;0,79733;0,70865;-0,0886797;-0,102779;-0,0745809;neg
NeoJaundice;efficientnet_b0;RGB+HSV;sim;71,4094;71,5884;0,178971;-1,56019;1,91813;nulo;0,712622;0,713555;0,000933022;-0,0138568;0,0157228;nulo;0,79733;0,798372;0,00104179;-0,0165602;0,0186438;nulo
NeoJaundice;efficientnet_b0;RGB+LAB;sim;71,4094;71,0515;-0,357942;-2,14308;1,4272;nulo;0,712622;0,706584;-0,00603769;-0,025843;0,0137676;nulo;0,79733;0,791889;-0,00544071;-0,023242;0,0123605;nulo
NeoJaundice;efficientnet_b0;RGB+LAB+HSV;sim;71,4094;72,2148;0,805369;-1,1647;2,77543;nulo;0,712622;0,719668;0,00704567;-0,0114653;0,0255566;nulo;0,79733;0,805925;0,00859481;-0,00747984;0,0246695;nulo
NeoJaundice;efficientnet_b0;RGB+LAB+YCrCb;sim;71,4094;72,1253;0,715884;-1,81021;3,24198;nulo;0,712622;0,718485;0,00586324;-0,0176533;0,0293797;nulo;0,79733;0,804257;0,00692753;-0,00346152;0,0173166;nulo
NeoJaundice;efficientnet_b0;RGB+LAB+YCrCb+HSV;sim;71,4094;71,1409;-0,268456;-2,19696;1,66005;nulo;0,712622;0,709979;-0,00264331;-0,0205681;0,0152815;nulo;0,79733;0,798696;0,00136582;-0,0177665;0,0204982;nulo
NeoJaundice;efficientnet_b0;RGB+YCrCb;sim;71,4094;71,0962;-0,313199;-1,86726;1,24086;nulo;0,712622;0,705736;-0,00688579;-0,0266926;0,012921;nulo;0,79733;0,783823;-0,0135064;-0,0345198;0,00750701;nulo
NeoJaundice;efficientnet_b0;RGB+YCrCb+HSV;sim;71,4094;73,2886;1,87919;-0,129655;3,88804;nulo;0,712622;0,729693;0,0170707;-0,00352415;0,0376656;nulo;0,79733;0,806251;0,00892088;-0,00838242;0,0262242;nulo
NeoJaundice;efficientnet_b0;YCrCb;nao;71,4094;67,472;-3,93736;-5,32068;-2,55404;neg;0,712622;0,669806;-0,0428158;-0,0517067;-0,0339249;neg;0,79733;0,733875;-0,0634551;-0,0871341;-0,0397762;neg
NeoJaundice;efficientnet_b0;YCrCb+HSV;nao;71,4094;68,4564;-2,95302;-6,85873;0,952689;nulo;0,712622;0,683376;-0,0292461;-0,0671152;0,0086229;nulo;0,79733;0,769847;-0,0274825;-0,0742025;0,0192376;nulo
NeoJaundice;efficientnet_b4;HSV;nao;74,0045;69,396;-4,6085;-8,65586;-0,561144;neg;0,73589;0,689957;-0,0459325;-0,0836204;-0,00824469;neg;0,810611;0,762922;-0,0476888;-0,0656136;-0,0297639;neg
NeoJaundice;efficientnet_b4;LAB;nao;74,0045;74,4072;0,402685;-3,09665;3,90202;nulo;0,73589;0,739415;0,0035257;-0,037537;0,0445884;nulo;0,810611;0,817134;0,00652352;-0,0218601;0,0349071;nulo
NeoJaundice;efficientnet_b4;LAB+HSV;nao;74,0045;72,9306;-1,07383;-4,9894;2,84175;nulo;0,73589;0,723461;-0,0124291;-0,0477521;0,0228939;nulo;0,810611;0,794943;-0,0156679;-0,042807;0,0114711;nulo
NeoJaundice;efficientnet_b4;LAB+YCrCb;nao;74,0045;71,5436;-2,46085;-6,30483;1,38313;nulo;0,73589;0,710867;-0,0250226;-0,0669279;0,0168827;nulo;0,810611;0,790468;-0,0201427;-0,0503974;0,0101119;nulo
NeoJaundice;efficientnet_b4;LAB+YCrCb+HSV;nao;74,0045;71,8121;-2,19239;-7,19007;2,80528;nulo;0,73589;0,713175;-0,0227152;-0,0747514;0,0293211;nulo;0,810611;0,783028;-0,027583;-0,0792849;0,024119;nulo
NeoJaundice;efficientnet_b4;RGB+HSV;sim;74,0045;74,0045;2,84217e-15;-4,04926;4,04926;nulo;0,73589;0,734287;-0,00160242;-0,0430523;0,0398474;nulo;0,810611;0,801766;-0,008845;-0,0269642;0,00927416;nulo
NeoJaundice;efficientnet_b4;RGB+LAB;sim;74,0045;73,8255;-0,178971;-4,1191;3,76116;nulo;0,73589;0,736652;0,000762298;-0,0395716;0,0410962;nulo;0,810611;0,80258;-0,00803084;-0,0370211;0,0209594;nulo
NeoJaundice;efficientnet_b4;RGB+LAB+HSV;sim;74,0045;72,6622;-1,34228;-3,18485;0,500283;nulo;0,73589;0,71438;-0,0215096;-0,0426674;-0,000351834;neg;0,810611;0,813531;0,00292031;-0,0311781;0,0370187;nulo
NeoJaundice;efficientnet_b4;RGB+LAB+YCrCb;sim;74,0045;73,915;-0,0894855;-2,93992;2,76095;nulo;0,73589;0,736377;0,000487089;-0,02689;0,0278641;nulo;0,810611;0,806673;-0,00393749;-0,0353422;0,0274672;nulo
NeoJaundice;efficientnet_b4;RGB+LAB+YCrCb+HSV;sim;74,0045;73,3781;-0,626398;-3,72831;2,47552;nulo;0,73589;0,722455;-0,0134343;-0,0488982;0,0220297;nulo;0,810611;0,802621;-0,00798983;-0,0507486;0,0347689;nulo
NeoJaundice;efficientnet_b4;RGB+YCrCb;sim;74,0045;74,5414;0,536913;-3,6968;4,77062;nulo;0,73589;0,739766;0,00387633;-0,04011;0,0478627;nulo;0,810611;0,809831;-0,000779295;-0,0238544;0,0222958;nulo
NeoJaundice;efficientnet_b4;RGB+YCrCb+HSV;sim;74,0045;73,7808;-0,223714;-3,39695;2,94952;nulo;0,73589;0,732171;-0,00371898;-0,0350288;0,0275909;nulo;0,810611;0,79969;-0,0109204;-0,0527946;0,0309539;nulo
NeoJaundice;efficientnet_b4;YCrCb;nao;74,0045;73,557;-0,447427;-3,21825;2,32339;nulo;0,73589;0,725056;-0,0108336;-0,0443146;0,0226473;nulo;0,810611;0,799498;-0,0111132;-0,041839;0,0196127;nulo
NeoJaundice;efficientnet_b4;YCrCb+HSV;nao;74,0045;73,3781;-0,626398;-5,87264;4,61984;nulo;0,73589;0,727014;-0,00887596;-0,0658157;0,0480638;nulo;0,810611;0,795743;-0,0148681;-0,0728669;0,0431307;nulo
NeoJaundice;inception_v3;HSV;nao;73,6018;71,0962;-2,50559;-5,81219;0,801006;nulo;0,73105;0,708999;-0,0220502;-0,0504562;0,00635591;nulo;0,800492;0,788032;-0,0124605;-0,0258682;0,000947141;nulo
NeoJaundice;inception_v3;LAB;nao;73,6018;71,3199;-2,28188;-4,26949;-0,294267;neg;0,73105;0,710347;-0,0207023;-0,0426682;0,00126358;nulo;0,800492;0,777934;-0,0225585;-0,0356608;-0,00945631;neg
NeoJaundice;inception_v3;LAB+HSV;nao;73,6018;70,1119;-3,48993;-6,74479;-0,235076;neg;0,73105;0,696126;-0,034924;-0,0687513;-0,00109665;neg;0,800492;0,757172;-0,0433206;-0,0728971;-0,0137441;neg
NeoJaundice;inception_v3;LAB+YCrCb;nao;73,6018;64,6085;-8,99329;-12,7066;-5,28;neg;0,73105;0,643344;-0,0877055;-0,129156;-0,0462553;neg;0,800492;0,696834;-0,103659;-0,147657;-0,05966;neg
NeoJaundice;inception_v3;LAB+YCrCb+HSV;nao;73,6018;70,6935;-2,90828;-8,54996;2,7334;nulo;0,73105;0,703846;-0,0272031;-0,0818604;0,0274543;nulo;0,800492;0,762655;-0,0378368;-0,0708168;-0,00485689;neg
NeoJaundice;inception_v3;RGB+HSV;sim;73,6018;74,0045;0,402685;-2,15377;2,95914;nulo;0,73105;0,736013;0,0049633;-0,0197125;0,0296391;nulo;0,800492;0,80176;0,00126738;-0,0200305;0,0225653;nulo
NeoJaundice;inception_v3;RGB+LAB;sim;73,6018;73,557;-0,0447427;-2,83222;2,74273;nulo;0,73105;0,730986;-6,36116e-05;-0,0265675;0,0264403;nulo;0,800492;0,79838;-0,0021123;-0,030712;0,0264874;nulo
NeoJaundice;inception_v3;RGB+LAB+HSV;sim;73,6018;74,4072;0,805369;-1,84882;3,45956;nulo;0,73105;0,740172;0,00912271;-0,0205405;0,0387859;nulo;0,800492;0,804118;0,00362577;-0,0288811;0,0361326;nulo
NeoJaundice;inception_v3;RGB+LAB+YCrCb;sim;73,6018;74,5414;0,939597;-2,08677;3,96597;nulo;0,73105;0,740021;0,008971;-0,0235113;0,0414533;nulo;0,800492;0,804364;0,00387187;-0,0295129;0,0372567;nulo
NeoJaundice;inception_v3;RGB+LAB+YCrCb+HSV;sim;73,6018;73,1544;-0,447427;-3,06797;2,17312;nulo;0,73105;0,725963;-0,00508632;-0,0278805;0,0177078;nulo;0,800492;0,79436;-0,00613182;-0,0289266;0,016663;nulo
NeoJaundice;inception_v3;RGB+YCrCb;sim;73,6018;73,3781;-0,223714;-3,39086;2,94343;nulo;0,73105;0,729724;-0,00132569;-0,03148;0,0288287;nulo;0,800492;0,800874;0,000381445;-0,0220067;0,0227696;nulo
NeoJaundice;inception_v3;RGB+YCrCb+HSV;sim;73,6018;74,4519;0,850112;-2,37976;4,07998;nulo;0,73105;0,740955;0,00990537;-0,0200183;0,0398291;nulo;0,800492;0,811115;0,010623;-0,013719;0,034965;nulo
NeoJaundice;inception_v3;YCrCb;nao;73,6018;73,3333;-0,268456;-2,97162;2,4347;nulo;0,73105;0,725737;-0,00531293;-0,0259859;0,01536;nulo;0,800492;0,789414;-0,0110783;-0,034281;0,0121244;nulo
NeoJaundice;inception_v3;YCrCb+HSV;nao;73,6018;69,4407;-4,16107;-6,90109;-1,42106;neg;0,73105;0,692621;-0,0384289;-0,0612789;-0,015579;neg;0,800492;0,777872;-0,0226201;-0,0391895;-0,00605065;neg
NeoJaundice;mobilenetv3_large;HSV;nao;74,6309;69,3512;-5,27964;-7,72187;-2,83741;neg;0,740428;0,691263;-0,049165;-0,0781352;-0,0201949;neg;0,820094;0,7719;-0,0481933;-0,0582501;-0,0381364;neg
NeoJaundice;mobilenetv3_large;LAB;nao;74,6309;74,7204;0,0894855;-3,48187;3,66084;nulo;0,740428;0,744123;0,00369489;-0,0358731;0,0432629;nulo;0,820094;0,815545;-0,00454862;-0,0242777;0,0151805;nulo
NeoJaundice;mobilenetv3_large;LAB+HSV;nao;74,6309;72,0805;-2,55034;-5,27623;0,175563;nulo;0,740428;0,715402;-0,0250258;-0,0536893;0,00363764;nulo;0,820094;0,798548;-0,0215455;-0,0423881;-0,000702784;neg
NeoJaundice;mobilenetv3_large;LAB+YCrCb;nao;74,6309;72,4832;-2,14765;-4,47668;0,181374;nulo;0,740428;0,720562;-0,0198655;-0,0429475;0,00321645;nulo;0,820094;0,787363;-0,0327304;-0,0572758;-0,00818501;neg
NeoJaundice;mobilenetv3_large;LAB+YCrCb+HSV;nao;74,6309;74,4966;-0,134228;-5,622;5,35354;nulo;0,740428;0,739567;-0,000860888;-0,0578544;0,0561327;nulo;0,820094;0,804161;-0,0159325;-0,0527099;0,0208449;nulo
NeoJaundice;mobilenetv3_large;RGB+HSV;sim;74,6309;73,6018;-1,02908;-6,45677;4,3986;nulo;0,740428;0,728615;-0,0118126;-0,0689928;0,0453677;nulo;0,820094;0,815297;-0,00479677;-0,0278198;0,0182263;nulo
NeoJaundice;mobilenetv3_large;RGB+LAB;sim;74,6309;75,5257;0,894855;-3,84774;5,63745;nulo;0,740428;0,747214;0,00678591;-0,0511552;0,064727;nulo;0,820094;0,818478;-0,00161601;-0,027399;0,024167;nulo
NeoJaundice;mobilenetv3_large;RGB+LAB+HSV;sim;74,6309;73,6018;-1,02908;-6,50982;4,45165;nulo;0,740428;0,729809;-0,0106187;-0,0675784;0,046341;nulo;0,820094;0,811259;-0,00883475;-0,0351198;0,0174503;nulo
NeoJaundice;mobilenetv3_large;RGB+LAB+YCrCb;sim;74,6309;73,2438;-1,38702;-6,22784;3,4538;nulo;0,740428;0,726737;-0,0136908;-0,0667883;0,0394067;nulo;0,820094;0,812186;-0,0079078;-0,0277853;0,0119697;nulo
NeoJaundice;mobilenetv3_large;RGB+LAB+YCrCb+HSV;sim;74,6309;75,123;0,49217;-2,91782;3,90216;nulo;0,740428;0,745661;0,0052333;-0,0359409;0,0464075;nulo;0,820094;0,814339;-0,00575448;-0,0300133;0,0185044;nulo
NeoJaundice;mobilenetv3_large;RGB+YCrCb;sim;74,6309;73,4676;-1,16331;-5,75462;3,428;nulo;0,740428;0,725411;-0,0150175;-0,0624578;0,0324229;nulo;0,820094;0,813748;-0,0063451;-0,0351026;0,0224124;nulo
NeoJaundice;mobilenetv3_large;RGB+YCrCb+HSV;sim;74,6309;72,6622;-1,96868;-6,41485;2,47749;nulo;0,740428;0,721423;-0,0190049;-0,0674024;0,0293926;nulo;0,820094;0,803105;-0,0169886;-0,0421816;0,00820437;nulo
NeoJaundice;mobilenetv3_large;YCrCb;nao;74,6309;74,094;-0,536913;-4,12443;3,05061;nulo;0,740428;0,736027;-0,00440061;-0,0354487;0,0266474;nulo;0,820094;0,820858;0,00076494;-0,013738;0,0152679;nulo
NeoJaundice;mobilenetv3_large;YCrCb+HSV;nao;74,6309;73,1544;-1,47651;-4,27917;1,32615;nulo;0,740428;0,725246;-0,0151817;-0,045319;0,0149557;nulo;0,820094;0,799504;-0,0205898;-0,0532608;0,0120812;nulo
NeoJaundice;resnet18;HSV;nao;77,5839;67,5168;-10,0671;-13,2159;-6,91829;neg;0,767785;0,67395;-0,0938341;-0,123195;-0,0644737;neg;0,848599;0,759624;-0,088975;-0,115547;-0,0624034;neg
NeoJaundice;resnet18;LAB;nao;77,5839;72,0805;-5,50336;-7,55026;-3,45646;neg;0,767785;0,719947;-0,0478378;-0,0683585;-0,0273171;neg;0,848599;0,800771;-0,0478282;-0,0571286;-0,0385278;neg
NeoJaundice;resnet18;LAB+HSV;nao;77,5839;67,472;-10,1119;-16,8573;-3,36639;neg;0,767785;0,67171;-0,0960742;-0,163279;-0,0288699;neg;0,848599;0,749219;-0,0993807;-0,176067;-0,0226944;neg
NeoJaundice;resnet18;LAB+YCrCb;nao;77,5839;69,6644;-7,91946;-9,21642;-6,62251;neg;0,767785;0,694335;-0,073449;-0,0873294;-0,0595687;neg;0,848599;0,769501;-0,0790985;-0,114605;-0,0435919;neg
NeoJaundice;resnet18;LAB+YCrCb+HSV;nao;77,5839;69,8434;-7,74049;-9,69088;-5,79011;neg;0,767785;0,695429;-0,0723553;-0,0890823;-0,0556283;neg;0,848599;0,782979;-0,0656208;-0,0756562;-0,0555853;neg
NeoJaundice;resnet18;RGB+HSV;sim;77,5839;77,2707;-0,313199;-0,817806;0,191408;nulo;0,767785;0,767339;-0,000445475;-0,0125897;0,0116988;nulo;0,848599;0,844334;-0,00426562;-0,0180236;0,00949239;nulo
NeoJaundice;resnet18;RGB+LAB;sim;77,5839;77,4944;-0,0894855;-0,980973;0,802002;nulo;0,767785;0,769347;0,00156249;-0,0136299;0,0167549;nulo;0,848599;0,843919;-0,00467987;-0,0177715;0,00841179;nulo
NeoJaundice;resnet18;RGB+LAB+HSV;sim;77,5839;78,0761;0,49217;-1,51476;2,4991;nulo;0,767785;0,776645;0,00886051;-0,00975683;0,0274779;nulo;0,848599;0,844908;-0,0036914;-0,0168599;0,00947706;nulo
NeoJaundice;resnet18;RGB+LAB+YCrCb;sim;77,5839;78,1655;0,581655;-0,997038;2,16035;nulo;0,767785;0,776202;0,00841778;-0,00586033;0,0226959;nulo;0,848599;0,840704;-0,00789549;-0,0193557;0,00356476;nulo
NeoJaundice;resnet18;RGB+LAB+YCrCb+HSV;sim;77,5839;78,3893;0,805369;-0,797576;2,40831;nulo;0,767785;0,780532;0,0127476;-0,00216334;0,0276586;nulo;0,848599;0,849832;0,00123252;-0,00827659;0,0107416;nulo
NeoJaundice;resnet18;RGB+YCrCb;sim;77,5839;77,4049;-0,178971;-1,10859;0,750649;nulo;0,767785;0,769459;0,00167437;-0,0136297;0,0169784;nulo;0,848599;0,845138;-0,00346171;-0,0182331;0,0113096;nulo
NeoJaundice;resnet18;RGB+YCrCb+HSV;sim;77,5839;78,255;0,671141;-1,08568;2,42796;nulo;0,767785;0,777928;0,0101437;-0,00763981;0,0279273;nulo;0,848599;0,843721;-0,0048788;-0,0186462;0,00888858;nulo
NeoJaundice;resnet18;YCrCb;nao;77,5839;73,6018;-3,9821;-7,38643;-0,577774;neg;0,767785;0,729413;-0,0383716;-0,0688638;-0,00787945;neg;0,848599;0,810262;-0,0383372;-0,0483648;-0,0283097;neg
NeoJaundice;resnet18;YCrCb+HSV;nao;77,5839;72,6622;-4,9217;-7,23744;-2,60596;neg;0,767785;0,724003;-0,043781;-0,0620226;-0,0255395;neg;0,848599;0,80945;-0,0391493;-0,0557076;-0,0225911;neg
NeoJaundice;resnet50;HSV;nao;76,4206;71,4094;-5,01119;-6,99102;-3,03135;neg;0,758786;0,706441;-0,0523449;-0,0812827;-0,0234071;neg;0,837505;0,787728;-0,0497765;-0,0704215;-0,0291314;neg
NeoJaundice;resnet50;LAB;nao;76,4206;74,4519;-1,96868;-2,93891;-0,998446;neg;0,758786;0,742435;-0,0163508;-0,027142;-0,00555952;neg;0,837505;0,832493;-0,0050121;-0,0215143;0,0114901;nulo
NeoJaundice;resnet50;LAB+HSV;nao;76,4206;68,4564;-7,96421;-10,9469;-4,98149;neg;0,758786;0,67613;-0,0826563;-0,118588;-0,0467248;neg;0,837505;0,730249;-0,107256;-0,145396;-0,0691157;neg
NeoJaundice;resnet50;LAB+YCrCb;nao;76,4206;64,34;-12,0805;-18,3721;-5,78902;neg;0,758786;0,642702;-0,116085;-0,179052;-0,0531177;neg;0,837505;0,709032;-0,128473;-0,195574;-0,061372;neg
NeoJaundice;resnet50;LAB+YCrCb+HSV;nao;76,4206;65,2796;-11,1409;-14,4534;-7,82851;neg;0,758786;0,646726;-0,11206;-0,148563;-0,0755575;neg;0,837505;0,719905;-0,1176;-0,163602;-0,0715974;neg
NeoJaundice;resnet50;RGB+HSV;sim;76,4206;76,2864;-0,134228;-1,86449;1,59604;nulo;0,758786;0,76158;0,0027938;-0,018346;0,0239336;nulo;0,837505;0,839174;0,00166933;-0,0238453;0,0271839;nulo
NeoJaundice;resnet50;RGB+LAB;sim;76,4206;76,2864;-0,134228;-1,67583;1,40737;nulo;0,758786;0,760405;0,00161854;-0,016774;0,0200111;nulo;0,837505;0,841147;0,00364218;-0,019352;0,0266364;nulo
NeoJaundice;resnet50;RGB+LAB+HSV;sim;76,4206;76,0179;-0,402685;-1,75498;0,949608;nulo;0,758786;0,752596;-0,00618983;-0,0225631;0,0101835;nulo;0,837505;0,829677;-0,00782782;-0,0346666;0,019011;nulo
NeoJaundice;resnet50;RGB+LAB+YCrCb;sim;76,4206;75,302;-1,11857;-1,97474;-0,262401;neg;0,758786;0,746675;-0,0121113;-0,0219554;-0,00226732;neg;0,837505;0,828596;-0,00890858;-0,0327524;0,0149353;nulo
NeoJaundice;resnet50;RGB+LAB+YCrCb+HSV;sim;76,4206;76,5548;0,134228;-0,441783;0,710239;nulo;0,758786;0,760794;0,00200828;-0,00663857;0,0106551;nulo;0,837505;0,830019;-0,00748534;-0,0226995;0,0077288;nulo
NeoJaundice;resnet50;RGB+YCrCb;sim;76,4206;76,6443;0,223714;-1,20623;1,65366;nulo;0,758786;0,762442;0,00365582;-0,0110645;0,0183762;nulo;0,837505;0,840614;0,00310898;-0,0173155;0,0235334;nulo
NeoJaundice;resnet50;RGB+YCrCb+HSV;sim;76,4206;76,4653;0,0447427;-0,674266;0,763751;nulo;0,758786;0,755201;-0,00358476;-0,0148312;0,00766167;nulo;0,837505;0,84081;0,00330585;-0,00854619;0,0151579;nulo
NeoJaundice;resnet50;YCrCb;nao;76,4206;74,3177;-2,10291;-3,5001;-0,705714;neg;0,758786;0,736217;-0,0225697;-0,0430481;-0,00209128;neg;0,837505;0,814101;-0,0234035;-0,045697;-0,0011099;neg
NeoJaundice;resnet50;YCrCb+HSV;nao;76,4206;72,7069;-3,71365;-6,50251;-0,924786;neg;0,758786;0,724723;-0,0340635;-0,0610978;-0,00702915;neg;0,837505;0,813699;-0,0238054;-0,0555705;0,00795968;nulo
NeoJaundice;vit_b_16;HSV;nao;74,1387;73,8255;-0,313199;-5,0866;4,46021;nulo;0,737177;0,732535;-0,00464251;-0,0541331;0,0448481;nulo;0,808572;0,801768;-0,00680448;-0,0322864;0,0186774;nulo
NeoJaundice;vit_b_16;LAB;nao;74,1387;72,7964;-1,34228;-6,22121;3,53664;nulo;0,737177;0,725992;-0,0111854;-0,0595766;0,0372058;nulo;0,808572;0,793105;-0,015467;-0,0535312;0,0225973;nulo
NeoJaundice;vit_b_16;LAB+HSV;nao;74,1387;71,0962;-3,04251;-11,2419;5,15686;nulo;0,737177;0,703627;-0,0335508;-0,117464;0,050362;nulo;0,808572;0,763837;-0,0447357;-0,0900889;0,000617578;nulo
NeoJaundice;vit_b_16;LAB+YCrCb;nao;74,1387;72,3043;-1,83445;-6,42577;2,75686;nulo;0,737177;0,714308;-0,0228696;-0,0668222;0,0210831;nulo;0,808572;0,790156;-0,018416;-0,0545976;0,0177656;nulo
NeoJaundice;vit_b_16;LAB+YCrCb+HSV;nao;74,1387;70,5593;-3,57942;-9,03687;1,87804;nulo;0,737177;0,702828;-0,0343492;-0,0835964;0,0148981;nulo;0,808572;0,77126;-0,0373118;-0,0683743;-0,00624937;neg
NeoJaundice;vit_b_16;RGB+HSV;sim;74,1387;72,4385;-1,70022;-5,117;1,71655;nulo;0,737177;0,719579;-0,0175979;-0,0480076;0,0128118;nulo;0,808572;0,791477;-0,0170953;-0,0493753;0,0151847;nulo
NeoJaundice;vit_b_16;RGB+LAB;sim;74,1387;72,0805;-2,05817;-5,44545;1,32912;nulo;0,737177;0,716818;-0,0203593;-0,0514052;0,0106867;nulo;0,808572;0,787544;-0,0210287;-0,0544738;0,0124164;nulo
NeoJaundice;vit_b_16;RGB+LAB+HSV;sim;74,1387;72,9306;-1,20805;-5,34031;2,9242;nulo;0,737177;0,725527;-0,0116503;-0,0534676;0,030167;nulo;0,808572;0,793273;-0,0152988;-0,0386124;0,00801484;nulo
NeoJaundice;vit_b_16;RGB+LAB+YCrCb;sim;74,1387;72,6174;-1,52125;-6,10416;3,06165;nulo;0,737177;0,72312;-0,014057;-0,0591917;0,0310777;nulo;0,808572;0,793027;-0,0155449;-0,0392271;0,00813737;nulo
NeoJaundice;vit_b_16;RGB+LAB+YCrCb+HSV;sim;74,1387;74,7651;0,626398;-4,93747;6,19027;nulo;0,737177;0,741341;0,00416388;-0,044805;0,0531327;nulo;0,808572;0,807071;-0,00150117;-0,0173618;0,0143595;nulo
NeoJaundice;vit_b_16;RGB+YCrCb;sim;74,1387;72,6174;-1,52125;-4,82785;1,78535;nulo;0,737177;0,721541;-0,0156368;-0,0452343;0,0139607;nulo;0,808572;0,791672;-0,0169005;-0,0478866;0,0140857;nulo
NeoJaundice;vit_b_16;RGB+YCrCb+HSV;sim;74,1387;72,7517;-1,38702;-5,43343;2,65938;nulo;0,737177;0,723788;-0,0133894;-0,0543375;0,0275587;nulo;0,808572;0,793563;-0,0150096;-0,0374696;0,00745031;nulo
NeoJaundice;vit_b_16;YCrCb;nao;74,1387;73,8702;-0,268456;-5,00861;4,4717;nulo;0,737177;0,731837;-0,00533996;-0,0558659;0,045186;nulo;0,808572;0,795615;-0,0129568;-0,0370168;0,0111032;nulo
NeoJaundice;vit_b_16;YCrCb+HSV;nao;74,1387;74,1834;0,0447427;-4,81199;4,90148;nulo;0,737177;0,73702;-0,000156879;-0,0498739;0,0495602;nulo;0,808572;0,801427;-0,00714491;-0,0380976;0,0238078;nulo
NeoJaundice;vit_b_32;HSV;nao;73,2886;72,1253;-1,16331;-2,65143;0,324808;nulo;0,728011;0,713607;-0,0144039;-0,0328284;0,00402056;nulo;0,79806;0,787804;-0,0102559;-0,0273569;0,00684498;nulo
NeoJaundice;vit_b_32;LAB;nao;73,2886;73,1544;-0,134228;-3,41858;3,15013;nulo;0,728011;0,724846;-0,00316501;-0,0379515;0,0316214;nulo;0,79806;0,791061;-0,0069993;-0,0326356;0,018637;nulo
NeoJaundice;vit_b_32;LAB+HSV;nao;73,2886;71,2304;-2,05817;-6,04695;1,93062;nulo;0,728011;0,70582;-0,0221911;-0,0582261;0,013844;nulo;0,79806;0,778057;-0,0200033;-0,0427468;0,00274024;nulo
NeoJaundice;vit_b_32;LAB+YCrCb;nao;73,2886;73,3333;0,0447427;-1,36345;1,45294;nulo;0,728011;0,727692;-0,000319442;-0,0168747;0,0162358;nulo;0,79806;0,795853;-0,00220664;-0,0139499;0,00953667;nulo
NeoJaundice;vit_b_32;LAB+YCrCb+HSV;nao;73,2886;69,5302;-3,75839;-9,13537;1,61859;nulo;0,728011;0,692712;-0,0352992;-0,0870757;0,0164774;nulo;0,79806;0,767302;-0,0307576;-0,0561453;-0,00536978;neg
NeoJaundice;vit_b_32;RGB+HSV;sim;73,2886;73,6018;0,313199;-1,91422;2,54062;nulo;0,728011;0,728314;0,000303043;-0,019468;0,0200741;nulo;0,79806;0,805242;0,00718182;-0,00238277;0,0167464;nulo
NeoJaundice;vit_b_32;RGB+LAB;sim;73,2886;73,8255;0,536913;-1,58404;2,65786;nulo;0,728011;0,72936;0,00134884;-0,0167171;0,0194148;nulo;0,79806;0,809151;0,0110906;-0,00361663;0,0257978;nulo
NeoJaundice;vit_b_32;RGB+LAB+HSV;sim;73,2886;73,3781;0,0894855;-2,73375;2,91272;nulo;0,728011;0,729681;0,00167013;-0,0218492;0,0251895;nulo;0,79806;0,795125;-0,00293466;-0,0163202;0,0104509;nulo
NeoJaundice;vit_b_32;RGB+LAB+YCrCb;sim;73,2886;73,3333;0,0447427;-2,6225;2,71198;nulo;0,728011;0,729576;0,00156501;-0,0217418;0,0248718;nulo;0,79806;0,795175;-0,00288544;-0,0163941;0,0106232;nulo
NeoJaundice;vit_b_32;RGB+LAB+YCrCb+HSV;sim;73,2886;74,0045;0,715884;-1,84811;3,27987;nulo;0,728011;0,732414;0,00440272;-0,0246695;0,033475;nulo;0,79806;0,805695;0,00763504;-0,0061432;0,0214133;nulo
NeoJaundice;vit_b_32;RGB+YCrCb;sim;73,2886;73,8702;0,581655;-1,69713;2,86044;nulo;0,728011;0,731081;0,00306989;-0,0179134;0,0240532;nulo;0,79806;0,80559;0,00753045;-0,00176909;0,01683;nulo
NeoJaundice;vit_b_32;RGB+YCrCb+HSV;sim;73,2886;73,6018;0,313199;-2,38424;3,01064;nulo;0,728011;0,733951;0,00594026;-0,0197673;0,0316478;nulo;0,79806;0,79936;0,00130019;-0,0171324;0,0197328;nulo
NeoJaundice;vit_b_32;YCrCb;nao;73,2886;74,0045;0,715884;-2,06466;3,49643;nulo;0,728011;0,734645;0,00663413;-0,0191292;0,0323975;nulo;0,79806;0,805843;0,0077827;-0,0142075;0,0297729;nulo
NeoJaundice;vit_b_32;YCrCb+HSV;nao;73,2886;74,4966;1,20805;-0,81991;3,23602;nulo;0,728011;0,740882;0,0128709;-0,00977769;0,0355195;nulo;0,79806;0,795759;-0,00230097;-0,0253996;0,0207977;nulo
NeoJaundice;vit_l_16;HSV;nao;73,3333;69,5302;-3,80313;-6,96418;-0,642081;neg;0,73153;0,6922;-0,03933;-0,0742362;-0,0044238;neg;0,811821;0,760106;-0,0517144;-0,0991151;-0,00431378;neg
NeoJaundice;vit_l_16;LAB;nao;73,3333;70,3356;-2,99776;-7,53923;1,5437;nulo;0,73153;0,701004;-0,0305259;-0,0766497;0,0155979;nulo;0,811821;0,795447;-0,0163734;-0,0503117;0,0175648;nulo
NeoJaundice;vit_l_16;LAB+HSV;nao;73,3333;73,1991;-0,134228;-3,79098;3,52253;nulo;0,73153;0,727201;-0,00432881;-0,0385886;0,029931;nulo;0,811821;0,80438;-0,00744022;-0,0412362;0,0263558;nulo
NeoJaundice;vit_l_16;LAB+YCrCb;nao;73,3333;73,1544;-0,178971;-3,6395;3,28156;nulo;0,73153;0,726614;-0,00491536;-0,0392192;0,0293884;nulo;0,811821;0,794668;-0,0171527;-0,0576061;0,0233007;nulo
NeoJaundice;vit_l_16;LAB+YCrCb+HSV;nao;73,3333;73,6913;0,357942;-2,46529;3,18117;nulo;0,73153;0,724042;-0,0074873;-0,0361012;0,0211266;nulo;0,811821;0,809733;-0,00208769;-0,042788;0,0386126;nulo
NeoJaundice;vit_l_16;RGB+HSV;sim;73,3333;73,8255;0,49217;-2,0186;3,00294;nulo;0,73153;0,736315;0,00478505;-0,0199562;0,0295263;nulo;0,811821;0,813186;0,00136582;-0,0307402;0,0334718;nulo
NeoJaundice;vit_l_16;RGB+LAB;sim;73,3333;74,094;0,760626;-1,2578;2,77906;nulo;0,73153;0,735226;0,0036961;-0,0209041;0,0282963;nulo;0,811821;0,812329;0,000508593;-0,0383434;0,0393606;nulo
NeoJaundice;vit_l_16;RGB+LAB+HSV;sim;73,3333;74,8546;1,52125;-1,1169;4,1594;nulo;0,73153;0,741144;0,00961464;-0,0114721;0,0307014;nulo;0,811821;0,823807;0,0119868;-0,0201582;0,0441318;nulo
NeoJaundice;vit_l_16;RGB+LAB+YCrCb;sim;73,3333;73,9597;0,626398;-1,98973;3,24252;nulo;0,73153;0,733232;0,00170204;-0,029069;0,0324731;nulo;0,811821;0,811527;-0,000293261;-0,032097;0,0315105;nulo
NeoJaundice;vit_l_16;RGB+LAB+YCrCb+HSV;sim;73,3333;73,0649;-0,268456;-4,02821;3,4913;nulo;0,73153;0,729511;-0,00201896;-0,0388564;0,0348185;nulo;0,811821;0,816576;0,00475575;-0,034071;0,0435825;nulo
NeoJaundice;vit_l_16;RGB+YCrCb;sim;73,3333;74,2729;0,939597;-2,45338;4,33257;nulo;0,73153;0,738111;0,00658131;-0,0280726;0,0412352;nulo;0,811821;0,819312;0,00749149;-0,03939;0,054373;nulo
NeoJaundice;vit_l_16;RGB+YCrCb+HSV;sim;73,3333;74,3177;0,98434;-0,594353;2,56303;nulo;0,73153;0,740669;0,00913953;-0,00356517;0,0218442;nulo;0,811821;0,819048;0,00722694;-0,00959953;0,0240534;nulo
NeoJaundice;vit_l_16;YCrCb;nao;73,3333;71,1857;-2,14765;-6,49821;2,20291;nulo;0,73153;0,700022;-0,031508;-0,0856335;0,0226175;nulo;0,811821;0,780099;-0,0317214;-0,0670547;0,00361188;nulo
NeoJaundice;vit_l_16;YCrCb+HSV;nao;73,3333;72,8412;-0,49217;-3,46062;2,47628;nulo;0,73153;0,720627;-0,0109023;-0,0374859;0,0156812;nulo;0,811821;0,804233;-0,00758788;-0,049839;0,0346632;nulo
