dataset;backbone;colorset_id;fusion;backbone_mode;film_mode;multitask;wb;njn_mode;split_mode;folds;tag;auc_mean;auc_ci95;std_seed_auc;gate_stable;acc_mean;f1_macro_mean;threshold;tsb_mae;tsb_r2;elapsed_min
NJN;convnextv2_tiny;HSV;adapter_v2;lora;channel;False;on;full_image;group;1;f1_convnextv2_tiny_njn;0,910893;0,0279375;0,0201247;False;84,8684;0,77569;0,5;;;3,08
NJN;convnextv2_tiny;LAB;adapter_v2;lora;channel;False;on;full_image;group;1;f1_convnextv2_tiny_njn;0,942679;0,0109142;0,00786196;True;89,0789;0,848153;0,5;;;3,46
NJN;convnextv2_tiny;LAB+HSV;adapter_v2;lora;channel;False;on;full_image;group;1;f1_convnextv2_tiny_njn;0,887857;0,0378325;0,0272525;False;83,4211;0,759793;0,5;;;2,67
NJN;convnextv2_tiny;LAB+YCrCb;adapter_v2;lora;channel;False;on;full_image;group;1;f1_convnextv2_tiny_njn;0,898304;0,0465305;0,033518;False;82,8947;0,75421;0,5;;;2,98
NJN;convnextv2_tiny;LAB+YCrCb+HSV;adapter_v2;lora;channel;False;on;full_image;group;1;f1_convnextv2_tiny_njn;0,919375;0,0372874;0,0268598;False;85;0,788906;0,5;;;3,45
NJN;convnextv2_tiny;RGB;adapter_v2;lora;channel;False;on;full_image;group;1;f1_convnextv2_tiny_njn;0,970089;0,00881037;0,00634651;True;90,1316;0,863447;0,5;;;2,06
NJN;convnextv2_tiny;RGB+HSV;adapter_v2;lora;channel;False;on;full_image;group;1;f1_convnextv2_tiny_njn;0,968527;0,0086631;0,00624043;True;90,2632;0,86691;0,5;;;3,55
NJN;convnextv2_tiny;RGB+LAB;adapter_v2;lora;channel;False;on;full_image;group;1;f1_convnextv2_tiny_njn;0,967455;0,00868833;0,0062586;True;91,0526;0,878697;0,5;;;3,44
NJN;convnextv2_tiny;RGB+LAB+HSV;adapter_v2;lora;channel;False;on;full_image;group;1;f1_convnextv2_tiny_njn;0,974821;0,00674182;0,00485644;True;92,3684;0,897186;0,5;;;3,39
NJN;convnextv2_tiny;RGB+LAB+YCrCb;adapter_v2;lora;channel;False;on;full_image;group;1;f1_convnextv2_tiny_njn;0,969286;0,0178606;0,0128658;False;91,4474;0,884392;0,5;;;3,45
NJN;convnextv2_tiny;RGB+LAB+YCrCb+HSV;adapter_v2;lora;channel;False;on;full_image;group;1;f1_convnextv2_tiny_njn;0,96317;0,0202173;0,0145634;False;90,9211;0,875065;0,5;;;3,51
NJN;convnextv2_tiny;RGB+YCrCb;adapter_v2;lora;channel;False;on;full_image;group;1;f1_convnextv2_tiny_njn;0,967455;0,00792059;0,00570556;True;90,6579;0,873564;0,5;;;3,32
NJN;convnextv2_tiny;RGB+YCrCb+HSV;adapter_v2;lora;channel;False;on;full_image;group;1;f1_convnextv2_tiny_njn;0,96942;0,0176316;0,0127009;False;91,5789;0,887006;0,5;;;2,31
NJN;convnextv2_tiny;YCrCb;adapter_v2;lora;channel;False;on;full_image;group;1;f1_convnextv2_tiny_njn;0,889598;0,0186681;0,0134475;False;81,9737;0,764076;0,4;;;2,6
NJN;convnextv2_tiny;YCrCb+HSV;adapter_v2;lora;channel;False;on;full_image;group;1;f1_convnextv2_tiny_njn;0,907768;0,0216656;0,0156067;False;84,2105;0,778029;0,5;;;3,04
NJN;deit_base;HSV;adapter_v2;lora;channel;False;on;full_image;group;1;f1_deit_base_njn;0,89692;0,0170799;0,0123035;False;83,8158;0,765233;0,4;;;2,43
NJN;deit_base;LAB;adapter_v2;lora;channel;False;on;full_image;group;1;f1_deit_base_njn;0,907902;0,0367788;0,0264934;False;83,5526;0,757263;0,5;;;2,65
NJN;deit_base;LAB+HSV;adapter_v2;lora;channel;False;on;full_image;group;1;f1_deit_base_njn;0,904241;0,0283535;0,0204243;False;85,3947;0,774475;0,5;;;2,91
NJN;deit_base;LAB+YCrCb;adapter_v2;lora;channel;False;on;full_image;group;1;f1_deit_base_njn;0,890893;0,0270604;0,0194928;False;82,7632;0,765134;0,45;;;2
NJN;deit_base;LAB+YCrCb+HSV;adapter_v2;lora;channel;False;on;full_image;group;1;f1_deit_base_njn;0,913638;0,0202031;0,0145532;False;85,9211;0,781313;0,5;;;3,26
NJN;deit_base;RGB;adapter_v2;lora;channel;False;on;full_image;random;5;f7_tracka_deit_base_njn_random;0,947843;0,0118813;0,00855861;True;90,2368;0,867679;0,5;;;11,1
NJN;deit_base;RGB;adapter_v2;lora;channel;False;on;full_image;group;5;f7_tracka_deit_base_njn_group;0,949048;0,00731372;0,0052684;True;90,1316;0,867525;0,5;;;11,22
NJN;deit_base;RGB;adapter_v2;lora;channel;False;on;full_image;group;1;f2_deit_base_njn_full_image;0,969911;0,0120418;0,00867428;True;91,7105;0,890173;0,5;;;1,42
NJN;deit_base;RGB;adapter_v2;lora;channel;False;on;skin_roi;group;1;f2_deit_base_njn_skin_roi;0,939598;0,013867;0,00998903;True;87,1053;0,806888;0,5;;;1,86
NJN;deit_base;RGB;adapter_v2;lora;channel;False;on;full_image;group;1;f1_deit_base_njn;0,969911;0,0120418;0,00867428;True;91,7105;0,890173;0,5;;;1,42
NJN;deit_base;RGB;stemcnn;lora;channel;False;on;full_image;group;1;f7_stemcnn_deit_base_njn;0,891518;0,0370469;0,0266866;False;83,4211;0,769731;0,5;;;2,35
NJN;deit_base;RGB+HSV;adapter_v2;lora;channel;False;on;full_image;group;1;f1_deit_base_njn;0,972545;0,00464187;0,00334375;True;91,9737;0,89049;0,5;;;2,43
NJN;deit_base;RGB+LAB;adapter_v2;lora;channel;False;on;full_image;group;1;f1_deit_base_njn;0,971295;0,00826282;0,00595208;True;91,5789;0,883372;0,5;;;2,42
NJN;deit_base;RGB+LAB+HSV;adapter_v2;lora;channel;False;on;full_image;group;1;f1_deit_base_njn;0,970893;0,011457;0,00825301;True;91,7105;0,887603;0,5;;;2,76
NJN;deit_base;RGB+LAB+YCrCb;adapter_v2;lora;channel;False;on;full_image;group;1;f1_deit_base_njn;0,970402;0,0129252;0,00931058;True;92,5;0,898945;0,5;;;2,98
NJN;deit_base;RGB+LAB+YCrCb+HSV;adapter_v2;lora;channel;False;on;full_image;group;1;f1_deit_base_njn;0,970268;0,0107153;0,0077187;True;91,9737;0,893008;0,5;;;2,72
NJN;deit_base;RGB+YCrCb;adapter_v2;lora;channel;False;on;full_image;group;1;f1_deit_base_njn;0,973036;0,00809327;0,00582995;True;92,1053;0,891619;0,5;;;2,51
NJN;deit_base;RGB+YCrCb+HSV;adapter_v2;lora;channel;False;on;full_image;group;1;f2_deit_base_njn_full_image;0,96942;0,0144082;0,0103789;False;91,0526;0,875897;0,5;;;2,12
NJN;deit_base;RGB+YCrCb+HSV;adapter_v2;lora;channel;False;on;full_image;group;1;f1_deit_base_njn;0,96942;0,0144082;0,0103789;False;91,0526;0,875897;0,5;;;2,15
NJN;deit_base;RGB+YCrCb+HSV;adapter_v2;lora;channel;False;on;full_image;random;5;f7_tracka_deit_base_njn_random;0,944111;0,0132332;0,00953251;True;89,6053;0,862329;0,5;;;13,43
NJN;deit_base;RGB+YCrCb+HSV;adapter_v2;lora;channel;False;on;skin_roi;group;1;f2_deit_base_njn_skin_roi;0,930759;0,023284;0,0167725;False;86,3158;0,798932;0,5;;;1,83
NJN;deit_base;RGB+YCrCb+HSV;adapter_v2;lora;channel;False;on;full_image;group;5;f7_tracka_deit_base_njn_group;0,950759;0,0072269;0,00520587;True;90,2105;0,869148;0,5;;;13,74
NJN;deit_base;RGB+YCrCb+HSV;stemcnn;lora;channel;False;on;full_image;group;1;f7_stemcnn_deit_base_njn;0,895804;0,0522257;0,0376206;False;83,8158;0,776516;0,45;;;2,91
NJN;deit_base;YCrCb;adapter_v2;lora;channel;False;on;full_image;group;1;f1_deit_base_njn;0,917522;0,0269438;0,0194089;False;85,3947;0,787862;0,5;;;2,66
NJN;deit_base;YCrCb+HSV;adapter_v2;lora;channel;False;on;full_image;group;1;f1_deit_base_njn;0,913929;0,0172146;0,0124004;False;84,4737;0,761078;0,5;;;2,58
NJN;deit_small;HSV;adapter_v2;lora;channel;False;on;full_image;group;1;f1_deit_small_njn;0,930268;0,0230479;0,0166025;False;86,9737;0,821965;0,5;;;3,01
NJN;deit_small;LAB;adapter_v2;lora;channel;False;on;full_image;group;1;f1_deit_small_njn;0,943259;0,0232477;0,0167464;False;90,1316;0,875334;0,5;;;3,2
NJN;deit_small;LAB+HSV;adapter_v2;lora;channel;False;on;full_image;group;1;f1_deit_small_njn;0,930313;0,0196844;0,0141796;False;88,4211;0,849959;0,5;;;3,41
NJN;deit_small;LAB+YCrCb;adapter_v2;lora;channel;False;on;full_image;group;1;f1_deit_small_njn;0,912813;0,0292526;0,021072;False;86,0526;0,814081;0,5;;;3,1
NJN;deit_small;LAB+YCrCb+HSV;adapter_v2;lora;channel;False;on;full_image;group;1;f1_deit_small_njn;0,929866;0,0183022;0,0131839;False;88,0263;0,840025;0,55;;;4,04
NJN;deit_small;RGB;adapter_v2;lora;channel;False;on;full_image;group;1;f1_deit_small_njn;0,952411;0,0203011;0,0146238;False;90,5263;0,875275;0,55;;;2,73
NJN;deit_small;RGB;stemcnn;lora;channel;False;on;full_image;group;1;f7_stemcnn_deit_small_njn;0,898036;0,0275652;0,0198565;False;83,6842;0,779646;0,5;;;3,62
NJN;deit_small;RGB+HSV;adapter_v2;lora;channel;False;on;full_image;group;1;f1_deit_small_njn;0,96308;0,00848979;0,00611558;True;91,0526;0,885897;0,5;;;3,66
NJN;deit_small;RGB+LAB;adapter_v2;lora;channel;False;on;full_image;group;1;f1_deit_small_njn;0,961339;0,0140716;0,0101364;False;90,7895;0,880569;0,55;;;3,21
NJN;deit_small;RGB+LAB+HSV;adapter_v2;lora;channel;False;on;full_image;group;1;f1_deit_small_njn;0,958036;0,00583677;0,00420449;True;91,1842;0,886412;0,5;;;3,59
NJN;deit_small;RGB+LAB+YCrCb;adapter_v2;lora;channel;False;on;full_image;group;1;f1_deit_small_njn;0,962098;0,00673897;0,00485438;True;91,1842;0,884301;0,55;;;3,68
NJN;deit_small;RGB+LAB+YCrCb;stemcnn;lora;channel;False;on;full_image;group;1;f7_stemcnn_deit_small_njn;0,920536;0,0372005;0,0267972;False;87,6316;0,825162;0,5;;;5,08
NJN;deit_small;RGB+LAB+YCrCb+HSV;adapter_v2;lora;channel;False;on;full_image;group;1;f1_deit_small_njn;0,954241;0,0152776;0,0110052;False;90,6579;0,87576;0,5;;;4,3
NJN;deit_small;RGB+YCrCb;adapter_v2;lora;channel;False;on;full_image;group;1;f1_deit_small_njn;0,959464;0,0128222;0,00923643;True;90,1316;0,87264;0,5;;;3,11
NJN;deit_small;RGB+YCrCb+HSV;adapter_v2;lora;channel;False;on;full_image;group;1;f1_deit_small_njn;0,95875;0,00508944;0,00366615;True;90,9211;0,881257;0,55;;;4,01
NJN;deit_small;YCrCb;adapter_v2;lora;channel;False;on;full_image;group;1;f1_deit_small_njn;0,929509;0,0188134;0,0135522;False;88,4211;0,843538;0,5;;;3,21
NJN;deit_small;YCrCb+HSV;adapter_v2;lora;channel;False;on;full_image;group;1;f1_deit_small_njn;0,920848;0,0175635;0,0126518;False;88,2895;0,848006;0,5;;;3,31
NJN;deit_tiny;HSV;adapter_v2;lora;channel;False;on;full_image;group;1;f1_deit_tiny_njn;0,872679;0,0384932;0,0277284;False;82,5;0,766871;0,6;;;2,65
NJN;deit_tiny;LAB;adapter_v2;lora;channel;False;on;full_image;group;1;f1_deit_tiny_njn;0,909554;0,0409642;0,0295084;False;87,2368;0,821962;0,5;;;3,01
NJN;deit_tiny;LAB+HSV;adapter_v2;lora;channel;False;on;full_image;group;1;f1_deit_tiny_njn;0,889152;0,0466607;0,0336118;False;84,6053;0,772074;0,5;;;2,23
NJN;deit_tiny;LAB+YCrCb;adapter_v2;lora;channel;False;on;full_image;group;1;f1_deit_tiny_njn;0,917768;0,0259128;0,0186662;False;86,4474;0,797348;0,6;;;2,86
NJN;deit_tiny;LAB+YCrCb+HSV;adapter_v2;lora;channel;False;on;full_image;group;1;f1_deit_tiny_njn;0,879018;0,0605571;0,043622;False;83,4211;0,766653;0,5;;;2,52
NJN;deit_tiny;RGB;adapter_v2;lora;channel;False;on;full_image;group;1;f1_deit_tiny_njn;0,928036;0,0218784;0,01576;False;89,0789;0,845408;0,5;;;1,95
NJN;deit_tiny;RGB;adapter_v2;lora;channel;False;on;skin_roi;group;1;f2_deit_tiny_njn_skin_roi;0,869911;0,0282893;0,0203781;False;82,6316;0,737997;0,55;;;2,15
NJN;deit_tiny;RGB;adapter_v2;lora;channel;False;on;full_image;group;1;f7_notta_deit_tiny_njn;0,938058;0,0319245;0,0229967;False;88,6842;0,843064;0,5;;;1,86
NJN;deit_tiny;RGB;adapter_v2;lora;channel;False;on;full_image;group;1;f2_deit_tiny_njn_full_image;0,928036;0,0218784;0,01576;False;89,0789;0,845408;0,5;;;1,95
NJN;deit_tiny;RGB;stemcnn;lora;channel;False;on;full_image;group;1;f7_stemcnn_deit_tiny_njn;0,91;0,0183881;0,0132458;False;85,9211;0,81106;0,55;;;2,7
NJN;deit_tiny;RGB+HSV;adapter_v2;lora;channel;False;on;full_image;group;1;f7_notta_deit_tiny_njn;0,936942;0,0262148;0,0188837;False;87,2368;0,834223;0,55;;;1,81
NJN;deit_tiny;RGB+HSV;adapter_v2;lora;channel;False;on;skin_roi;group;1;f2_deit_tiny_njn_skin_roi;0,880759;0,0217717;0,0156832;False;84,6053;0,794131;0,6;;;1,75
NJN;deit_tiny;RGB+HSV;adapter_v2;lora;channel;False;on;full_image;group;1;f2_deit_tiny_njn_full_image;0,940759;0,0226749;0,0163338;False;88,0263;0,84787;0,5;;;1,82
NJN;deit_tiny;RGB+HSV;adapter_v2;lora;channel;False;on;full_image;group;1;f1_deit_tiny_njn;0,940759;0,0226749;0,0163338;False;88,0263;0,84787;0,5;;;1,84
NJN;deit_tiny;RGB+HSV;ccat;lora;channel;False;on;full_image;group;1;f4_deit_tiny_njn_ccat;0,898795;0,0531414;0,0382802;False;83,2895;0,759231;0,5;;;1,6
NJN;deit_tiny;RGB+HSV;stemcnn;lora;channel;False;on;full_image;group;1;f7_stemcnn_deit_tiny_njn;0,859286;0,102526;0,0738541;False;81,4474;0,766546;0,5;;;3,09
NJN;deit_tiny;RGB+LAB;adapter_v2;lora;channel;False;on;full_image;group;1;f1_deit_tiny_njn;0,962321;0,0100303;0,00722525;True;90,6579;0,880176;0,45;;;3,28
NJN;deit_tiny;RGB+LAB+HSV;adapter_v2;lora;channel;False;on;full_image;group;1;f1_deit_tiny_njn;0,935804;0,0400459;0,0288469;False;87,6316;0,833389;0,5;;;2,23
NJN;deit_tiny;RGB+LAB+YCrCb;adapter_v2;lora;channel;False;on;full_image;group;1;f1_deit_tiny_njn;0,950625;0,0302059;0,0217587;False;88,9474;0,861662;0,4;;;3,53
NJN;deit_tiny;RGB+LAB+YCrCb+HSV;adapter_v2;lora;channel;False;on;full_image;group;1;f1_deit_tiny_njn;0,927277;0,0601691;0,0433425;False;87,8947;0,839851;0,5;;;2,61
NJN;deit_tiny;RGB+LAB+YCrCb+HSV;ccat;lora;channel;False;on;full_image;group;1;f4_deit_tiny_njn_ccat4;0,957902;0,0237116;0,0170805;False;88,9474;0,85369;0,55;;;3,1
NJN;deit_tiny;RGB+YCrCb;adapter_v2;lora;channel;False;on;full_image;group;1;f1_deit_tiny_njn;0,949821;0,0279574;0,020139;False;88,4211;0,840543;0,5;;;2,38
NJN;deit_tiny;RGB+YCrCb+HSV;adapter_v2;lora;channel;False;on;full_image;group;1;f1_deit_tiny_njn;0,946339;0,0164139;0,0118237;False;87,6316;0,835872;0,5;;;2,14
NJN;deit_tiny;YCrCb;adapter_v2;lora;channel;False;on;full_image;group;1;f1_deit_tiny_njn;0,903616;0,0503578;0,036275;False;82,8947;0,755703;0,55;;;2,29
NJN;deit_tiny;YCrCb+HSV;adapter_v2;lora;channel;False;on;full_image;group;1;f1_deit_tiny_njn;0,886384;0,0560735;0,0403923;False;83,6842;0,773473;0,55;;;2,86
NJN;densenet121;HSV;adapter_v2;lora;channel;False;on;full_image;group;1;f1_densenet121_njn;0,898661;0,0322873;0,023258;False;84,4737;0,773121;0,5;;;3,01
NJN;densenet121;LAB;adapter_v2;lora;channel;False;on;full_image;group;1;f1_densenet121_njn;0,92683;0,0183849;0,0132435;False;84,4737;0,781255;0,5;;;4,67
NJN;densenet121;LAB+HSV;adapter_v2;lora;channel;False;on;full_image;group;1;f1_densenet121_njn;0,917946;0,0276676;0,0199302;False;86,1842;0,799827;0,5;;;4,9
NJN;densenet121;LAB+YCrCb;adapter_v2;lora;channel;False;on;full_image;group;1;f1_densenet121_njn;0,916741;0,0152399;0,010978;False;84,8684;0,803832;0,5;;;4,65
NJN;densenet121;LAB+YCrCb+HSV;adapter_v2;lora;channel;False;on;full_image;group;1;f1_densenet121_njn;0,901161;0,0665317;0,0479258;False;83,5526;0,75224;0,55;;;5,32
NJN;densenet121;RGB;adapter_v2;lora;channel;False;on;full_image;random;5;f7_tracka_densenet121_njn_random;0,942029;0,0103915;0,00748546;True;89,9211;0,866151;0,5;;;12,78
NJN;densenet121;RGB;adapter_v2;lora;channel;False;on;full_image;group;1;f2_densenet121_njn_full_image;0,960759;0,0160301;0,0115472;False;88,1579;0,818469;0,5;;;2,5
NJN;densenet121;RGB;adapter_v2;lora;channel;False;on;full_image;group;5;f7_tracka_densenet121_njn_group;0,945691;0,0131968;0,00950627;True;89,8947;0,868969;0,5;;;13,33
NJN;densenet121;RGB;adapter_v2;lora;channel;False;on;skin_roi;group;1;f2_densenet121_njn_skin_roi;0,908795;0,0373369;0,0268955;False;84,0789;0,775513;0,45;;;3,12
NJN;densenet121;RGB;adapter_v2;lora;channel;False;on;full_image;group;1;f1_densenet121_njn;0,960759;0,0160301;0,0115472;False;88,1579;0,818469;0,5;;;2,25
NJN;densenet121;RGB;stemcnn;lora;channel;False;on;full_image;group;1;f7_stemcnn_densenet121_njn;0,914509;0,0363213;0,0261639;False;86,0526;0,806053;0,5;;;4,68
NJN;densenet121;RGB+HSV;adapter_v2;lora;channel;False;on;full_image;group;1;f1_densenet121_njn;0,962634;0,0141467;0,0101905;False;89,8684;0,85553;0,5;;;3,53
NJN;densenet121;RGB+LAB;adapter_v2;lora;channel;False;on;full_image;group;1;f1_densenet121_njn;0,969018;0,00911759;0,00656781;True;90,7895;0,869613;0,5;;;3,75
NJN;densenet121;RGB+LAB+HSV;adapter_v2;lora;channel;False;on;full_image;group;1;f1_densenet121_njn;0,95817;0,0308645;0,0222331;False;88,5526;0,837018;0,5;;;3,31
NJN;densenet121;RGB+LAB+YCrCb;adapter_v2;lora;channel;False;on;full_image;group;1;f1_densenet121_njn;0,969643;0,0101947;0,00734372;True;91,9737;0,886392;0,5;;;4,13
NJN;densenet121;RGB+LAB+YCrCb+HSV;adapter_v2;lora;channel;False;on;full_image;group;1;f1_densenet121_njn;0,976562;0,0104312;0,00751407;True;92,5;0,901646;0,5;;;4,69
NJN;densenet121;RGB+YCrCb;adapter_v2;lora;channel;False;on;full_image;group;1;f1_densenet121_njn;0,970491;0,00449217;0,00323591;True;91,8421;0,890519;0,5;;;2,72
NJN;densenet121;RGB+YCrCb;adapter_v2;lora;channel;False;on;skin_roi;group;1;f2_densenet121_njn_skin_roi;0,912054;0,0204412;0,0147247;False;83,8158;0,771577;0,5;;;3,36
NJN;densenet121;RGB+YCrCb;adapter_v2;lora;channel;False;on;full_image;group;5;f7_tracka_densenet121_njn_group;0,945333;0,00678493;0,00488749;True;90,0789;0,870618;0,5;;;14,69
NJN;densenet121;RGB+YCrCb;adapter_v2;lora;channel;False;on;full_image;group;1;f2_densenet121_njn_full_image;0,970491;0,00449217;0,00323591;True;91,8421;0,890519;0,5;;;2,7
NJN;densenet121;RGB+YCrCb;adapter_v2;lora;channel;False;on;full_image;random;5;f7_tracka_densenet121_njn_random;0,93963;0,011237;0,0080945;True;89,0263;0,855505;0,5;;;15,85
NJN;densenet121;RGB+YCrCb;stemcnn;lora;channel;False;on;full_image;group;1;f7_stemcnn_densenet121_njn;0,922098;0,0318851;0,0229683;False;86,0526;0,799949;0,55;;;4,62
NJN;densenet121;RGB+YCrCb+HSV;adapter_v2;lora;channel;False;on;full_image;group;1;f1_densenet121_njn;0,968973;0,00579384;0,00417357;True;92,6316;0,902572;0,5;;;4,86
NJN;densenet121;YCrCb;adapter_v2;lora;channel;False;on;full_image;group;1;f1_densenet121_njn;0,914688;0,0285347;0,0205548;False;85,7895;0,801606;0,5;;;4,96
NJN;densenet121;YCrCb+HSV;adapter_v2;lora;channel;False;on;full_image;group;1;f1_densenet121_njn;0,880402;0,0423295;0,0304919;False;82,6316;0,765622;0,5;;;3,96
NJN;dinov3_vits16;HSV;adapter_v2;lora;channel;False;on;full_image;group;1;f1_dinov3_vits16_njn;0,89;0,0525848;0,0378792;False;84,7368;0,775569;0,55;;;3,23
NJN;dinov3_vits16;LAB;adapter_v2;lora;channel;False;on;full_image;group;1;f1_dinov3_vits16_njn;0,937098;0,0139826;0,0100723;False;87,2368;0,835029;0,5;;;5,08
NJN;dinov3_vits16;LAB+HSV;adapter_v2;lora;channel;False;on;full_image;group;1;f1_dinov3_vits16_njn;0,905223;0,0130802;0,00942229;True;81,9737;0,711607;0,75;;;4,44
NJN;dinov3_vits16;LAB+YCrCb;adapter_v2;lora;channel;False;on;full_image;group;1;f1_dinov3_vits16_njn;0,884955;0,0272324;0,0196168;False;83,6842;0,780411;0,55;;;5,57
NJN;dinov3_vits16;LAB+YCrCb+HSV;adapter_v2;lora;channel;False;on;full_image;group;1;f1_dinov3_vits16_njn;0,884866;0,0192872;0,0138935;False;83,0263;0,778183;0,5;;;4,09
NJN;dinov3_vits16;RGB;adapter_v2;lora;channel;False;on;skin_roi;group;1;f3_dinov3_njn_calibrado;0,898996;0,0193648;0,0139494;False;84,0789;0,77777;0,55;;;2,7
NJN;dinov3_vits16;RGB;adapter_v2;lora;channel;False;on;full_image;group;1;f1_dinov3_vits16_njn;0,95808;0,00908594;0,00654501;True;91,1842;0,882216;0,5;;;3,71
NJN;dinov3_vits16;RGB;stemcnn;lora;channel;False;on;full_image;group;1;f7_stemcnn_dinov3_vits16_njn;0,869554;0,0411028;0,0296082;False;81,5789;0,749182;0,5;;;4,39
NJN;dinov3_vits16;RGB+HSV;adapter_v2;lora;channel;False;on;full_image;group;1;f1_dinov3_vits16_njn;0,946562;0,015886;0,0114434;False;88,8158;0,849704;0,5;;;5,28
NJN;dinov3_vits16;RGB+LAB;adapter_v2;lora;channel;False;on;full_image;group;1;f1_dinov3_vits16_njn;0,947991;0,0166294;0,0119789;False;86,3158;0,794348;0,8;;;5,14
NJN;dinov3_vits16;RGB+LAB+HSV;adapter_v2;lora;channel;False;on;full_image;group;1;f1_dinov3_vits16_njn;0,949062;0,0099089;0,00713783;True;90,3947;0,873676;0,5;;;5,31
NJN;dinov3_vits16;RGB+LAB+YCrCb;adapter_v2;lora;channel;False;on;full_image;group;1;f1_dinov3_vits16_njn;0,947009;0,0135305;0,00974667;True;89,8684;0,867257;0,5;;;4,97
NJN;dinov3_vits16;RGB+LAB+YCrCb+HSV;adapter_v2;lora;channel;False;on;full_image;group;1;f1_dinov3_vits16_njn;0,95375;0,0101407;0,0073048;True;89,8684;0,865666;0,55;;;5,69
NJN;dinov3_vits16;RGB+YCrCb;adapter_v2;lora;channel;False;on;full_image;group;1;f1_dinov3_vits16_njn;0,938661;0,0275457;0,0198424;False;89,3421;0,859483;0,5;;;4,5
NJN;dinov3_vits16;RGB+YCrCb+HSV;adapter_v2;lora;channel;False;on;full_image;group;1;f1_dinov3_vits16_njn;0,94933;0,0110897;0,00798845;True;90,5263;0,876687;0,5;;;4,5
NJN;dinov3_vits16;RGB+YCrCb+HSV;adapter_v2;lora;channel;False;on;skin_roi;group;1;f3_dinov3_njn_calibrado;0,889911;0,0165547;0,0119251;False;82,8947;0,775352;0,5;;;3,53
NJN;dinov3_vits16;RGB+YCrCb+HSV;stemcnn;lora;channel;False;on;full_image;group;1;f7_stemcnn_dinov3_vits16_njn;0,906384;0,029748;0,0214289;False;84,8684;0,803269;0,5;;;5,36
NJN;dinov3_vits16;YCrCb;adapter_v2;lora;channel;False;on;full_image;group;1;f1_dinov3_vits16_njn;0,852589;0,169811;0,122322;False;81,7105;0,75184;0,5;;;3,76
NJN;dinov3_vits16;YCrCb+HSV;adapter_v2;lora;channel;False;on;full_image;group;1;f1_dinov3_vits16_njn;0,856473;0,133617;0,0962504;False;82,8947;0,75329;0,5;;;3,33
NJN;efficientnet_b0;HSV;adapter_v2;lora;channel;False;on;full_image;group;1;f1_efficientnet_b0_njn;0,912411;0,0207753;0,0149654;False;87,3684;0,822206;0,5;;;2,89
NJN;efficientnet_b0;LAB;adapter_v2;lora;channel;False;on;full_image;group;1;f1_efficientnet_b0_njn;0,922366;0,0195424;0,0140773;False;85,3947;0,801426;0,5;;;2,63
NJN;efficientnet_b0;LAB+HSV;adapter_v2;lora;channel;False;on;full_image;group;1;f1_efficientnet_b0_njn;0,907143;0,046858;0,033754;False;85,3947;0,786486;0,5;;;2,9
NJN;efficientnet_b0;LAB+YCrCb;adapter_v2;lora;channel;False;on;full_image;group;1;f1_efficientnet_b0_njn;0,889598;0,0255621;0,0184135;False;83,6842;0,774933;0,5;;;2,25
NJN;efficientnet_b0;LAB+YCrCb+HSV;adapter_v2;lora;channel;False;on;full_image;group;1;f1_efficientnet_b0_njn;0,912679;0,0313717;0,0225985;False;86,5789;0,811259;0,5;;;2,98
NJN;efficientnet_b0;RGB;adapter_v2;lora;channel;False;on;full_image;group;1;f2_efficientnet_b0_njn_full_image;0,977723;0,00802895;0,00578362;True;91,1842;0,879621;0,5;;;2
NJN;efficientnet_b0;RGB;adapter_v2;lora;channel;False;on;full_image;group;1;f1_efficientnet_b0_njn;0,977723;0,00802895;0,00578362;True;91,1842;0,879621;0,5;;;2,02
NJN;efficientnet_b0;RGB;adapter_v2;lora;channel;False;on;skin_roi;group;1;f2_efficientnet_b0_njn_skin_roi;0,886875;0,0254694;0,0183467;False;83,6842;0,775096;0,5;;;2,26
NJN;efficientnet_b0;RGB+HSV;adapter_v2;lora;channel;False;on;full_image;group;1;f1_efficientnet_b0_njn;0,97875;0,00829483;0,00597514;True;92,8947;0,90434;0,45;;;2,21
NJN;efficientnet_b0;RGB+HSV;adapter_v2;lora;channel;False;on;full_image;group;1;f2_efficientnet_b0_njn_full_image;0,97875;0,00829483;0,00597514;True;92,8947;0,90434;0,45;;;2,19
NJN;efficientnet_b0;RGB+HSV;adapter_v2;lora;channel;False;on;skin_roi;group;1;f2_efficientnet_b0_njn_skin_roi;0,882321;0,0435707;0,031386;False;84,6053;0,772988;0,55;;;1,93
NJN;efficientnet_b0;RGB+LAB;adapter_v2;lora;channel;False;on;full_image;group;1;f1_efficientnet_b0_njn;0,976562;0,0112017;0,00806913;True;91,3158;0,884472;0,5;;;2,94
NJN;efficientnet_b0;RGB+LAB+HSV;adapter_v2;lora;channel;False;on;full_image;group;1;f1_efficientnet_b0_njn;0,979063;0,00672756;0,00484617;True;93,4211;0,91256;0,5;;;2,72
NJN;efficientnet_b0;RGB+LAB+YCrCb;adapter_v2;lora;channel;False;on;full_image;group;1;f1_efficientnet_b0_njn;0,978661;0,00694996;0,00500637;True;92,7632;0,901854;0,65;;;2,84
NJN;efficientnet_b0;RGB+LAB+YCrCb+HSV;adapter_v2;lora;channel;False;on;full_image;group;1;f1_efficientnet_b0_njn;0,982857;0,011021;0,0079389;True;92,5;0,898511;0,5;;;3,69
NJN;efficientnet_b0;RGB+YCrCb;adapter_v2;lora;channel;False;on;full_image;group;1;f1_efficientnet_b0_njn;0,975848;0,0168296;0,0121231;False;91,9737;0,891811;0,55;;;2,66
NJN;efficientnet_b0;RGB+YCrCb+HSV;adapter_v2;lora;channel;False;on;full_image;group;1;f1_efficientnet_b0_njn;0,975938;0,00879379;0,00633457;True;92,6316;0,90282;0,5;;;2,39
NJN;efficientnet_b0;YCrCb;adapter_v2;lora;channel;False;on;full_image;group;1;f1_efficientnet_b0_njn;0,905937;0,0239196;0,0172304;False;85,3947;0,805963;0,5;;;2,55
NJN;efficientnet_b0;YCrCb+HSV;adapter_v2;lora;channel;False;on;full_image;group;1;f1_efficientnet_b0_njn;0,924152;0,02032;0,0146374;False;86,4474;0,811748;0,5;;;2,82
NJN;efficientnet_b4;HSV;adapter_v2;lora;channel;False;on;full_image;group;1;f1_efficientnet_b4_njn;0,77183;0,118015;0,0850115;False;78,9474;0,671066;0,5;;;2,99
NJN;efficientnet_b4;LAB;adapter_v2;lora;channel;False;on;full_image;group;1;f1_efficientnet_b4_njn;0,859241;0,0479368;0,0345311;False;83,4211;0,761451;0,5;;;3,99
NJN;efficientnet_b4;LAB+HSV;adapter_v2;lora;channel;False;on;full_image;group;1;f1_efficientnet_b4_njn;0,775513;0,176772;0,127337;False;81,4474;0,71386;0,55;;;3,48
NJN;efficientnet_b4;LAB+YCrCb;adapter_v2;lora;channel;False;on;full_image;group;1;f1_efficientnet_b4_njn;0,866161;0,0687122;0,0494965;False;83,6842;0,784729;0,35;;;3,86
NJN;efficientnet_b4;LAB+YCrCb+HSV;adapter_v2;lora;channel;False;on;full_image;group;1;f1_efficientnet_b4_njn;0,812634;0,113821;0,0819902;False;81,4474;0,721529;0,5;;;3,49
NJN;efficientnet_b4;RGB;adapter_v2;lora;channel;False;on;full_image;group;1;f1_efficientnet_b4_njn;0,96067;0,0181653;0,0130853;False;91,1842;0,879128;0,5;;;1,91
NJN;efficientnet_b4;RGB+HSV;adapter_v2;lora;channel;False;on;full_image;group;1;f1_efficientnet_b4_njn;0,956205;0,0172433;0,0124211;False;89,3421;0,852336;0,55;;;4,29
NJN;efficientnet_b4;RGB+LAB;adapter_v2;lora;channel;False;on;full_image;group;1;f1_efficientnet_b4_njn;0,959196;0,0160361;0,0115515;False;89,3421;0,852106;0,5;;;4,33
NJN;efficientnet_b4;RGB+LAB+HSV;adapter_v2;lora;channel;False;on;full_image;group;1;f1_efficientnet_b4_njn;0,939308;0,016864;0,0121479;False;89,0789;0,85109;0,55;;;3,99
NJN;efficientnet_b4;RGB+LAB+YCrCb;adapter_v2;lora;channel;False;on;full_image;group;1;f1_efficientnet_b4_njn;0,953147;0,0339908;0,0244851;False;90,9211;0,879775;0,55;;;4,31
NJN;efficientnet_b4;RGB+LAB+YCrCb+HSV;adapter_v2;lora;channel;False;on;full_image;group;1;f1_efficientnet_b4_njn;0,953393;0,00674751;0,00486054;True;89,6053;0,85953;0,5;;;3,97
NJN;efficientnet_b4;RGB+YCrCb;adapter_v2;lora;channel;False;on;full_image;group;1;f1_efficientnet_b4_njn;0,956652;0,0117185;0,0084414;True;89,0789;0,847118;0,5;;;3,43
NJN;efficientnet_b4;RGB+YCrCb+HSV;adapter_v2;lora;channel;False;on;full_image;group;1;f1_efficientnet_b4_njn;0,942098;0,0354678;0,0255491;False;89,6053;0,855252;0,5;;;3,31
NJN;efficientnet_b4;YCrCb;adapter_v2;lora;channel;False;on;full_image;group;1;f1_efficientnet_b4_njn;0,887344;0,0406727;0,0292984;False;83,5526;0,766026;0,5;;;4,05
NJN;efficientnet_b4;YCrCb+HSV;adapter_v2;lora;channel;False;on;full_image;group;1;f1_efficientnet_b4_njn;0,814866;0,125191;0,0901811;False;83,6842;0,757687;0,35;;;3,72
NJN;inception_v3;HSV;adapter_v2;lora;channel;False;on;full_image;group;1;f1_inception_v3_njn;0,911295;0,0104709;0,00754266;True;83,9474;0,766669;0,5;;;2,33
NJN;inception_v3;LAB;adapter_v2;lora;channel;False;on;full_image;group;1;f1_inception_v3_njn;0,863527;0,0276634;0,0199272;False;82,7632;0,761336;0,4;;;2,54
NJN;inception_v3;LAB+HSV;adapter_v2;lora;channel;False;on;full_image;group;1;f1_inception_v3_njn;0,859375;0,0197668;0,0142389;False;81,5789;0,726339;0,5;;;2,7
NJN;inception_v3;LAB+YCrCb;adapter_v2;lora;channel;False;on;full_image;group;1;f1_inception_v3_njn;0,84125;0,0196571;0,0141599;False;80,6579;0,691601;0,5;;;2,96
NJN;inception_v3;LAB+YCrCb+HSV;adapter_v2;lora;channel;False;on;full_image;group;1;f1_inception_v3_njn;0,86558;0,0207927;0,0149779;False;82,5;0,74649;0,5;;;3,17
NJN;inception_v3;RGB;adapter_v2;lora;channel;False;on;full_image;group;1;f1_inception_v3_njn;0,915937;0,0373682;0,0269181;False;85,1316;0,792174;0,4;;;1,97
NJN;inception_v3;RGB+HSV;adapter_v2;lora;channel;False;on;full_image;group;1;f1_inception_v3_njn;0,913214;0,00514573;0,0037067;True;84,3421;0,762079;0,5;;;2,49
NJN;inception_v3;RGB+LAB;adapter_v2;lora;channel;False;on;full_image;group;1;f1_inception_v3_njn;0,917946;0,0109899;0,00791653;True;85;0,776233;0,5;;;2,61
NJN;inception_v3;RGB+LAB+HSV;adapter_v2;lora;channel;False;on;full_image;group;1;f1_inception_v3_njn;0,909598;0,016679;0,0120147;False;84,3421;0,762637;0,5;;;3,06
NJN;inception_v3;RGB+LAB+YCrCb;adapter_v2;lora;channel;False;on;full_image;group;1;f1_inception_v3_njn;0,904062;0,0318721;0,0229589;False;84,3421;0,771453;0,5;;;2,84
NJN;inception_v3;RGB+LAB+YCrCb+HSV;adapter_v2;lora;channel;False;on;full_image;group;1;f1_inception_v3_njn;0,900848;0,0252361;0,0181787;False;84,3421;0,770558;0,5;;;3,04
NJN;inception_v3;RGB+YCrCb;adapter_v2;lora;channel;False;on;full_image;group;1;f1_inception_v3_njn;0,918036;0,0101973;0,00734562;True;85,2632;0,790105;0,4;;;2,04
NJN;inception_v3;RGB+YCrCb+HSV;adapter_v2;lora;channel;False;on;full_image;group;1;f1_inception_v3_njn;0,910313;0,0167782;0,0120861;False;85,1316;0,775858;0,5;;;3,08
NJN;inception_v3;YCrCb;adapter_v2;lora;channel;False;on;full_image;group;1;f1_inception_v3_njn;0,861295;0,022206;0,015996;False;79,7368;0,677968;0,5;;;3,04
NJN;inception_v3;YCrCb+HSV;adapter_v2;lora;channel;False;on;full_image;group;1;f1_inception_v3_njn;0,881205;0,0275861;0,0198715;False;84,0789;0,777134;0,45;;;2,63
NJN;mobilenetv3_large;HSV;adapter_v2;lora;channel;False;on;full_image;group;1;f1_mobilenetv3_large_njn;0,907902;0,0351878;0,0253474;False;86,5789;0,806258;0,5;;;2,02
NJN;mobilenetv3_large;LAB;adapter_v2;lora;channel;False;on;full_image;group;1;f1_mobilenetv3_large_njn;0,937009;0,0283307;0,0204079;False;87,3684;0,829045;0,5;;;1,86
NJN;mobilenetv3_large;LAB+HSV;adapter_v2;lora;channel;False;on;full_image;group;1;f1_mobilenetv3_large_njn;0,898527;0,0170013;0,0122468;False;83,6842;0,759743;0,55;;;1,68
NJN;mobilenetv3_large;LAB+YCrCb;adapter_v2;lora;channel;False;on;full_image;group;1;f1_mobilenetv3_large_njn;0,919062;0,0270087;0,0194556;False;86,5789;0,808605;0,5;;;1,94
NJN;mobilenetv3_large;LAB+YCrCb+HSV;adapter_v2;lora;channel;False;on;full_image;group;1;f1_mobilenetv3_large_njn;0,880179;0,0410962;0,0296034;False;83,4211;0,782897;0,55;;;1,98
NJN;mobilenetv3_large;RGB;adapter_v2;lora;channel;False;on;full_image;group;1;f1_mobilenetv3_large_njn;0,989375;0,00263372;0,00189719;True;93,9474;0,919034;0,5;;;1,44
NJN;mobilenetv3_large;RGB+HSV;adapter_v2;lora;channel;False;on;full_image;group;1;f1_mobilenetv3_large_njn;0,976562;0,0135864;0,00978687;True;92,2368;0,898771;0,45;;;1,64
NJN;mobilenetv3_large;RGB+LAB;adapter_v2;lora;channel;False;on;full_image;group;1;f1_mobilenetv3_large_njn;0,980446;0,0110231;0,00794041;True;91,8421;0,885926;0,65;;;1,72
NJN;mobilenetv3_large;RGB+LAB+HSV;adapter_v2;lora;channel;False;on;full_image;group;1;f1_mobilenetv3_large_njn;0,986027;0,00687216;0,00495033;True;94,7368;0,931346;0,5;;;2,12
NJN;mobilenetv3_large;RGB+LAB+YCrCb;adapter_v2;lora;channel;False;on;full_image;group;1;f1_mobilenetv3_large_njn;0,986563;0,00447074;0,00322048;True;93,4211;0,911935;0,5;;;2,31
NJN;mobilenetv3_large;RGB+LAB+YCrCb+HSV;adapter_v2;lora;channel;False;on;full_image;group;1;f1_mobilenetv3_large_njn;0,984643;0,00711868;0,00512791;True;93,6842;0,917041;0,5;;;2,57
NJN;mobilenetv3_large;RGB+YCrCb;adapter_v2;lora;channel;False;on;full_image;group;1;f1_mobilenetv3_large_njn;0,989911;0,00876755;0,00631566;True;95,5263;0,940535;0,5;;;2,22
NJN;mobilenetv3_large;RGB+YCrCb+HSV;adapter_v2;lora;channel;False;on;full_image;group;1;f1_mobilenetv3_large_njn;0,988884;0,00542549;0,00390823;True;94,3421;0,923925;0,5;;;2,12
NJN;mobilenetv3_large;YCrCb;adapter_v2;lora;channel;False;on;full_image;group;1;f1_mobilenetv3_large_njn;0,923973;0,0462672;0,0333284;False;87,1053;0,826831;0,4;;;1,59
NJN;mobilenetv3_large;YCrCb+HSV;adapter_v2;lora;channel;False;on;full_image;group;1;f1_mobilenetv3_large_njn;0,860357;0,0386207;0,0278203;False;84,2105;0,769948;0,5;;;1,8
NJN;resnet18;HSV;adapter_v2;lora;channel;False;on;full_image;group;1;f1_resnet18_njn;0,896161;0,0257916;0,0185788;False;85,9211;0,79298;0,5;;;1,4
NJN;resnet18;LAB;adapter_v2;lora;channel;False;on;full_image;group;1;f1_resnet18_njn;0,930268;0,0228655;0,0164711;False;85,1316;0,77788;0,5;;;1,66
NJN;resnet18;LAB+HSV;adapter_v2;lora;channel;False;on;full_image;group;1;f1_resnet18_njn;0,912009;0,0074431;0,00536161;True;85,1316;0,781341;0,5;;;1,7
NJN;resnet18;LAB+YCrCb;adapter_v2;lora;channel;False;on;full_image;group;1;f1_resnet18_njn;0,884375;0,0158937;0,011449;False;81,5789;0,728378;0,5;;;2
NJN;resnet18;LAB+YCrCb+HSV;adapter_v2;lora;channel;False;on;full_image;group;1;f1_resnet18_njn;0,883571;0,0219065;0,0157802;False;82,1053;0,728893;0,5;;;2
NJN;resnet18;RGB;adapter_v2;lora;channel;False;on;full_image;group;1;f1_resnet18_njn;0,96567;0,0143513;0,0103379;False;89,2105;0,85211;0,45;;;1,46
NJN;resnet18;RGB+HSV;adapter_v2;lora;channel;False;on;full_image;group;1;f1_resnet18_njn;0,96625;0,0172444;0,012422;False;89,6053;0,858792;0,45;;;1,83
NJN;resnet18;RGB+LAB;adapter_v2;lora;channel;False;on;full_image;group;1;f1_resnet18_njn;0,966429;0,00869982;0,00626688;True;90,9211;0,8842;0,4;;;1,8
NJN;resnet18;RGB+LAB+HSV;adapter_v2;lora;channel;False;on;full_image;group;1;f1_resnet18_njn;0,961429;0,0036105;0,00260081;True;86,5789;0,801033;0,5;;;1,97
NJN;resnet18;RGB+LAB+YCrCb;adapter_v2;lora;channel;False;on;full_image;group;1;f1_resnet18_njn;0,962054;0,00360837;0,00259927;True;87,3684;0,814344;0,5;;;2,08
NJN;resnet18;RGB+LAB+YCrCb+HSV;adapter_v2;lora;channel;False;on;full_image;group;1;f1_resnet18_njn;0,974241;0,00883997;0,00636783;True;90;0,856715;0,5;;;2,37
NJN;resnet18;RGB+YCrCb;adapter_v2;lora;channel;False;on;full_image;group;1;f1_resnet18_njn;0,963839;0,0145091;0,0104516;False;90,6579;0,872427;0,5;;;1,47
NJN;resnet18;RGB+YCrCb+HSV;adapter_v2;lora;channel;False;on;full_image;group;1;f1_resnet18_njn;0,962098;0,00734963;0,00529427;True;88,0263;0,829102;0,5;;;1,87
NJN;resnet18;YCrCb;adapter_v2;lora;channel;False;on;full_image;group;1;f1_resnet18_njn;0,89692;0,0295841;0,0213108;False;83,4211;0,7697;0,5;;;1,43
NJN;resnet18;YCrCb+HSV;adapter_v2;lora;channel;False;on;full_image;group;1;f1_resnet18_njn;0,874018;0,0201293;0,0145001;False;83,5526;0,755036;0,5;;;1,61
NJN;resnet50;HSV;adapter_v2;lora;channel;False;on;full_image;group;1;f1_resnet50_njn;0,900848;0,0252543;0,0181918;False;86,8421;0,804886;0,5;;;3,37
NJN;resnet50;LAB;adapter_v2;lora;channel;False;on;full_image;group;1;f1_resnet50_njn;0,943348;0,0136081;0,00980254;True;88,8158;0,848078;0,5;;;4,51
NJN;resnet50;LAB+HSV;adapter_v2;lora;channel;False;on;full_image;group;1;f1_resnet50_njn;0,909554;0,0119811;0,00863052;True;85,3947;0,791974;0,5;;;4,14
NJN;resnet50;LAB+YCrCb;adapter_v2;lora;channel;False;on;full_image;group;1;f1_resnet50_njn;0,869509;0,0226834;0,0163399;False;83,0263;0,769078;0,5;;;3,58
NJN;resnet50;LAB+YCrCb+HSV;adapter_v2;lora;channel;False;on;full_image;group;1;f1_resnet50_njn;0,865446;0,0293639;0,0211521;False;83,5526;0,778621;0,5;;;5,65
NJN;resnet50;RGB;adapter_v2;lora;channel;False;on;full_image;group;1;f2_resnet50_njn_full_image;0,970491;0,00792059;0,00570556;True;91,4474;0,884849;0,5;;;2,52
NJN;resnet50;RGB;adapter_v2;lora;channel;False;on;skin_roi;group;1;f2_resnet50_njn_skin_roi;0,923795;0,0314598;0,022662;False;86,5789;0,812417;0,5;;;3,15
NJN;resnet50;RGB;adapter_v2;lora;channel;False;on;full_image;group;1;f1_resnet50_njn;0,970491;0,00792059;0,00570556;True;91,4474;0,884849;0,5;;;2,54
NJN;resnet50;RGB+HSV;adapter_v2;lora;channel;False;on;full_image;group;1;f1_resnet50_njn;0,967768;0,00278953;0,00200942;True;91,9737;0,889423;0,5;;;4,65
NJN;resnet50;RGB+LAB;adapter_v2;lora;channel;False;on;full_image;group;1;f1_resnet50_njn;0,960402;0,0142522;0,0102665;False;88,4211;0,829635;0,6;;;3,4
NJN;resnet50;RGB+LAB+HSV;adapter_v2;lora;channel;False;on;full_image;group;1;f1_resnet50_njn;0,970313;0,00980094;0,00706007;True;90;0,861353;0,5;;;4,56
NJN;resnet50;RGB+LAB+YCrCb;adapter_v2;lora;channel;False;on;full_image;group;1;f1_resnet50_njn;0,96567;0,0164382;0,0118412;False;90,7895;0,876588;0,5;;;4,27
NJN;resnet50;RGB+LAB+YCrCb+HSV;adapter_v2;lora;channel;False;on;skin_roi;group;1;f2_resnet50_njn_skin_roi;0,918795;0,0246517;0,0177578;False;85,5263;0,805051;0,5;;;3,56
NJN;resnet50;RGB+LAB+YCrCb+HSV;adapter_v2;lora;channel;False;on;full_image;group;1;f2_resnet50_njn_full_image;0,97183;0,0116016;0,00835716;True;91,8421;0,892876;0,5;;;4,21
NJN;resnet50;RGB+LAB+YCrCb+HSV;adapter_v2;lora;channel;False;on;full_image;group;1;f1_resnet50_njn;0,97183;0,0116016;0,00835716;True;91,8421;0,892876;0,5;;;4,29
NJN;resnet50;RGB+YCrCb;adapter_v2;lora;channel;False;on;full_image;group;1;f1_resnet50_njn;0,965446;0,00897322;0,00646382;True;91,3158;0,880638;0,5;;;4,66
NJN;resnet50;RGB+YCrCb+HSV;adapter_v2;lora;channel;False;on;full_image;group;1;f1_resnet50_njn;0,970357;0,00896679;0,00645919;True;90,6579;0,871541;0,5;;;4,65
NJN;resnet50;YCrCb;adapter_v2;lora;channel;False;on;full_image;group;1;f1_resnet50_njn;0,874866;0,027564;0,0198556;False;82,2368;0,758006;0,5;;;3,2
NJN;resnet50;YCrCb+HSV;adapter_v2;lora;channel;False;on;full_image;group;1;f1_resnet50_njn;0,884509;0,0158787;0,0114382;False;84,3421;0,772541;0,5;;;4,25
NJN;vit_b_16;HSV;adapter_v2;lora;channel;False;on;full_image;group;1;f1_vit_b_16_njn;0,918304;0,0325621;0,023456;False;87,2368;0,831382;0,5;;;4,24
NJN;vit_b_16;LAB;adapter_v2;lora;channel;False;on;full_image;group;1;f1_vit_b_16_njn;0,938795;0,0147798;0,0106465;False;90;0,864444;0,5;;;4,86
NJN;vit_b_16;LAB+HSV;adapter_v2;lora;channel;False;on;full_image;group;1;f1_vit_b_16_njn;0,902143;0,0172369;0,0124165;False;86,0526;0,804261;0,5;;;5,24
NJN;vit_b_16;LAB+YCrCb;adapter_v2;lora;channel;False;on;full_image;group;1;f1_vit_b_16_njn;0,891295;0,0253011;0,0182256;False;84,6053;0,776448;0,5;;;5,17
NJN;vit_b_16;LAB+YCrCb+HSV;adapter_v2;lora;channel;False;on;full_image;group;1;f1_vit_b_16_njn;0,91433;0,023614;0,0170103;False;87,1053;0,814328;0,5;;;6,63
NJN;vit_b_16;RGB;adapter_v2;lora;channel;False;on;full_image;group;1;f1_vit_b_16_njn;0,976161;0,00387723;0,00279295;True;91,7105;0,886394;0,5;;;2,86
NJN;vit_b_16;RGB+HSV;adapter_v2;lora;channel;False;on;full_image;group;1;f1_vit_b_16_njn;0,969509;0,00617756;0,00444998;True;90,5263;0,867092;0,6;;;3,76
NJN;vit_b_16;RGB+LAB;adapter_v2;lora;channel;False;on;full_image;group;1;f1_vit_b_16_njn;0,97058;0,0064477;0,00464457;True;91,7105;0,888693;0,5;;;3,95
NJN;vit_b_16;RGB+LAB+HSV;adapter_v2;lora;channel;False;on;full_image;group;1;f1_vit_b_16_njn;0,977054;0,0111921;0,00806221;True;92,8947;0,906171;0,5;;;5,38
NJN;vit_b_16;RGB+LAB+YCrCb;adapter_v2;lora;channel;False;on;full_image;group;1;f1_vit_b_16_njn;0,97692;0,0139112;0,0100209;False;92,5;0,89968;0,5;;;4,82
NJN;vit_b_16;RGB+LAB+YCrCb+HSV;adapter_v2;lora;channel;False;on;full_image;group;1;f1_vit_b_16_njn;0,981964;0,0115867;0,00834642;True;92,2368;0,893039;0,5;;;3,61
NJN;vit_b_16;RGB+YCrCb;adapter_v2;lora;channel;False;on;full_image;group;1;f1_vit_b_16_njn;0,96942;0,00662284;0,00477073;True;90,6579;0,869055;0,6;;;3,79
NJN;vit_b_16;RGB+YCrCb+HSV;adapter_v2;lora;channel;False;on;full_image;group;1;f1_vit_b_16_njn;0,977366;0,0107425;0,0077383;True;93,0263;0,907534;0,5;;;5,33
NJN;vit_b_16;YCrCb;adapter_v2;lora;channel;False;on;full_image;group;1;f1_vit_b_16_njn;0,919196;0,00771324;0,0055562;True;87,5;0,821105;0,55;;;4,83
NJN;vit_b_16;YCrCb+HSV;adapter_v2;lora;channel;False;on;full_image;group;1;f1_vit_b_16_njn;0,924598;0,021216;0,0152829;False;88,5526;0,84142;0,5;;;4,98
NJN;vit_b_32;HSV;adapter_v2;lora;channel;False;on;full_image;group;1;f1_vit_b_32_njn;0,932321;0,0262813;0,0189316;False;85,9211;0,806062;0,5;;;2,43
NJN;vit_b_32;LAB;adapter_v2;lora;channel;False;on;full_image;group;1;f1_vit_b_32_njn;0,927277;0,0115252;0,00830213;True;86,9737;0,832863;0,55;;;2,79
NJN;vit_b_32;LAB+HSV;adapter_v2;lora;channel;False;on;full_image;group;1;f1_vit_b_32_njn;0,903571;0,0347061;0,0250004;False;86,1842;0,804954;0,55;;;2,48
NJN;vit_b_32;LAB+YCrCb;adapter_v2;lora;channel;False;on;full_image;group;1;f1_vit_b_32_njn;0,923147;0,0478435;0,0344639;False;86,5789;0,805647;0,5;;;2,97
NJN;vit_b_32;LAB+YCrCb+HSV;adapter_v2;lora;channel;False;on;full_image;group;1;f1_vit_b_32_njn;0,905536;0,0282601;0,020357;False;84,7368;0,794448;0,55;;;3,02
NJN;vit_b_32;RGB;adapter_v2;lora;channel;False;on;full_image;group;1;f1_vit_b_32_njn;0,954286;0,0231848;0,0167011;False;90,9211;0,881243;0,5;;;2,18
NJN;vit_b_32;RGB+HSV;adapter_v2;lora;channel;False;on;full_image;group;1;f1_vit_b_32_njn;0,968437;0,0135943;0,00979257;True;92,1053;0,898422;0,5;;;2,49
NJN;vit_b_32;RGB+LAB;adapter_v2;lora;channel;False;on;full_image;group;1;f1_vit_b_32_njn;0,959777;0,0104834;0,00755164;True;89,4737;0,864362;0,5;;;2,13
NJN;vit_b_32;RGB+LAB+HSV;adapter_v2;lora;channel;False;on;full_image;group;1;f1_vit_b_32_njn;0,948438;0,0363483;0,0261833;False;88,5526;0,846953;0,5;;;2,39
NJN;vit_b_32;RGB+LAB+YCrCb;adapter_v2;lora;channel;False;on;full_image;group;1;f1_vit_b_32_njn;0,962366;0,0116168;0,00836812;True;90,5263;0,873837;0,5;;;2,5
NJN;vit_b_32;RGB+LAB+YCrCb+HSV;adapter_v2;lora;channel;False;on;full_image;group;1;f1_vit_b_32_njn;0,95375;0,0329581;0,0237412;False;87,7632;0,829618;0,5;;;2,98
NJN;vit_b_32;RGB+YCrCb;adapter_v2;lora;channel;False;on;full_image;group;1;f1_vit_b_32_njn;0,953125;0,0253693;0,0182747;False;90,6579;0,878493;0,5;;;3,24
NJN;vit_b_32;RGB+YCrCb+HSV;adapter_v2;lora;channel;False;on;full_image;group;1;f1_vit_b_32_njn;0,963147;0,0224224;0,0161519;False;89,0789;0,854581;0,5;;;2,65
NJN;vit_b_32;YCrCb;adapter_v2;lora;channel;False;on;full_image;group;1;f1_vit_b_32_njn;0,917054;0,0287126;0,020683;False;86,5789;0,808267;0,5;;;3,54
NJN;vit_b_32;YCrCb+HSV;adapter_v2;lora;channel;False;on;full_image;group;1;f1_vit_b_32_njn;0,897946;0,0366741;0,026418;False;85,3947;0,797189;0,5;;;2,82
NJN;vit_l_16;HSV;adapter_v2;lora;channel;False;on;full_image;group;1;f1_vit_l_16_njn;0,885982;0,0374287;0,0269616;False;81,9737;0,740247;0,5;;;3,59
NJN;vit_l_16;LAB;adapter_v2;lora;channel;False;on;full_image;group;1;f1_vit_l_16_njn;0,90692;0,0405337;0,0291983;False;86,0526;0,817918;0,5;;;3,49
NJN;vit_l_16;LAB+HSV;adapter_v2;lora;channel;False;on;full_image;group;1;f1_vit_l_16_njn;0,894152;0,0169977;0,0122442;False;85,6579;0,810415;0,45;;;7,79
NJN;vit_l_16;LAB+YCrCb;adapter_v2;lora;channel;False;on;full_image;group;1;f1_vit_l_16_njn;0,864509;0,0455066;0,0327804;False;80,2632;0,744917;0,5;;;7,56
NJN;vit_l_16;LAB+YCrCb+HSV;adapter_v2;lora;channel;False;on;full_image;group;1;f1_vit_l_16_njn;0,847634;0,0359063;0,025865;False;80,6579;0,732593;0,5;;;5,35
NJN;vit_l_16;RGB;adapter_v2;lora;channel;False;on;full_image;group;1;f1_vit_l_16_njn;0,963839;0,0182409;0,0131397;False;90,2632;0,863864;0,5;;;3,58
NJN;vit_l_16;RGB+HSV;adapter_v2;lora;channel;False;on;full_image;group;1;f1_vit_l_16_njn;0,945536;0,0456477;0,0328821;False;89,0789;0,847946;0,55;;;5,01
NJN;vit_l_16;RGB+LAB;adapter_v2;lora;channel;False;on;full_image;group;1;f1_vit_l_16_njn;0,964196;0,020484;0,0147555;False;88,8158;0,839393;0,5;;;4,16
NJN;vit_l_16;RGB+LAB+HSV;adapter_v2;lora;channel;False;on;full_image;group;1;f1_vit_l_16_njn;0,953661;0,0191224;0,0137748;False;89,2105;0,851028;0,5;;;6,45
NJN;vit_l_16;RGB+LAB+YCrCb;adapter_v2;lora;channel;False;on;full_image;group;1;f1_vit_l_16_njn;0,957143;0,0122264;0,00880721;True;89,6053;0,854242;0,55;;;5,64
NJN;vit_l_16;RGB+LAB+YCrCb+HSV;adapter_v2;lora;channel;False;on;full_image;group;1;f1_vit_l_16_njn;0,955357;0,0259375;0,018684;False;88,6842;0,839354;0,55;;;5,82
NJN;vit_l_16;RGB+YCrCb;adapter_v2;lora;channel;False;on;full_image;group;1;f1_vit_l_16_njn;0,956027;0,0383234;0,0276061;False;88,9474;0,842772;0,5;;;3,23
NJN;vit_l_16;RGB+YCrCb+HSV;adapter_v2;lora;channel;False;on;full_image;group;1;f1_vit_l_16_njn;0,959821;0,023647;0,017034;False;89,6053;0,862376;0,55;;;3,98
NJN;vit_l_16;YCrCb;adapter_v2;lora;channel;False;on;full_image;group;1;f1_vit_l_16_njn;0,875625;0,0164896;0,0118782;False;81,3158;0,744082;0,55;;;3,91
NJN;vit_l_16;YCrCb+HSV;adapter_v2;lora;channel;False;on;full_image;group;1;f1_vit_l_16_njn;0,863616;0,033124;0,0238608;False;83,4211;0,775951;0,5;;;5,01
NeoJaundice;convnextv2_tiny;HSV;adapter_v2;lora;channel;False;off;;group;1;f1_convnextv2_tiny_neo_wboff;0,801099;0,0112435;0,00809923;True;71,9911;0,718008;0,5;;;8,52
NeoJaundice;convnextv2_tiny;LAB;adapter_v2;lora;channel;False;off;;group;1;f1_convnextv2_tiny_neo_wboff;0,802157;0,00626839;0,00451541;True;73,6465;0,734623;0,5;;;11,85
NeoJaundice;convnextv2_tiny;LAB+HSV;adapter_v2;lora;channel;False;off;;group;1;f1_convnextv2_tiny_neo_wboff;0,787375;0,0145824;0,0105044;False;71,7226;0,713591;0,5;;;16,61
NeoJaundice;convnextv2_tiny;LAB+YCrCb;adapter_v2;lora;channel;False;off;;group;1;f1_convnextv2_tiny_neo_wboff;0,799319;0,0113518;0,00817726;True;73,8255;0,732792;0,5;;;14,42
NeoJaundice;convnextv2_tiny;LAB+YCrCb+HSV;adapter_v2;lora;channel;False;off;;group;1;f1_convnextv2_tiny_neo_wboff;0,789734;0,0118695;0,00855017;True;71,8568;0,716554;0,5;;;16,65
NeoJaundice;convnextv2_tiny;RGB;adapter_v2;lora;channel;False;off;;group;1;f1_convnextv2_tiny_neo_wboff;0,81848;0,0141424;0,0101874;False;73,8702;0,734807;0,5;;;6,66
NeoJaundice;convnextv2_tiny;RGB+HSV;adapter_v2;lora;channel;False;off;;group;1;f1_convnextv2_tiny_neo_wboff;0,798999;0,018852;0,0135799;False;73,4228;0,7308;0,5;;;11,11
NeoJaundice;convnextv2_tiny;RGB+LAB;adapter_v2;lora;channel;False;off;;group;1;f1_convnextv2_tiny_neo_wboff;0,801682;0,0183223;0,0131984;False;73,8702;0,733492;0,55;;;10,46
NeoJaundice;convnextv2_tiny;RGB+LAB+HSV;adapter_v2;lora;channel;False;off;;group;1;f1_convnextv2_tiny_neo_wboff;0,808818;0,0179328;0,0129178;False;73,4676;0,727028;0,5;;;14,43
NeoJaundice;convnextv2_tiny;RGB+LAB+YCrCb;adapter_v2;lora;channel;False;off;;group;1;f1_convnextv2_tiny_neo_wboff;0,812378;0,0201053;0,0144827;False;73,9597;0,732689;0,5;;;12,67
NeoJaundice;convnextv2_tiny;RGB+LAB+YCrCb+HSV;adapter_v2;lora;channel;False;off;;group;1;f1_convnextv2_tiny_neo_wboff;0,800258;0,0281551;0,0202814;False;73,3781;0,72879;0,5;;;9,87
NeoJaundice;convnextv2_tiny;RGB+YCrCb;adapter_v2;lora;channel;False;off;;group;1;f1_convnextv2_tiny_neo_wboff;0,803088;0,0191792;0,0138157;False;73,4676;0,727883;0,55;;;11,69
NeoJaundice;convnextv2_tiny;RGB+YCrCb+HSV;adapter_v2;lora;channel;False;off;;group;1;f1_convnextv2_tiny_neo_wboff;0,807727;0,0179152;0,0129051;False;73,1544;0,724837;0,5;;;13,95
NeoJaundice;convnextv2_tiny;YCrCb;adapter_v2;lora;channel;False;off;;group;1;f1_convnextv2_tiny_neo_wboff;0,786268;0,0298166;0,0214783;False;71,4541;0,71332;0,5;;;10,61
NeoJaundice;convnextv2_tiny;YCrCb+HSV;adapter_v2;lora;channel;False;off;;group;1;f1_convnextv2_tiny_neo_wboff;0,790599;0,0153935;0,0110886;False;72,3937;0,719523;0,5;;;12,17
NeoJaundice;deit_base;HSV;adapter_v2;lora;channel;False;off;;group;1;f1_deit_base_neo_wboff;0,770986;0,0162016;0,0116707;False;70,2908;0,698783;0,5;;;5,85
NeoJaundice;deit_base;LAB;adapter_v2;lora;channel;False;off;;group;1;f1_deit_base_neo_wboff;0,801731;0,0150993;0,0108767;False;74,5861;0,736855;0,5;;;6,81
NeoJaundice;deit_base;LAB+HSV;adapter_v2;lora;channel;False;off;;group;1;f1_deit_base_neo_wboff;0,787086;0,0152036;0,0109519;False;72,528;0,721038;0,5;;;6,21
NeoJaundice;deit_base;LAB+YCrCb;adapter_v2;lora;channel;False;off;;group;1;f1_deit_base_neo_wboff;0,794984;0,0205033;0,0147695;False;73,3781;0,724414;0,5;;;5,19
NeoJaundice;deit_base;LAB+YCrCb+HSV;adapter_v2;lora;channel;False;off;;group;1;f1_deit_base_neo_wboff;0,806185;0,0107615;0,00775198;True;73,8702;0,734486;0,5;;;7,21
NeoJaundice;deit_base;RGB;adapter_v2;lora;channel;False;off;;group;1;f2_deit_base_neo_off;0,801329;0,0129548;0,00933196;True;72,6622;0,721433;0,5;;;3,71
NeoJaundice;deit_base;RGB;adapter_v2;lora;channel;False;on;;group;1;f2_deit_base_neo_on;0,812762;0,00260202;0,00187435;True;73,6018;0,725959;0,5;;;3,95
NeoJaundice;deit_base;RGB;adapter_v2;lora;channel;False;off;;group;1;f1_deit_base_neo_wboff;0,801329;0,0129548;0,00933196;True;72,6622;0,721433;0,5;;;3,43
NeoJaundice;deit_base;RGB;adapter_v2;lora;channel;False;off;;group;5;f7_tracka_deit_base_neo_group;0,805414;0,00892532;0,00642932;True;74,0045;0,735201;0,5;;;21,96
NeoJaundice;deit_base;RGB;adapter_v2;lora;channel;False;off;;random;5;f7_tracka_deit_base_neo_random;0,822134;0,0117916;0,00849402;True;75,4899;0,751283;0,5;;;14,41
NeoJaundice;deit_base;RGB;adapter_v2;lora;channel;True;off;;group;1;f7_mt_deit_base_neo;0,814991;0,012699;0,00914769;True;74,9888;0,739219;0,6;3,26001;0,363998;3,92
NeoJaundice;deit_base;RGB;stemcnn;lora;channel;False;off;;group;1;f7_stemcnn_deit_base_neo;0,790681;0,0114016;0,00821311;True;72,349;0,718459;0,55;;;7,06
NeoJaundice;deit_base;RGB+HSV;adapter_v2;lora;channel;False;off;;group;1;f1_deit_base_neo_wboff;0,813424;0,0175612;0,0126502;False;75,2573;0,748729;0,45;;;4,6
NeoJaundice;deit_base;RGB+LAB;adapter_v2;lora;channel;False;off;;group;1;f1_deit_base_neo_wboff;0,816172;0,018712;0,0134791;False;74,9441;0,744187;0,5;;;5,3
NeoJaundice;deit_base;RGB+LAB+HSV;adapter_v2;lora;channel;False;off;;group;1;f1_deit_base_neo_wboff;0,796887;0,0256533;0,0184792;False;73,3333;0,726974;0,5;;;6
NeoJaundice;deit_base;RGB+LAB+YCrCb;adapter_v2;lora;channel;False;off;;group;1;f1_deit_base_neo_wboff;0,811201;0,0139321;0,0100359;False;74,2729;0,737195;0,5;;;6,21
NeoJaundice;deit_base;RGB+LAB+YCrCb+HSV;adapter_v2;lora;channel;False;on;;group;1;f2_deit_base_neo_on;0,80839;0,0370114;0,026661;False;74,9888;0,745845;0,5;;;4,02
NeoJaundice;deit_base;RGB+LAB+YCrCb+HSV;adapter_v2;lora;channel;True;off;;group;1;f7_mt_deit_base_neo;0,818875;0,010082;0,0072625;True;75,1678;0,74569;0,5;3,45373;0,291183;3,07
NeoJaundice;deit_base;RGB+LAB+YCrCb+HSV;adapter_v2;lora;channel;False;off;;group;1;f1_deit_base_neo_wboff;0,805067;0,0279786;0,0201542;False;74,2282;0,734777;0,55;;;3,71
NeoJaundice;deit_base;RGB+LAB+YCrCb+HSV;adapter_v2;lora;channel;False;off;;group;1;f2_deit_base_neo_off;0,805067;0,0279786;0,0201542;False;74,2282;0,734777;0,55;;;3,76
NeoJaundice;deit_base;RGB+LAB+YCrCb+HSV;adapter_v2;lora;channel;False;off;;group;5;f7_tracka_deit_base_neo_group;0,807976;0,0134898;0,00971729;True;74,2103;0,736301;0,5;;;24,78
NeoJaundice;deit_base;RGB+LAB+YCrCb+HSV;adapter_v2;lora;channel;False;off;;random;5;f7_tracka_deit_base_neo_random;0,816978;0,00509199;0,00366799;True;74,7293;0,743103;0,5;;;19,91
NeoJaundice;deit_base;RGB+LAB+YCrCb+HSV;stemcnn;lora;channel;False;off;;group;1;f7_stemcnn_deit_base_neo;0,786301;0,0140814;0,0101435;False;73,5123;0,731589;0,5;;;6,53
NeoJaundice;deit_base;RGB+YCrCb;adapter_v2;lora;channel;False;off;;group;1;f1_deit_base_neo_wboff;0,811776;0,0125018;0,00900563;True;74,4966;0,742086;0,5;;;4,89
NeoJaundice;deit_base;RGB+YCrCb+HSV;adapter_v2;lora;channel;False;off;;group;1;f1_deit_base_neo_wboff;0,798148;0,0167394;0,0120582;False;73,6018;0,729947;0,45;;;5,47
NeoJaundice;deit_base;YCrCb;adapter_v2;lora;channel;False;off;;group;1;f1_deit_base_neo_wboff;0,795099;0,0113493;0,00817544;True;73,0649;0,722436;0,5;;;5,18
NeoJaundice;deit_base;YCrCb+HSV;adapter_v2;lora;channel;False;off;;group;1;f1_deit_base_neo_wboff;0,805533;0,0170198;0,0122601;False;74,5414;0,739373;0,55;;;5,77
NeoJaundice;deit_small;HSV;adapter_v2;lora;channel;False;off;;group;1;f1_deit_small_neo_wboff;0,745859;0,0234533;0,0168945;False;69,6197;0,690837;0,5;;;3,13
NeoJaundice;deit_small;LAB;adapter_v2;lora;channel;False;off;;group;1;f1_deit_small_neo_wboff;0,778336;0,0126002;0,00907652;True;73,0649;0,726338;0,5;;;3,6
NeoJaundice;deit_small;LAB+HSV;adapter_v2;lora;channel;False;off;;group;1;f1_deit_small_neo_wboff;0,801534;0,0194341;0,0139993;False;73,7808;0,734501;0,5;;;3,22
NeoJaundice;deit_small;LAB+YCrCb;adapter_v2;lora;channel;False;off;;group;1;f1_deit_small_neo_wboff;0,773885;0,0199877;0,0143981;False;72,7069;0,717914;0,55;;;3,58
NeoJaundice;deit_small;LAB+YCrCb+HSV;adapter_v2;lora;channel;False;off;;group;1;f1_deit_small_neo_wboff;0,795755;0,0147004;0,0105893;False;73,1544;0,720319;0,55;;;3,98
NeoJaundice;deit_small;RGB;adapter_v2;lora;channel;False;off;;group;1;f1_deit_small_neo_wboff;0,79201;0,0218177;0,0157163;False;74,4072;0,731357;0,5;;;1,92
NeoJaundice;deit_small;RGB;stemcnn;lora;channel;False;off;;group;1;f7_stemcnn_deit_small_neo;0,775196;0,0138578;0,00998238;True;72,0358;0,714127;0,5;;;3,36
NeoJaundice;deit_small;RGB+HSV;adapter_v2;lora;channel;False;off;;group;1;f1_deit_small_neo_wboff;0,793425;0,0140224;0,0101009;False;73,2886;0,727359;0,5;;;2,84
NeoJaundice;deit_small;RGB+LAB;adapter_v2;lora;channel;False;off;;group;1;f1_deit_small_neo_wboff;0,78368;0,0210267;0,0151465;False;73,0649;0,725996;0,5;;;3,03
NeoJaundice;deit_small;RGB+LAB+HSV;adapter_v2;lora;channel;False;off;;group;1;f1_deit_small_neo_wboff;0,795025;0,0142616;0,0102733;False;72,9754;0,722868;0,5;;;3,17
NeoJaundice;deit_small;RGB+LAB+YCrCb;adapter_v2;lora;channel;False;off;;group;1;f1_deit_small_neo_wboff;0,800751;0,0267089;0,0192396;False;74,1834;0,733239;0,5;;;4,04
NeoJaundice;deit_small;RGB+LAB+YCrCb+HSV;adapter_v2;lora;channel;False;off;;group;1;f1_deit_small_neo_wboff;0,769591;0,0250778;0,0180647;False;70,962;0,703943;0,5;;;3,55
NeoJaundice;deit_small;RGB+YCrCb;adapter_v2;lora;channel;False;off;;group;1;f1_deit_small_neo_wboff;0,793985;0,0207175;0,0149238;False;73,6018;0,729484;0,5;;;3,29
NeoJaundice;deit_small;RGB+YCrCb+HSV;adapter_v2;lora;channel;False;off;;group;1;f1_deit_small_neo_wboff;0,784457;0,0176459;0,0127112;False;71,6331;0,70846;0,5;;;3,12
NeoJaundice;deit_small;YCrCb;adapter_v2;lora;channel;False;off;;group;1;f1_deit_small_neo_wboff;0,778844;0,0150453;0,0108378;False;71,6779;0,711661;0,5;;;2,65
NeoJaundice;deit_small;YCrCb+HSV;adapter_v2;lora;channel;False;off;;group;1;f1_deit_small_neo_wboff;0,783368;0,0135224;0,00974081;True;72,4385;0,71795;0,5;;;2,57
NeoJaundice;deit_small;YCrCb+HSV;stemcnn;lora;channel;False;off;;group;1;f7_stemcnn_deit_small_neo;0,774759;0,0129069;0,00929745;True;70,5593;0,703797;0,5;;;3,84
NeoJaundice;deit_tiny;HSV;adapter_v2;lora;channel;False;off;;group;1;f1_deit_tiny_neo_wboff;0,777815;0,0227102;0,0163592;False;70,4251;0,694794;0,5;;;2,04
NeoJaundice;deit_tiny;LAB;adapter_v2;lora;channel;False;off;;group;1;f2_deit_tiny_neo_off;0,81584;0,0231521;0,0166775;False;73,7808;0,727385;0,5;;;1,27
NeoJaundice;deit_tiny;LAB;adapter_v2;lora;channel;False;off;;group;1;f1_deit_tiny_neo_wboff;0,81584;0,0231521;0,0166775;False;73,7808;0,727385;0,5;;;1,28
NeoJaundice;deit_tiny;LAB;adapter_v2;lora;channel;False;off;;group;5;f6_deit_tiny_neo_tracka_group;0,796911;0,00377826;0,00272165;True;73,7987;0,734736;0,5;;;5,96
NeoJaundice;deit_tiny;LAB;adapter_v2;lora;channel;False;off;;random;5;f6_deit_tiny_neo_tracka_random;0,809802;0,00780567;0,00562278;True;74,0492;0,736768;0,5;;;5,72
NeoJaundice;deit_tiny;LAB;adapter_v2;lora;channel;True;off;;group;1;f6_deit_tiny_neo_mt;0,805779;0,00679538;0,00489502;True;72,8412;0,724217;0,45;3,34472;0,329378;1,72
NeoJaundice;deit_tiny;LAB;adapter_v2;lora;channel;False;off;;group;1;f7_notta_deit_tiny_neo;0,800174;0,0336842;0,0242643;False;71,6779;0,71283;0,5;;;1,46
NeoJaundice;deit_tiny;LAB;adapter_v2;lora;channel;False;on;;group;1;f2_deit_tiny_neo_on;0,82013;0,0197332;0,0142147;False;74,1387;0,734422;0,55;;;1,6
NeoJaundice;deit_tiny;LAB;stemcnn;lora;channel;False;off;;group;1;f7_stemcnn_deit_tiny_neo;0,787472;0,0382447;0,0275494;False;72,3937;0,719988;0,5;;;2,39
NeoJaundice;deit_tiny;LAB+HSV;adapter_v2;lora;channel;False;off;;group;1;f1_deit_tiny_neo_wboff;0,805802;0,0128335;0,00924452;True;73,1096;0,724679;0,5;;;2,77
NeoJaundice;deit_tiny;LAB+YCrCb;adapter_v2;lora;channel;False;off;;group;1;f1_deit_tiny_neo_wboff;0,798614;0,0187024;0,0134722;False;72,9306;0,722728;0,5;;;2,32
NeoJaundice;deit_tiny;LAB+YCrCb+HSV;adapter_v2;lora;channel;False;off;;group;1;f1_deit_tiny_neo_wboff;0,813992;0,0206035;0,0148416;False;73,5123;0,727333;0,5;;;2,48
NeoJaundice;deit_tiny;RGB;adapter_v2;lora;channel;False;off;;group;1;f7_notta_deit_tiny_neo;0,822901;0,0250821;0,0180678;False;74,9441;0,742548;0,5;;;1
NeoJaundice;deit_tiny;RGB;adapter_v2;lora;channel;False;off;;group;1;f2_deit_tiny_neo_off;0,829025;0,0128837;0,00928069;True;74,9888;0,743677;0,5;;;1,05
NeoJaundice;deit_tiny;RGB;adapter_v2;lora;channel;False;off;;random;5;f6_deit_tiny_neo_tracka_random;0,815496;0,00541236;0,00389877;True;75,0872;0,747535;0,5;;;5,53
NeoJaundice;deit_tiny;RGB;adapter_v2;lora;channel;False;on;;group;1;f2_deit_tiny_neo_on;0,835341;0,0143358;0,0103267;False;76,689;0,762863;0,5;;;1,5
NeoJaundice;deit_tiny;RGB;adapter_v2;lora;channel;True;off;;group;1;f6_deit_tiny_neo_mt;0,843464;0,0193014;0,0139037;False;75,0336;0,736129;0,5;3,39485;0,299989;0,98
NeoJaundice;deit_tiny;RGB;adapter_v2;lora;channel;False;off;;group;1;f1_deit_tiny_neo_wboff;0,829025;0,0128837;0,00928069;True;74,9888;0,743677;0,5;;;1,06
NeoJaundice;deit_tiny;RGB;adapter_v2;lora;channel;False;off;;group;5;f6_deit_tiny_neo_tracka_group;0,815495;0,00565306;0,00407216;True;74,6398;0,742376;0,5;;;5,3
NeoJaundice;deit_tiny;RGB;stemcnn;lora;channel;False;off;;group;1;f7_stemcnn_deit_tiny_neo;0,801046;0,0129755;0,00934684;True;72,8412;0,720513;0,5;;;2,47
NeoJaundice;deit_tiny;RGB+HSV;adapter_v2;lora;channel;False;off;;group;1;f1_deit_tiny_neo_wboff;0,816972;0,0203563;0,0146636;False;73,9597;0,732591;0,5;;;2,4
NeoJaundice;deit_tiny;RGB+LAB;adapter_v2;lora;channel;False;off;;group;1;f1_deit_tiny_neo_wboff;0,813359;0,0114852;0,00827328;True;73,7808;0,728568;0,5;;;2,21
NeoJaundice;deit_tiny;RGB+LAB;ccat;lora;channel;False;off;;group;1;f4_deit_tiny_neo_ccat;0,80186;0,0305682;0,0220197;False;73,736;0,729759;0,5;;;2,89
NeoJaundice;deit_tiny;RGB+LAB+HSV;adapter_v2;lora;channel;False;off;;group;1;f1_deit_tiny_neo_wboff;0,828781;0,0187967;0,0135401;False;75,123;0,744764;0,5;;;2,07
NeoJaundice;deit_tiny;RGB+LAB+YCrCb;adapter_v2;lora;channel;False;off;;group;1;f1_deit_tiny_neo_wboff;0,829806;0,0249943;0,0180046;False;74,9888;0,741253;0,5;;;2,26
NeoJaundice;deit_tiny;RGB+LAB+YCrCb+HSV;adapter_v2;lora;channel;False;off;;group;1;f1_deit_tiny_neo_wboff;0,808987;0,0329557;0,0237395;False;73,736;0,72987;0,5;;;3,33
NeoJaundice;deit_tiny;RGB+LAB+YCrCb+HSV;ccat;lora;channel;False;off;;group;1;f4_deit_tiny_neo_ccat4;0,829195;0,0201207;0,0144939;False;74,9888;0,746398;0,5;;;3,46
NeoJaundice;deit_tiny;RGB+YCrCb;adapter_v2;lora;channel;False;off;;group;1;f1_deit_tiny_neo_wboff;0,826;0,0260467;0,0187626;False;74,8546;0,74257;0,5;;;1,61
NeoJaundice;deit_tiny;RGB+YCrCb+HSV;adapter_v2;lora;channel;False;off;;group;1;f1_deit_tiny_neo_wboff;0,817333;0,0522449;0,0376344;False;74,2282;0,738795;0,45;;;2,24
NeoJaundice;deit_tiny;YCrCb;adapter_v2;lora;channel;False;off;;group;1;f1_deit_tiny_neo_wboff;0,804795;0,0249631;0,0179821;False;74,1387;0,732567;0,5;;;1,62
NeoJaundice;deit_tiny;YCrCb+HSV;adapter_v2;lora;channel;False;off;;group;1;f1_deit_tiny_neo_wboff;0,818896;0,0156413;0,0112672;False;74,4072;0,741193;0,5;;;1,63
NeoJaundice;densenet121;HSV;adapter_v2;lora;channel;False;off;;group;1;f1_densenet121_neo_wboff;0,801083;0,0140301;0,0101065;False;70,962;0,707268;0,5;;;8,03
NeoJaundice;densenet121;LAB;adapter_v2;lora;channel;False;off;;group;1;f1_densenet121_neo_wboff;0,815615;0,0185865;0,0133887;False;72,6174;0,724227;0,5;;;7,12
NeoJaundice;densenet121;LAB+HSV;adapter_v2;lora;channel;False;off;;group;1;f1_densenet121_neo_wboff;0,756712;0,0121689;0,00876579;True;68,9485;0,686627;0,5;;;13,18
NeoJaundice;densenet121;LAB+YCrCb;adapter_v2;lora;channel;False;off;;group;1;f1_densenet121_neo_wboff;0,73497;0,0672551;0,0484469;False;66,7114;0,663342;0,5;;;13,93
NeoJaundice;densenet121;LAB+YCrCb+HSV;adapter_v2;lora;channel;False;off;;group;1;f1_densenet121_neo_wboff;0,731168;0,0131161;0,00944814;True;66,7114;0,660638;0,5;;;12,63
NeoJaundice;densenet121;RGB;adapter_v2;lora;channel;False;off;;group;5;f7_tracka_densenet121_neo_group;0,822471;0,00624468;0,00449833;True;74,2819;0,73994;0,5;;;21,49
NeoJaundice;densenet121;RGB;adapter_v2;lora;channel;False;off;;group;1;f2_densenet121_neo_off;0,838481;0,0180102;0,0129736;False;76,3758;0,755964;0,5;;;4,47
NeoJaundice;densenet121;RGB;adapter_v2;lora;channel;False;off;;random;5;f7_tracka_densenet121_neo_random;0,830972;0,00391326;0,0028189;True;75,3199;0,750856;0,5;;;24,76
NeoJaundice;densenet121;RGB;adapter_v2;lora;channel;True;off;;group;1;f7_mt_densenet121_neo;0,84218;0,0151836;0,0109374;False;76,5548;0,760618;0,5;3,08648;0,431156;6,09
NeoJaundice;densenet121;RGB;adapter_v2;lora;channel;False;on;;group;1;f2_densenet121_neo_on;0,855117;0,00710093;0,00511512;True;77,6734;0,775135;0,5;;;5,98
NeoJaundice;densenet121;RGB;adapter_v2;lora;channel;False;off;;group;1;f1_densenet121_neo_wboff;0,838481;0,0180102;0,0129736;False;76,3758;0,755964;0,5;;;4,14
NeoJaundice;densenet121;RGB;stemcnn;lora;channel;False;off;;group;1;f7_stemcnn_densenet121_neo;0,818896;0,0107048;0,00771115;True;74,5861;0,742743;0,5;;;6,18
NeoJaundice;densenet121;RGB+HSV;adapter_v2;lora;channel;False;off;;group;1;f1_densenet121_neo_wboff;0,841881;0,00806939;0,00581275;True;76,3758;0,759663;0,5;;;8,75
NeoJaundice;densenet121;RGB+LAB;adapter_v2;lora;channel;False;off;;group;5;f7_tracka_densenet121_neo_group;0,828218;0,00627659;0,00452132;True;74,783;0,744582;0,5;;;24,51
NeoJaundice;densenet121;RGB+LAB;adapter_v2;lora;channel;True;off;;group;1;f7_mt_densenet121_neo;0,840421;0,00607145;0,00437355;True;76,2416;0,758319;0,5;3,03434;0,447438;5,89
NeoJaundice;densenet121;RGB+LAB;adapter_v2;lora;channel;False;off;;random;5;f7_tracka_densenet121_neo_random;0,830215;0,00697953;0,00502768;True;75,1857;0,749295;0,5;;;28,28
NeoJaundice;densenet121;RGB+LAB;adapter_v2;lora;channel;False;off;;group;1;f2_densenet121_neo_off;0,843567;0,0106776;0,00769156;True;76,5548;0,760854;0,5;;;5,55
NeoJaundice;densenet121;RGB+LAB;adapter_v2;lora;channel;False;on;;group;1;f2_densenet121_neo_on;0,848095;0,00311535;0,00224413;True;76,5548;0,763014;0,5;;;6,41
NeoJaundice;densenet121;RGB+LAB;adapter_v2;lora;channel;False;off;;group;1;f1_densenet121_neo_wboff;0,843567;0,0106776;0,00769156;True;76,5548;0,760854;0,5;;;5,56
NeoJaundice;densenet121;RGB+LAB;stemcnn;lora;channel;False;off;;group;1;f7_stemcnn_densenet121_neo;0,827718;0,0218377;0,0157307;False;75,5257;0,752491;0,5;;;7,94
NeoJaundice;densenet121;RGB+LAB+HSV;adapter_v2;lora;channel;False;off;;group;1;f1_densenet121_neo_wboff;0,835105;0,0110333;0,00794781;True;76,7785;0,762457;0,5;;;9,99
NeoJaundice;densenet121;RGB+LAB+YCrCb;adapter_v2;lora;channel;False;off;;group;1;f1_densenet121_neo_wboff;0,837193;0,0125288;0,00902505;True;76,4206;0,759633;0,5;;;9,06
NeoJaundice;densenet121;RGB+LAB+YCrCb+HSV;adapter_v2;lora;channel;False;off;;group;1;f1_densenet121_neo_wboff;0,832076;0,0140626;0,0101299;False;75,5705;0,751211;0,5;;;8,51
NeoJaundice;densenet121;RGB+YCrCb;adapter_v2;lora;channel;False;off;;group;1;f1_densenet121_neo_wboff;0,844268;0,0097878;0,0070506;True;76,7785;0,763903;0,5;;;9,59
NeoJaundice;densenet121;RGB+YCrCb+HSV;adapter_v2;lora;channel;False;off;;group;1;f1_densenet121_neo_wboff;0,836906;0,0106937;0,00770316;True;76,8233;0,76361;0,5;;;10,53
NeoJaundice;densenet121;YCrCb;adapter_v2;lora;channel;False;off;;group;1;f1_densenet121_neo_wboff;0,804856;0,0267173;0,0192457;False;72,5727;0,722949;0,5;;;7,07
NeoJaundice;densenet121;YCrCb+HSV;adapter_v2;lora;channel;False;off;;group;1;f1_densenet121_neo_wboff;0,797207;0,0223201;0,0160782;False;72,4832;0,721704;0,5;;;9,61
NeoJaundice;dinov3_vits16;HSV;adapter_v2;lora;channel;False;off;;group;1;f1_dinov3_vits16_neo_wboff;0,790445;0,0226678;0,0163286;False;71,0962;0,692606;0,65;;;5,01
NeoJaundice;dinov3_vits16;LAB;adapter_v2;lora;channel;False;off;;group;1;f1_dinov3_vits16_neo_wboff;0,781826;0,0132264;0,00952756;True;71,8568;0,71106;0,55;;;4,5
NeoJaundice;dinov3_vits16;LAB+HSV;adapter_v2;lora;channel;False;off;;group;1;f1_dinov3_vits16_neo_wboff;0,772835;0,0233599;0,0168272;False;69,7987;0,695629;0,5;;;6,75
NeoJaundice;dinov3_vits16;LAB+YCrCb;adapter_v2;lora;channel;False;off;;group;1;f1_dinov3_vits16_neo_wboff;0,795218;0,0202042;0,014554;False;71,7673;0,714234;0,5;;;5,64
NeoJaundice;dinov3_vits16;LAB+YCrCb+HSV;adapter_v2;lora;channel;False;off;;group;1;f1_dinov3_vits16_neo_wboff;0,76058;0,0182965;0,0131798;False;70,5593;0,702075;0,5;;;7,57
NeoJaundice;dinov3_vits16;RGB;adapter_v2;lora;channel;False;on;;group;1;f3_dinov3_neo_calibrado;0,821135;0,00979173;0,00705343;True;74,8098;0,745286;0,5;;;3,43
NeoJaundice;dinov3_vits16;RGB;adapter_v2;lora;channel;False;off;;group;1;f1_dinov3_vits16_neo_wboff;0,797045;0,0240129;0,0172976;False;72,8859;0,713265;0,65;;;2,54
NeoJaundice;dinov3_vits16;RGB;stemcnn;lora;channel;False;off;;group;1;f7_stemcnn_dinov3_vits16_neo;0,790222;0,0135196;0,0097388;True;72,4385;0,720761;0,5;;;5,54
NeoJaundice;dinov3_vits16;RGB+HSV;adapter_v2;lora;channel;False;off;;group;1;f1_dinov3_vits16_neo_wboff;0,80687;0,0106455;0,00766847;True;74,094;0,726894;0,6;;;3,16
NeoJaundice;dinov3_vits16;RGB+HSV;stemcnn;lora;channel;False;off;;group;1;f7_stemcnn_dinov3_vits16_neo;0,784119;0,0150446;0,0108373;False;72,2595;0,715893;0,5;;;6,61
NeoJaundice;dinov3_vits16;RGB+LAB;adapter_v2;lora;channel;False;off;;group;1;f1_dinov3_vits16_neo_wboff;0,797685;0,0181465;0,0130717;False;72,9754;0,725159;0,5;;;4,61
NeoJaundice;dinov3_vits16;RGB+LAB+HSV;adapter_v2;lora;channel;False;off;;group;1;f1_dinov3_vits16_neo_wboff;0,803981;0,0225719;0,0162596;False;74,1834;0,736956;0,5;;;4,4
NeoJaundice;dinov3_vits16;RGB+LAB+YCrCb;adapter_v2;lora;channel;False;off;;group;1;f1_dinov3_vits16_neo_wboff;0,799473;0,0218647;0,0157502;False;72,4385;0,719724;0,5;;;4,59
NeoJaundice;dinov3_vits16;RGB+LAB+YCrCb+HSV;adapter_v2;lora;channel;False;off;;group;1;f1_dinov3_vits16_neo_wboff;0,811706;0,0139767;0,010068;False;75,302;0,746716;0,55;;;7,64
NeoJaundice;dinov3_vits16;RGB+YCrCb;adapter_v2;lora;channel;False;off;;group;1;f1_dinov3_vits16_neo_wboff;0,807418;0,017784;0,0128107;False;73,9597;0,736284;0,5;;;5,3
NeoJaundice;dinov3_vits16;RGB+YCrCb+HSV;adapter_v2;lora;channel;False;on;;group;1;f3_dinov3_neo_calibrado;0,830835;0,0156925;0,011304;False;76,2864;0,758452;0,5;;;3,81
NeoJaundice;dinov3_vits16;RGB+YCrCb+HSV;adapter_v2;lora;channel;False;off;;group;1;f1_dinov3_vits16_neo_wboff;0,808314;0,0175357;0,0126318;False;74,2282;0,734785;0,55;;;5,73
NeoJaundice;dinov3_vits16;YCrCb;adapter_v2;lora;channel;False;off;;group;1;f1_dinov3_vits16_neo_wboff;0,778436;0,0194354;0,0140002;False;71,7673;0,713769;0,55;;;4,59
NeoJaundice;dinov3_vits16;YCrCb+HSV;adapter_v2;lora;channel;False;off;;group;1;f1_dinov3_vits16_neo_wboff;0,801183;0,019895;0,0143313;False;73,7808;0,734469;0,55;;;4,77
NeoJaundice;efficientnet_b0;HSV;adapter_v2;lora;channel;False;off;;group;1;f1_efficientnet_b0_neo_wboff;0,657346;0,0507785;0,0365781;False;61,387;0,610288;0,5;;;5,16
NeoJaundice;efficientnet_b0;LAB;adapter_v2;lora;channel;False;off;;group;1;f1_efficientnet_b0_neo_wboff;0,786274;0,0153025;0,0110231;False;70,6488;0,705172;0,5;;;4,52
NeoJaundice;efficientnet_b0;LAB+HSV;adapter_v2;lora;channel;False;off;;group;1;f1_efficientnet_b0_neo_wboff;0,671051;0,046061;0,0331799;False;62,4609;0,619581;0,5;;;6,35
NeoJaundice;efficientnet_b0;LAB+YCrCb;adapter_v2;lora;channel;False;off;;group;1;f1_efficientnet_b0_neo_wboff;0,62892;0,0183839;0,0132428;False;58,7025;0,583967;0,5;;;5,99
NeoJaundice;efficientnet_b0;LAB+YCrCb+HSV;adapter_v2;lora;channel;False;off;;group;1;f1_efficientnet_b0_neo_wboff;0,70865;0,0137708;0,00991976;True;64,0268;0,638926;0,5;;;8,29
NeoJaundice;efficientnet_b0;RGB;adapter_v2;lora;channel;False;off;;group;1;f2_efficientnet_b0_neo_off;0,79733;0,0125859;0,00906619;True;71,4094;0,712622;0,5;;;3,28
NeoJaundice;efficientnet_b0;RGB;adapter_v2;lora;channel;False;off;;group;1;f1_efficientnet_b0_neo_wboff;0,79733;0,0125859;0,00906619;True;71,4094;0,712622;0,5;;;3,3
NeoJaundice;efficientnet_b0;RGB;adapter_v2;lora;channel;False;on;;group;1;f2_efficientnet_b0_neo_on;0,800004;0,0155269;0,0111847;False;71,9911;0,718106;0,5;;;2,95
NeoJaundice;efficientnet_b0;RGB+HSV;adapter_v2;lora;channel;False;off;;group;1;f1_efficientnet_b0_neo_wboff;0,798372;0,0132802;0,00956631;True;71,5884;0,713555;0,5;;;5,98
NeoJaundice;efficientnet_b0;RGB+LAB;adapter_v2;lora;channel;False;off;;group;1;f1_efficientnet_b0_neo_wboff;0,791889;0,0278818;0,0200845;False;71,0515;0,706584;0,5;;;5,8
NeoJaundice;efficientnet_b0;RGB+LAB+HSV;adapter_v2;lora;channel;False;off;;group;1;f1_efficientnet_b0_neo_wboff;0,805925;0,0113858;0,00820172;True;72,2148;0,719668;0,5;;;7,1
NeoJaundice;efficientnet_b0;RGB+LAB+YCrCb;adapter_v2;lora;channel;False;off;;group;1;f1_efficientnet_b0_neo_wboff;0,804257;0,00533277;0,00384144;True;72,1253;0,718485;0,5;;;6,88
NeoJaundice;efficientnet_b0;RGB+LAB+YCrCb+HSV;adapter_v2;lora;channel;False;off;;group;1;f1_efficientnet_b0_neo_wboff;0,798696;0,0245675;0,0176971;False;71,1409;0,709979;0,5;;;9,04
NeoJaundice;efficientnet_b0;RGB+YCrCb;adapter_v2;lora;channel;False;off;;group;1;f1_efficientnet_b0_neo_wboff;0,783823;0,0284807;0,0205159;False;71,0962;0,705736;0,5;;;5,09
NeoJaundice;efficientnet_b0;RGB+YCrCb+HSV;adapter_v2;lora;channel;False;off;;group;1;f2_efficientnet_b0_neo_off;0,806251;0,0110811;0,00798224;True;73,2886;0,729693;0,5;;;5,42
NeoJaundice;efficientnet_b0;RGB+YCrCb+HSV;adapter_v2;lora;channel;False;off;;group;1;f1_efficientnet_b0_neo_wboff;0,806251;0,0110811;0,00798224;True;73,2886;0,729693;0,5;;;5,3
NeoJaundice;efficientnet_b0;RGB+YCrCb+HSV;adapter_v2;lora;channel;False;on;;group;1;f2_efficientnet_b0_neo_on;0,81679;0,00825028;0,00594305;True;72,8859;0,726617;0,5;;;6,23
NeoJaundice;efficientnet_b0;YCrCb;adapter_v2;lora;channel;False;off;;group;1;f1_efficientnet_b0_neo_wboff;0,733875;0,0132617;0,00955303;True;67,472;0,669806;0,5;;;5,35
NeoJaundice;efficientnet_b0;YCrCb+HSV;adapter_v2;lora;channel;False;off;;group;1;f1_efficientnet_b0_neo_wboff;0,769847;0,0469663;0,0338319;False;68,4564;0,683376;0,5;;;6,49
NeoJaundice;efficientnet_b4;HSV;adapter_v2;lora;channel;False;off;;group;1;f1_efficientnet_b4_neo_wboff;0,762922;0,0266861;0,0192232;False;69,396;0,689957;0,5;;;7,92
NeoJaundice;efficientnet_b4;LAB;adapter_v2;lora;channel;False;off;;group;1;f1_efficientnet_b4_neo_wboff;0,817134;0,0096711;0,00696654;True;74,4072;0,739415;0,5;;;7,6
NeoJaundice;efficientnet_b4;LAB+HSV;adapter_v2;lora;channel;False;off;;group;1;f1_efficientnet_b4_neo_wboff;0,794943;0,0132033;0,00951096;True;72,9306;0,723461;0,5;;;8,43
NeoJaundice;efficientnet_b4;LAB+YCrCb;adapter_v2;lora;channel;False;off;;group;1;f1_efficientnet_b4_neo_wboff;0,790468;0,00799482;0,00575903;True;71,5436;0,710867;0,5;;;9,31
NeoJaundice;efficientnet_b4;LAB+YCrCb+HSV;adapter_v2;lora;channel;False;off;;group;1;f1_efficientnet_b4_neo_wboff;0,783028;0,0343684;0,0247571;False;71,8121;0,713175;0,5;;;11,08
NeoJaundice;efficientnet_b4;RGB;adapter_v2;lora;channel;False;off;;group;1;f1_efficientnet_b4_neo_wboff;0,810611;0,0311228;0,0224192;False;74,0045;0,73589;0,5;;;2,82
NeoJaundice;efficientnet_b4;RGB+HSV;adapter_v2;lora;channel;False;off;;group;1;f1_efficientnet_b4_neo_wboff;0,801766;0,0312194;0,0224888;False;74,0045;0,734287;0,5;;;6,21
NeoJaundice;efficientnet_b4;RGB+LAB;adapter_v2;lora;channel;False;off;;group;1;f1_efficientnet_b4_neo_wboff;0,80258;0,0151505;0,0109136;False;73,8255;0,736652;0,45;;;5,97
NeoJaundice;efficientnet_b4;RGB+LAB+HSV;adapter_v2;lora;channel;False;off;;group;1;f1_efficientnet_b4_neo_wboff;0,813531;0,0212446;0,0153035;False;72,6622;0,71438;0,5;;;6,81
NeoJaundice;efficientnet_b4;RGB+LAB+YCrCb;adapter_v2;lora;channel;False;off;;group;1;f1_efficientnet_b4_neo_wboff;0,806673;0,0231227;0,0166563;False;73,915;0,736377;0,5;;;8,46
NeoJaundice;efficientnet_b4;RGB+LAB+YCrCb+HSV;adapter_v2;lora;channel;False;off;;group;1;f1_efficientnet_b4_neo_wboff;0,802621;0,0192629;0,013876;False;73,3781;0,722455;0,5;;;7,86
NeoJaundice;efficientnet_b4;RGB+YCrCb;adapter_v2;lora;channel;False;off;;group;1;f1_efficientnet_b4_neo_wboff;0,809831;0,0118931;0,00856714;True;74,5414;0,739766;0,5;;;8,01
NeoJaundice;efficientnet_b4;RGB+YCrCb+HSV;adapter_v2;lora;channel;False;off;;group;1;f1_efficientnet_b4_neo_wboff;0,79969;0,0260034;0,0187314;False;73,7808;0,732171;0,5;;;9,47
NeoJaundice;efficientnet_b4;YCrCb;adapter_v2;lora;channel;False;off;;group;1;f1_efficientnet_b4_neo_wboff;0,799498;0,0102319;0,00737048;True;73,557;0,725056;0,55;;;8,2
NeoJaundice;efficientnet_b4;YCrCb+HSV;adapter_v2;lora;channel;False;off;;group;1;f1_efficientnet_b4_neo_wboff;0,795743;0,0291681;0,0210111;False;73,3781;0,727014;0,5;;;10,62
NeoJaundice;inception_v3;HSV;adapter_v2;lora;channel;False;off;;group;1;f1_inception_v3_neo_wboff;0,788032;0,00744368;0,00536202;True;71,0962;0,708999;0,5;;;8,63
NeoJaundice;inception_v3;LAB;adapter_v2;lora;channel;False;off;;group;1;f1_inception_v3_neo_wboff;0,777934;0,00863506;0,00622023;True;71,3199;0,710347;0,5;;;7,99
NeoJaundice;inception_v3;LAB+HSV;adapter_v2;lora;channel;False;off;;group;1;f1_inception_v3_neo_wboff;0,757172;0,027449;0,0197727;False;70,1119;0,696126;0,5;;;10,84
NeoJaundice;inception_v3;LAB+YCrCb;adapter_v2;lora;channel;False;off;;group;1;f1_inception_v3_neo_wboff;0,696834;0,0504732;0,0363581;False;64,6085;0,643344;0,5;;;10,26
NeoJaundice;inception_v3;LAB+YCrCb+HSV;adapter_v2;lora;channel;False;off;;group;1;f1_inception_v3_neo_wboff;0,762655;0,0271145;0,0195318;False;70,6935;0,703846;0,5;;;13,88
NeoJaundice;inception_v3;RGB;adapter_v2;lora;channel;False;off;;group;1;f1_inception_v3_neo_wboff;0,800492;0,0165735;0,0119387;False;73,6018;0,73105;0,5;;;4,2
NeoJaundice;inception_v3;RGB+HSV;adapter_v2;lora;channel;False;off;;group;1;f1_inception_v3_neo_wboff;0,80176;0,0113604;0,00818342;True;74,0045;0,736013;0,5;;;5,69
NeoJaundice;inception_v3;RGB+LAB;adapter_v2;lora;channel;False;off;;group;1;f1_inception_v3_neo_wboff;0,79838;0,0198607;0,0143066;False;73,557;0,730986;0,5;;;6,5
NeoJaundice;inception_v3;RGB+LAB+HSV;adapter_v2;lora;channel;False;off;;group;1;f1_inception_v3_neo_wboff;0,804118;0,0238962;0,0172135;False;74,4072;0,740172;0,5;;;8,57
NeoJaundice;inception_v3;RGB+LAB+YCrCb;adapter_v2;lora;channel;False;off;;group;1;f1_inception_v3_neo_wboff;0,804364;0,0277479;0,0199881;False;74,5414;0,740021;0,5;;;8,97
NeoJaundice;inception_v3;RGB+LAB+YCrCb+HSV;adapter_v2;lora;channel;False;off;;group;1;f1_inception_v3_neo_wboff;0,79436;0,00779847;0,0056176;True;73,1544;0,725963;0,5;;;8,35
NeoJaundice;inception_v3;RGB+YCrCb;adapter_v2;lora;channel;False;off;;group;1;f1_inception_v3_neo_wboff;0,800874;0,00946261;0,00681635;True;73,3781;0,729724;0,5;;;6,06
NeoJaundice;inception_v3;RGB+YCrCb+HSV;adapter_v2;lora;channel;False;off;;group;1;f1_inception_v3_neo_wboff;0,811115;0,0121695;0,00876627;True;74,4519;0,740955;0,5;;;8,61
NeoJaundice;inception_v3;YCrCb;adapter_v2;lora;channel;False;off;;group;1;f1_inception_v3_neo_wboff;0,789414;0,0146826;0,0105765;False;73,3333;0,725737;0,5;;;5,63
NeoJaundice;inception_v3;YCrCb+HSV;adapter_v2;lora;channel;False;off;;group;1;f1_inception_v3_neo_wboff;0,777872;0,0104682;0,00754069;True;69,4407;0,692621;0,5;;;10,05
NeoJaundice;mobilenetv3_large;HSV;adapter_v2;lora;channel;False;off;;group;1;f1_mobilenetv3_large_neo_wboff;0,7719;0,0107221;0,00772363;True;69,3512;0,691263;0,5;;;1,62
NeoJaundice;mobilenetv3_large;LAB;adapter_v2;lora;channel;False;off;;group;1;f1_mobilenetv3_large_neo_wboff;0,815545;0,0118946;0,00856824;True;74,7204;0,744123;0,5;;;2,09
NeoJaundice;mobilenetv3_large;LAB+HSV;adapter_v2;lora;channel;False;off;;group;1;f1_mobilenetv3_large_neo_wboff;0,798548;0,0199452;0,0143674;False;72,0805;0,715402;0,5;;;2,27
NeoJaundice;mobilenetv3_large;LAB+YCrCb;adapter_v2;lora;channel;False;off;;group;1;f1_mobilenetv3_large_neo_wboff;0,787363;0,0293019;0,0211075;False;72,4832;0,720562;0,5;;;2,42
NeoJaundice;mobilenetv3_large;LAB+YCrCb+HSV;adapter_v2;lora;channel;False;off;;group;1;f1_mobilenetv3_large_neo_wboff;0,804161;0,0262322;0,0188962;False;74,4966;0,739567;0,55;;;3,31
NeoJaundice;mobilenetv3_large;RGB;adapter_v2;lora;channel;False;off;;group;1;f1_mobilenetv3_large_neo_wboff;0,820094;0,0111794;0,00805302;True;74,6309;0,740428;0,5;;;1,24
NeoJaundice;mobilenetv3_large;RGB+HSV;adapter_v2;lora;channel;False;off;;group;1;f1_mobilenetv3_large_neo_wboff;0,815297;0,0123185;0,00887356;True;73,6018;0,728615;0,5;;;1,94
NeoJaundice;mobilenetv3_large;RGB+LAB;adapter_v2;lora;channel;False;off;;group;1;f1_mobilenetv3_large_neo_wboff;0,818478;0,0205846;0,0148281;False;75,5257;0,747214;0,5;;;1,68
NeoJaundice;mobilenetv3_large;RGB+LAB+HSV;adapter_v2;lora;channel;False;off;;group;1;f1_mobilenetv3_large_neo_wboff;0,811259;0,0157259;0,0113281;False;73,6018;0,729809;0,5;;;3,04
NeoJaundice;mobilenetv3_large;RGB+LAB+YCrCb;adapter_v2;lora;channel;False;off;;group;1;f1_mobilenetv3_large_neo_wboff;0,812186;0,0111783;0,00805223;True;73,2438;0,726737;0,55;;;2,63
NeoJaundice;mobilenetv3_large;RGB+LAB+YCrCb+HSV;adapter_v2;lora;channel;False;off;;group;1;f1_mobilenetv3_large_neo_wboff;0,814339;0,0155246;0,0111831;False;75,123;0,745661;0,5;;;5
NeoJaundice;mobilenetv3_large;RGB+YCrCb;adapter_v2;lora;channel;False;off;;group;1;f1_mobilenetv3_large_neo_wboff;0,813748;0,0241501;0,0173964;False;73,4676;0,725411;0,5;;;1,98
NeoJaundice;mobilenetv3_large;RGB+YCrCb+HSV;adapter_v2;lora;channel;False;off;;group;1;f1_mobilenetv3_large_neo_wboff;0,803105;0,0152268;0,0109686;False;72,6622;0,721423;0,5;;;3,68
NeoJaundice;mobilenetv3_large;YCrCb;adapter_v2;lora;channel;False;off;;group;1;f1_mobilenetv3_large_neo_wboff;0,820858;0,0117906;0,00849332;True;74,094;0,736027;0,45;;;2,05
NeoJaundice;mobilenetv3_large;YCrCb+HSV;adapter_v2;lora;channel;False;off;;group;1;f1_mobilenetv3_large_neo_wboff;0,799504;0,0305479;0,022005;False;73,1544;0,725246;0,5;;;2,16
NeoJaundice;resnet18;HSV;adapter_v2;lora;channel;False;off;;group;1;f1_resnet18_neo_wboff;0,759624;0,0294807;0,0212363;False;67,5168;0,67395;0,5;;;1,37
NeoJaundice;resnet18;LAB;adapter_v2;lora;channel;False;off;;group;1;f1_resnet18_neo_wboff;0,800771;0,0188411;0,0135721;False;72,0805;0,719947;0,5;;;1,44
NeoJaundice;resnet18;LAB+HSV;adapter_v2;lora;channel;False;off;;group;1;f1_resnet18_neo_wboff;0,749219;0,0676798;0,0487528;False;67,472;0,67171;0,5;;;3,14
NeoJaundice;resnet18;LAB+YCrCb;adapter_v2;lora;channel;False;off;;group;1;f1_resnet18_neo_wboff;0,769501;0,0389495;0,0280571;False;69,6644;0,694335;0,5;;;3,02
NeoJaundice;resnet18;LAB+YCrCb+HSV;adapter_v2;lora;channel;False;off;;group;1;f1_resnet18_neo_wboff;0,782979;0,0116931;0,00842307;True;69,8434;0,695429;0,5;;;4,14
NeoJaundice;resnet18;RGB;adapter_v2;lora;channel;False;off;;group;1;f1_resnet18_neo_wboff;0,848599;0,0111616;0,00804024;True;77,5839;0,767785;0,5;;;0,99
NeoJaundice;resnet18;RGB+HSV;adapter_v2;lora;channel;False;off;;group;1;f1_resnet18_neo_wboff;0,844334;0,0121341;0,00874074;True;77,2707;0,767339;0,5;;;1,99
NeoJaundice;resnet18;RGB+LAB;adapter_v2;lora;channel;False;off;;group;1;f1_resnet18_neo_wboff;0,843919;0,0121256;0,00873461;True;77,4944;0,769347;0,5;;;2,01
NeoJaundice;resnet18;RGB+LAB+HSV;adapter_v2;lora;channel;False;off;;group;1;f1_resnet18_neo_wboff;0,844908;0,0128734;0,00927327;True;78,0761;0,776645;0,5;;;3,37
NeoJaundice;resnet18;RGB+LAB+YCrCb;adapter_v2;lora;channel;False;off;;group;1;f1_resnet18_neo_wboff;0,840704;0,013961;0,0100567;False;78,1655;0,776202;0,5;;;3,79
NeoJaundice;resnet18;RGB+LAB+YCrCb+HSV;adapter_v2;lora;channel;False;off;;group;1;f1_resnet18_neo_wboff;0,849832;0,00704334;0,00507364;True;78,3893;0,780532;0,5;;;3,29
NeoJaundice;resnet18;RGB+YCrCb;adapter_v2;lora;channel;False;off;;group;1;f1_resnet18_neo_wboff;0,845138;0,0131114;0,00944476;True;77,4049;0,769459;0,5;;;2,07
NeoJaundice;resnet18;RGB+YCrCb+HSV;adapter_v2;lora;channel;False;off;;group;1;f1_resnet18_neo_wboff;0,843721;0,0118377;0,00852726;True;78,255;0,777928;0,5;;;3,25
NeoJaundice;resnet18;YCrCb;adapter_v2;lora;channel;False;off;;group;1;f1_resnet18_neo_wboff;0,810262;0,00676361;0,00487214;True;73,6018;0,729413;0,5;;;1,73
NeoJaundice;resnet18;YCrCb+HSV;adapter_v2;lora;channel;False;off;;group;1;f1_resnet18_neo_wboff;0,80945;0,00824365;0,00593827;True;72,6622;0,724003;0,5;;;2,66
NeoJaundice;resnet50;HSV;adapter_v2;lora;channel;False;off;;group;1;f1_resnet50_neo_wboff;0,787728;0,0192399;0,0138593;False;71,4094;0,706441;0,5;;;5,11
NeoJaundice;resnet50;LAB;adapter_v2;lora;channel;False;off;;group;1;f1_resnet50_neo_wboff;0,832493;0,00855474;0,00616237;True;74,4519;0,742435;0,5;;;4,84
NeoJaundice;resnet50;LAB+HSV;adapter_v2;lora;channel;False;off;;group;1;f1_resnet50_neo_wboff;0,730249;0,0331506;0,0238799;False;68,4564;0,67613;0,5;;;7,05
NeoJaundice;resnet50;LAB+YCrCb;adapter_v2;lora;channel;False;off;;group;1;f1_resnet50_neo_wboff;0,709032;0,058433;0,042092;False;64,34;0,642702;0,45;;;7,56
NeoJaundice;resnet50;LAB+YCrCb+HSV;adapter_v2;lora;channel;False;off;;group;1;f1_resnet50_neo_wboff;0,719905;0,036961;0,0266247;False;65,2796;0,646726;0,5;;;7,12
NeoJaundice;resnet50;RGB;adapter_v2;lora;channel;False;off;;group;1;f2_resnet50_neo_off;0,837505;0,0143417;0,010331;False;76,4206;0,758786;0,5;;;3,49
NeoJaundice;resnet50;RGB;adapter_v2;lora;channel;False;on;;group;1;f2_resnet50_neo_on;0,839309;0,0131161;0,00944809;True;76,4653;0,762498;0,5;;;3,22
NeoJaundice;resnet50;RGB;adapter_v2;lora;channel;False;off;;group;1;f1_resnet50_neo_wboff;0,837505;0,0143417;0,010331;False;76,4206;0,758786;0,5;;;3,5
NeoJaundice;resnet50;RGB;adapter_v2;lora;channel;True;off;;group;1;f7_mt_resnet50_neo;0,834338;0,0349725;0,0251923;False;75,8389;0,75525;0,5;3,09297;0,426924;3,05
NeoJaundice;resnet50;RGB+HSV;adapter_v2;lora;channel;False;off;;group;1;f1_resnet50_neo_wboff;0,839174;0,0169682;0,012223;False;76,2864;0,76158;0,5;;;6,25
NeoJaundice;resnet50;RGB+LAB;adapter_v2;lora;channel;False;off;;group;1;f1_resnet50_neo_wboff;0,841147;0,014319;0,0103146;False;76,2864;0,760405;0,5;;;4,61
NeoJaundice;resnet50;RGB+LAB+HSV;adapter_v2;lora;channel;False;off;;group;1;f1_resnet50_neo_wboff;0,829677;0,0155724;0,0112175;False;76,0179;0,752596;0,5;;;8,74
NeoJaundice;resnet50;RGB+LAB+YCrCb;adapter_v2;lora;channel;False;off;;group;1;f1_resnet50_neo_wboff;0,828596;0,0228726;0,0164762;False;75,302;0,746675;0,5;;;7,72
NeoJaundice;resnet50;RGB+LAB+YCrCb+HSV;adapter_v2;lora;channel;False;off;;group;1;f1_resnet50_neo_wboff;0,830019;0,0105329;0,00758736;True;76,5548;0,760794;0,5;;;7,43
NeoJaundice;resnet50;RGB+YCrCb;adapter_v2;lora;channel;False;off;;group;1;f1_resnet50_neo_wboff;0,840614;0,0112893;0,00813216;True;76,6443;0,762442;0,5;;;5,55
NeoJaundice;resnet50;RGB+YCrCb+HSV;adapter_v2;lora;channel;False;on;;group;1;f2_resnet50_neo_on;0,843358;0,00806006;0,00580603;True;76,5101;0,761717;0,5;;;4,73
NeoJaundice;resnet50;RGB+YCrCb+HSV;adapter_v2;lora;channel;True;off;;group;1;f7_mt_resnet50_neo;0,844576;0,0127339;0,00917284;True;76,2416;0,758331;0,5;2,99633;0,458601;4,13
NeoJaundice;resnet50;RGB+YCrCb+HSV;adapter_v2;lora;channel;False;off;;group;1;f2_resnet50_neo_off;0,84081;0,0096412;0,00694499;True;76,4653;0,755201;0,55;;;4,63
NeoJaundice;resnet50;RGB+YCrCb+HSV;adapter_v2;lora;channel;False;off;;group;1;f1_resnet50_neo_wboff;0,84081;0,0096412;0,00694499;True;76,4653;0,755201;0,55;;;4,68
NeoJaundice;resnet50;YCrCb;adapter_v2;lora;channel;False;off;;group;1;f1_resnet50_neo_wboff;0,814101;0,00843159;0,00607366;True;74,3177;0,736217;0,5;;;5,35
NeoJaundice;resnet50;YCrCb+HSV;adapter_v2;lora;channel;False;off;;group;1;f1_resnet50_neo_wboff;0,813699;0,0194273;0,0139944;False;72,7069;0,724723;0,45;;;5,97
NeoJaundice;vit_b_16;HSV;adapter_v2;lora;channel;False;off;;group;1;f1_vit_b_16_neo_wboff;0,801768;0,00504663;0,00363531;True;73,8255;0,732535;0,5;;;8,31
NeoJaundice;vit_b_16;LAB;adapter_v2;lora;channel;False;off;;group;1;f1_vit_b_16_neo_wboff;0,793105;0,0260624;0,0187739;False;72,7964;0,725992;0,5;;;6,77
NeoJaundice;vit_b_16;LAB+HSV;adapter_v2;lora;channel;False;off;;group;1;f1_vit_b_16_neo_wboff;0,763837;0,0242772;0,017488;False;71,0962;0,703627;0,5;;;8,01
NeoJaundice;vit_b_16;LAB+YCrCb;adapter_v2;lora;channel;False;off;;group;1;f1_vit_b_16_neo_wboff;0,790156;0,0150612;0,0108492;False;72,3043;0,714308;0,5;;;7,66
NeoJaundice;vit_b_16;LAB+YCrCb+HSV;adapter_v2;lora;channel;False;off;;group;1;f1_vit_b_16_neo_wboff;0,77126;0,0172183;0,0124031;False;70,5593;0,702828;0,5;;;9,82
NeoJaundice;vit_b_16;RGB;adapter_v2;lora;channel;False;off;;group;1;f1_vit_b_16_neo_wboff;0,808572;0,0241679;0,0174093;False;74,1387;0,737177;0,5;;;3,84
NeoJaundice;vit_b_16;RGB+HSV;adapter_v2;lora;channel;False;off;;group;1;f1_vit_b_16_neo_wboff;0,791477;0,0278438;0,0200572;False;72,4385;0,719579;0,5;;;8,75
NeoJaundice;vit_b_16;RGB+LAB;adapter_v2;lora;channel;False;off;;group;1;f1_vit_b_16_neo_wboff;0,787544;0,0290094;0,0208968;False;72,0805;0,716818;0,5;;;9,3
NeoJaundice;vit_b_16;RGB+LAB+HSV;adapter_v2;lora;channel;False;off;;group;1;f1_vit_b_16_neo_wboff;0,793273;0,00943518;0,00679659;True;72,9306;0,725527;0,5;;;7,87
NeoJaundice;vit_b_16;RGB+LAB+YCrCb;adapter_v2;lora;channel;False;off;;group;1;f1_vit_b_16_neo_wboff;0,793027;0,00955669;0,00688412;True;72,6174;0,72312;0,5;;;7,48
NeoJaundice;vit_b_16;RGB+LAB+YCrCb+HSV;adapter_v2;lora;channel;False;off;;group;1;f1_vit_b_16_neo_wboff;0,807071;0,0175235;0,012623;False;74,7651;0,741341;0,5;;;7,61
NeoJaundice;vit_b_16;RGB+YCrCb;adapter_v2;lora;channel;False;off;;group;1;f1_vit_b_16_neo_wboff;0,791672;0,0273458;0,0196984;False;72,6174;0,721541;0,5;;;5,09
NeoJaundice;vit_b_16;RGB+YCrCb+HSV;adapter_v2;lora;channel;False;off;;group;1;f1_vit_b_16_neo_wboff;0,793563;0,00916181;0,00659967;True;72,7517;0,723788;0,5;;;7,86
NeoJaundice;vit_b_16;YCrCb;adapter_v2;lora;channel;False;off;;group;1;f1_vit_b_16_neo_wboff;0,795615;0,0148665;0,010709;False;73,8702;0,731837;0,5;;;7,97
NeoJaundice;vit_b_16;YCrCb+HSV;adapter_v2;lora;channel;False;off;;group;1;f1_vit_b_16_neo_wboff;0,801427;0,00892755;0,00643092;True;74,1834;0,73702;0,5;;;7,09
NeoJaundice;vit_b_32;HSV;adapter_v2;lora;channel;False;off;;group;1;f1_vit_b_32_neo_wboff;0,787804;0,0106503;0,0076719;True;72,1253;0,713607;0,5;;;3,57
NeoJaundice;vit_b_32;LAB;adapter_v2;lora;channel;False;off;;group;1;f1_vit_b_32_neo_wboff;0,791061;0,0243452;0,017537;False;73,1544;0,724846;0,5;;;4,2
NeoJaundice;vit_b_32;LAB+HSV;adapter_v2;lora;channel;False;off;;group;1;f1_vit_b_32_neo_wboff;0,778057;0,0219279;0,0157957;False;71,2304;0,70582;0,5;;;5,36
NeoJaundice;vit_b_32;LAB+YCrCb;adapter_v2;lora;channel;False;off;;group;1;f1_vit_b_32_neo_wboff;0,795853;0,0136479;0,00983124;True;73,3333;0,727692;0,55;;;3,07
NeoJaundice;vit_b_32;LAB+YCrCb+HSV;adapter_v2;lora;channel;False;off;;group;1;f1_vit_b_32_neo_wboff;0,767302;0,0225957;0,0162767;False;69,5302;0,692712;0,5;;;5,7
NeoJaundice;vit_b_32;RGB;adapter_v2;lora;channel;False;off;;group;1;f1_vit_b_32_neo_wboff;0,79806;0,00970819;0,00699325;True;73,2886;0,728011;0,5;;;2,54
NeoJaundice;vit_b_32;RGB+HSV;adapter_v2;lora;channel;False;off;;group;1;f1_vit_b_32_neo_wboff;0,805242;0,0144204;0,0103877;False;73,6018;0,728314;0,55;;;4,03
NeoJaundice;vit_b_32;RGB+LAB;adapter_v2;lora;channel;False;off;;group;1;f1_vit_b_32_neo_wboff;0,809151;0,0135107;0,00973237;True;73,8255;0,72936;0,55;;;3,74
NeoJaundice;vit_b_32;RGB+LAB+HSV;adapter_v2;lora;channel;False;off;;group;1;f1_vit_b_32_neo_wboff;0,795125;0,0194311;0,0139971;False;73,3781;0,729681;0,5;;;5,31
NeoJaundice;vit_b_32;RGB+LAB+YCrCb;adapter_v2;lora;channel;False;off;;group;1;f1_vit_b_32_neo_wboff;0,795175;0,0196731;0,0141715;False;73,3333;0,729576;0,5;;;5,27
NeoJaundice;vit_b_32;RGB+LAB+YCrCb+HSV;adapter_v2;lora;channel;False;off;;group;1;f1_vit_b_32_neo_wboff;0,805695;0,00882342;0,00635591;True;74,0045;0,732414;0,5;;;4,23
NeoJaundice;vit_b_32;RGB+YCrCb;adapter_v2;lora;channel;False;off;;group;1;f1_vit_b_32_neo_wboff;0,80559;0,013805;0,00994436;True;73,8702;0,731081;0,55;;;4,02
NeoJaundice;vit_b_32;RGB+YCrCb+HSV;adapter_v2;lora;channel;False;off;;group;1;f1_vit_b_32_neo_wboff;0,79936;0,0119339;0,00859655;True;73,6018;0,733951;0,5;;;4,56
NeoJaundice;vit_b_32;YCrCb;adapter_v2;lora;channel;False;off;;group;1;f1_vit_b_32_neo_wboff;0,805843;0,0202936;0,0146184;False;74,0045;0,734645;0,5;;;3,52
NeoJaundice;vit_b_32;YCrCb+HSV;adapter_v2;lora;channel;False;off;;group;1;f1_vit_b_32_neo_wboff;0,795759;0,0170034;0,0122483;False;74,4966;0,740882;0,5;;;5,96
NeoJaundice;vit_l_16;HSV;adapter_v2;lora;channel;False;off;;group;1;f1_vit_l_16_neo_wboff;0,760106;0,0162207;0,0116845;False;69,5302;0,6922;0,5;;;15,33
NeoJaundice;vit_l_16;LAB;adapter_v2;lora;channel;False;off;;group;1;f1_vit_l_16_neo_wboff;0,795447;0,0100627;0,00724859;True;70,3356;0,701004;0,45;;;13
NeoJaundice;vit_l_16;LAB+HSV;adapter_v2;lora;channel;False;off;;group;1;f1_vit_l_16_neo_wboff;0,80438;0,0154432;0,0111244;False;73,1991;0,727201;0,5;;;20,16
NeoJaundice;vit_l_16;LAB+YCrCb;adapter_v2;lora;channel;False;off;;group;1;f1_vit_l_16_neo_wboff;0,794668;0,0214393;0,0154437;False;73,1544;0,726614;0,45;;;19,95
NeoJaundice;vit_l_16;LAB+YCrCb+HSV;adapter_v2;lora;channel;False;off;;group;1;f1_vit_l_16_neo_wboff;0,809733;0,0159061;0,0114579;False;73,6913;0,724042;0,55;;;18,45
NeoJaundice;vit_l_16;RGB;adapter_v2;lora;channel;False;off;;group;1;f1_vit_l_16_neo_wboff;0,811821;0,0321012;0,0231239;False;73,3333;0,73153;0,5;;;7,31
NeoJaundice;vit_l_16;RGB+HSV;adapter_v2;lora;channel;False;off;;group;1;f1_vit_l_16_neo_wboff;0,813186;0,0175043;0,0126091;False;73,8255;0,736315;0,45;;;15,81
NeoJaundice;vit_l_16;RGB+LAB;adapter_v2;lora;channel;False;off;;group;1;f1_vit_l_16_neo_wboff;0,812329;0,00841421;0,00606114;True;74,094;0,735226;0,5;;;15,71
NeoJaundice;vit_l_16;RGB+LAB+HSV;adapter_v2;lora;channel;False;off;;group;1;f1_vit_l_16_neo_wboff;0,823807;0,0241854;0,0174219;False;74,8546;0,741144;0,5;;;12,8
NeoJaundice;vit_l_16;RGB+LAB+YCrCb;adapter_v2;lora;channel;False;off;;group;1;f1_vit_l_16_neo_wboff;0,811527;0,0179588;0,0129366;False;73,9597;0,733232;0,5;;;17,09
NeoJaundice;vit_l_16;RGB+LAB+YCrCb+HSV;adapter_v2;lora;channel;False;off;;group;1;f1_vit_l_16_neo_wboff;0,816576;0,0103294;0,00744077;True;73,0649;0,729511;0,3;;;8,98
NeoJaundice;vit_l_16;RGB+YCrCb;adapter_v2;lora;channel;False;off;;group;1;f1_vit_l_16_neo_wboff;0,819312;0,0281363;0,0202679;False;74,2729;0,738111;0,5;;;14,07
NeoJaundice;vit_l_16;RGB+YCrCb+HSV;adapter_v2;lora;channel;False;off;;group;1;f1_vit_l_16_neo_wboff;0,819048;0,0203601;0,0146663;False;74,3177;0,740669;0,5;;;12,17
NeoJaundice;vit_l_16;YCrCb;adapter_v2;lora;channel;False;off;;group;1;f1_vit_l_16_neo_wboff;0,780099;0,016604;0,0119607;False;71,1857;0,700022;0,55;;;15,85
NeoJaundice;vit_l_16;YCrCb+HSV;adapter_v2;lora;channel;False;off;;group;1;f1_vit_l_16_neo_wboff;0,804233;0,022427;0,0161552;False;72,8412;0,720627;0,5;;;17,98