order;image;card_pct
1;0254-2.jpg;3.36
2;0548-1.jpg;0.00
3;0662-3.jpg;0.00
4;1053-1.jpg;0.03
5;1058-3.jpg;0.00
6;1162-1.jpg;18.58
7;0982-2.jpg;1.35
8;0125-2.jpg;0.00
9;1038-2.jpg;0.00
10;1106-2.jpg;0.00
11;0584-1.jpg;0.00
12;1347-1.jpg;0.71
13;0353-1.jpg;0.00
14;0464-3.jpg;3.31
15;0135-2.jpg;0.00
16;1278-2.jpg;4.65
17;1285-3.jpg;1.10
18;0371-2.jpg;1.55
19;1127-1.jpg;0.06
20;1275-1.jpg;17.91
21;1180-2.jpg;0.00
22;0315-3.jpg;0.00
23;0736-3.jpg;0.36
24;0203-3.jpg;0.00
25;0939-2.jpg;17.40
26;1051-2.jpg;0.00
27;1324-2.jpg;1.56
28;0591-3.jpg;5.99
29;1228-3.jpg;0.03
30;0586-1.jpg;3.72
31;1330-1.jpg;0.00
32;1306-1.jpg;3.48
33;0104-3.jpg;2.29
34;0869-1.jpg;0.54
35;1011-2.jpg;0.00
36;1222-3.jpg;0.00
37;1262-2.jpg;0.00
38;1276-3.jpg;2.25
39;0980-3.jpg;0.00
40;0116-3.jpg;0.13
41;1329-3.jpg;0.19
42;0520-2.jpg;0.91
43;0732-1.jpg;8.48
44;0028-1.jpg;0.00
45;1198-2.jpg;0.00
46;1278-1.jpg;0.00
47;0371-1.jpg;0.87
48;0993-1.jpg;1.60
49;0127-2.jpg;0.51
50;0602-1.jpg;3.28
51;1013-2.jpg;0.75
52;0202-1.jpg;0.00
53;0006-1.jpg;6.29
54;0335-1.jpg;0.00
55;0885-3.jpg;1.22
56;0952-2.jpg;0.00
57;0444-3.jpg;0.00
58;1306-2.jpg;0.00
59;1101-1.jpg;1.00
60;0143-1.jpg;0.00
61;0850-3.jpg;8.28
62;0730-2.jpg;0.00
63;1325-1.jpg;20.10
64;0182-2.jpg;5.00
65;0037-1.jpg;0.96
66;0590-3.jpg;0.00
67;0262-2.jpg;0.00
68;0037-2.jpg;0.00
69;1146-1.jpg;0.00
70;1243-1.jpg;5.52
71;0297-2.jpg;0.00
72;0345-1.jpg;0.68
73;0035-2.jpg;12.42
74;0217-3.jpg;0.00
75;1106-3.jpg;0.21
76;1062-2.jpg;0.02
77;1206-2.jpg;0.18
78;0307-3.jpg;0.00
79;0668-3.jpg;0.00
80;1266-2.jpg;0.10
81;0056-2.jpg;0.00
82;0937-2.jpg;0.00
83;0812-1.jpg;5.82
84;0108-3.jpg;0.00
85;0779-2.jpg;6.37
86;0008-3.jpg;0.00
87;0262-1.jpg;0.00
88;1292-1.jpg;0.00
89;0548-3.jpg;0.00
90;0297-1.jpg;0.00
91;1319-2.jpg;3.68
92;0681-2.jpg;0.93
93;0532-1.jpg;0.20
94;0019-1.jpg;0.03
95;0272-1.jpg;1.48
96;0122-2.jpg;0.23
97;1220-2.jpg;0.00
98;1070-3.jpg;3.89
99;0560-2.jpg;3.67
100;1342-2.jpg;0.12
101;1297-2.jpg;0.02
102;0392-2.jpg;0.00
103;1215-3.jpg;4.94
104;0003-2.jpg;7.57
105;1294-2.jpg;0.00
106;1032-2.jpg;0.00
107;1186-2.jpg;0.00
108;0313-2.jpg;3.57
109;0601-1.jpg;0.00
110;1341-2.jpg;3.40
111;0363-1.jpg;1.15
112;1271-3.jpg;0.00
113;0447-1.jpg;0.00
114;1348-1.jpg;0.00
115;1225-1.jpg;0.00
116;1208-2.jpg;0.35
117;1182-2.jpg;3.57
118;0776-1.jpg;0.00
119;0446-2.jpg;0.00
120;0079-2.jpg;1.46
