dataset;backbone;arm;nivel;metrica;n_seeds;rgb;tardia;rgb_duplo;delta_vs_rgb_unico;ic95_lo_vs_rgb_unico;ic95_hi_vs_rgb_unico;sementes_pos_vs_rgb_unico;delta_vs_custo_igual;ic95_lo_vs_custo_igual;ic95_hi_vs_custo_igual;sementes_pos_vs_custo_igual;thr_single;thr_tardia;thr_rgb_duplo
NJN;convnextv2_tiny;RGB+YCrCb+HSV;imagem;accuracy;5;90,131579;90,131579;92,039474;0,000000;-1,528005;1,528005;2;-1,907895;-3,319603;-0,496187;0;0,500000;0,600000;0,400000
NJN;deit_base;RGB+YCrCb+HSV;imagem;accuracy;5;90,236842;90,394737;90,684211;0,157895;-0,576275;0,892065;3;-0,289474;-1,619804;1,040857;3;0,500000;0,450000;0,350000
NJN;deit_small;RGB+LAB+YCrCb;imagem;accuracy;5;83,684211;87,631579;86,184211;3,947368;1,566144;6,328593;5;1,447368;0,015136;2,879601;4;0,500000;0,500000;0,500000
NJN;deit_tiny;RGB+HSV;imagem;accuracy;5;85,921053;87,368421;87,631579;1,447368;-0,819030;3,713767;4;-0,263158;-2,029121;1,502805;3;0,550000;0,600000;0,600000
NJN;densenet121;RGB+YCrCb;imagem;accuracy;5;89,921053;89,605263;90,855263;-0,315789;-1,972007;1,340428;2;-1,250000;-2,436754;-0,063246;0;0,500000;0,400000;0,450000
NJN;dinov3_vits16;RGB+YCrCb+HSV;imagem;accuracy;5;81,578947;84,473684;83,750000;2,894737;1,528047;4,261426;5;0,723684;-0,352913;1,800281;4;0,500000;0,650000;0,550000
NJN;efficientnet_b0;RGB+HSV;imagem;accuracy;5;83,684211;84,605263;84,539474;0,921053;-0,174737;2,016842;3;0,065789;-2,093206;2,224785;3;0,500000;0,500000;0,350000
NJN;efficientnet_b4;RGB+YCrCb+HSV;imagem;accuracy;5;91,184211;92,763158;92,828947;1,578947;-1,166607;4,324502;3;-0,065789;-2,166053;2,034474;1;0,500000;0,350000;0,400000
NJN;inception_v3;RGB+YCrCb;imagem;accuracy;5;85,131579;86,710526;86,776316;1,578947;-0,388055;3,545950;4;-0,065789;-1,584215;1,452636;2;0,400000;0,400000;0,400000
NJN;mobilenetv3_large;RGB+LAB+HSV;imagem;accuracy;5;93,947368;94,210526;93,486842;0,263158;-0,668084;1,194400;2;0,723684;-0,229681;1,677049;4;0,500000;0,500000;0,600000
NJN;resnet18;RGB+YCrCb+HSV;imagem;accuracy;5;89,210526;88,947368;88,815789;-0,263158;-1,501826;0,975510;1;0,131579;-1,679837;1,942995;4;0,450000;0,500000;0,500000
NJN;resnet50;RGB+LAB+YCrCb+HSV;imagem;accuracy;5;86,578947;86,842105;88,486842;0,263158;-2,089885;2,616201;3;-1,644737;-4,395601;1,106128;2;0,500000;0,600000;0,500000
NJN;vit_b_16;RGB+LAB+YCrCb+HSV;imagem;accuracy;5;91,710526;92,368421;92,828947;0,657895;-0,633506;1,949295;3;-0,460526;-1,515609;0,594556;1;0,500000;0,500000;0,500000
NJN;vit_b_32;LAB+HSV;imagem;accuracy;5;90,921053;89,736842;90,065789;-1,184211;-4,315690;1,947269;1;-0,328947;-2,875168;2,217274;3;0,500000;0,550000;0,700000
NJN;vit_l_16;RGB+YCrCb+HSV;imagem;accuracy;5;90,263158;92,631579;91,184211;2,368421;-0,979271;5,716113;3;1,447368;-1,484707;4,379444;3;0,500000;0,550000;0,500000
NeoJaundice;convnextv2_tiny;HSV;paciente;accuracy;5;79,463087;76,510067;80,738255;-2,953020;-4,680776;-1,225264;0;-4,228188;-6,609553;-1,846823;0;0,500000;0,450000;0,500000
NeoJaundice;deit_base;RGB+LAB+YCrCb+HSV;paciente;accuracy;5;80,322148;81,369128;81,530201;1,046980;0,316802;1,777158;5;-0,161074;-0,814749;0,492602;2;0,550000;0,500000;0,500000
NeoJaundice;deit_small;YCrCb+HSV;paciente;accuracy;5;78,657718;77,852349;79,194631;-0,805369;-2,880015;1,269277;1;-1,342282;-3,251378;0,566814;1;0,500000;0,500000;0,500000
NeoJaundice;deit_tiny;LAB;paciente;accuracy;5;77,852349;75,436242;78,590604;-2,416107;-7,040168;2,207954;1;-3,154362;-6,805253;0,496528;0;0,500000;0,400000;0,550000
NeoJaundice;densenet121;RGB+LAB;paciente;accuracy;5;80,134228;80,644295;80,577181;0,510067;-0,939793;1,959927;3;0,067114;-1,043730;1,177958;2;0,500000;0,500000;0,500000
NeoJaundice;dinov3_vits16;RGB+HSV;paciente;accuracy;5;77,986577;79,060403;79,261745;1,073826;-2,391717;4,539368;4;-0,201342;-3,001402;2,598717;3;0,500000;0,500000;0,500000
NeoJaundice;efficientnet_b0;RGB+YCrCb+HSV;paciente;accuracy;5;80,939597;81,073826;81,946309;0,134228;-1,765755;2,034212;1;-0,872483;-2,580031;0,835064;2;0,550000;0,550000;0,550000
NeoJaundice;efficientnet_b4;RGB+LAB;paciente;accuracy;5;77,449664;79,731544;80,000000;2,281879;1,331887;3,231871;5;-0,268456;-1,824441;1,287528;3;0,450000;0,500000;0,500000
NeoJaundice;inception_v3;YCrCb;paciente;accuracy;5;81,476510;78,926174;82,416107;-2,550336;-6,774247;1,673575;1;-3,489933;-7,654360;0,674494;1;0,500000;0,450000;0,500000
NeoJaundice;mobilenetv3_large;RGB+LAB;paciente;accuracy;5;78,926174;74,765101;80,067114;-4,161074;-10,965807;2,643659;1;-5,302013;-9,121910;-1,482117;0;0,600000;0,350000;0,500000
NeoJaundice;resnet18;RGB+LAB+YCrCb+HSV;paciente;accuracy;5;82,550336;82,684564;83,154362;0,134228;-2,591233;2,859690;3;-0,469799;-2,626478;1,686881;2;0,500000;0,450000;0,450000
NeoJaundice;resnet50;RGB+YCrCb+HSV;paciente;accuracy;5;80,268456;82,684564;83,557047;2,416107;0,590662;4,241553;5;-0,872483;-2,743704;0,998737;1;0,500000;0,550000;0,550000
NeoJaundice;vit_b_16;RGB+YCrCb;paciente;accuracy;5;78,926174;81,744966;81,946309;2,818792;-1,062516;6,700100;4;-0,201342;-1,863828;1,461143;2;0,500000;0,600000;0,600000
NeoJaundice;vit_b_32;LAB+YCrCb;paciente;accuracy;5;78,657718;80,000000;80,000000;1,342282;-1,830441;4,515005;3;-0,000000;-1,633525;1,633525;3;0,600000;0,500000;0,600000
NeoJaundice;vit_l_16;RGB+LAB+YCrCb+HSV;paciente;accuracy;5;78,926174;82,281879;80,604027;3,355705;-0,228015;6,939425;4;1,677852;-0,546178;3,901882;4;0,550000;0,550000;0,550000
