dataset;backbone;colorset;K;spread;argmax_space;w_rgb;spaces;weights
NeoJaundice;efficientnet_b4;RGB+LAB;2;0.7940;RGB;1.3970;RGB+LAB;1.3970+0.6030
NJN;efficientnet_b4;RGB+YCrCb+HSV;3;0.3426;RGB;1.1830;RGB+YCrCb+HSV;1.1830+0.9765+0.8404
NJN;vit_b_32;LAB+HSV;2;0.2966;LAB;;LAB+HSV;1.1483+0.8517
NeoJaundice;mobilenetv3_large;RGB+LAB;2;0.2576;RGB;1.1288;RGB+LAB;1.1288+0.8712
NJN;densenet121;RGB+YCrCb;2;0.2262;RGB;1.1131;RGB+YCrCb;1.1131+0.8869
NeoJaundice;deit_small;YCrCb+HSV;2;0.1991;HSV;;YCrCb+HSV;0.9004+1.0996
NeoJaundice;vit_l_16;RGB+LAB+YCrCb+HSV;4;0.1617;RGB;1.1174;RGB+LAB+YCrCb+HSV;1.1174+0.9575+0.9694+0.9557
NJN;vit_l_16;RGB+YCrCb+HSV;3;0.1267;RGB;1.0728;RGB+YCrCb+HSV;1.0728+0.9810+0.9462
NJN;deit_tiny;RGB+HSV;2;0.1187;RGB;1.0594;RGB+HSV;1.0594+0.9406
NeoJaundice;deit_base;RGB+LAB+YCrCb+HSV;4;0.0878;RGB;1.0515;RGB+LAB+YCrCb+HSV;1.0515+0.9637+0.9788+1.0061
NeoJaundice;vit_b_32;LAB+YCrCb;2;0.0630;LAB;;LAB+YCrCb;1.0315+0.9685
NJN;efficientnet_b0;RGB+HSV;2;0.0388;HSV;0.9806;RGB+HSV;0.9806+1.0194
NJN;resnet18;RGB+YCrCb+HSV;3;0.0327;RGB;1.0214;RGB+YCrCb+HSV;1.0214+0.9887+0.9899
NJN;convnextv2_tiny;RGB+YCrCb+HSV;3;0.0277;HSV;0.9818;RGB+YCrCb+HSV;0.9818+1.0088+1.0094
NJN;mobilenetv3_large;RGB+LAB+HSV;3;0.0260;RGB;1.0145;RGB+LAB+HSV;1.0145+0.9885+0.9970
NJN;deit_base;RGB+YCrCb+HSV;3;0.0178;RGB;1.0118;RGB+YCrCb+HSV;1.0118+0.9940+0.9942
NeoJaundice;vit_b_16;RGB+YCrCb;2;0.0109;YCrCb;0.9946;RGB+YCrCb;0.9946+1.0054
NJN;inception_v3;RGB+YCrCb;2;0.0078;RGB;1.0039;RGB+YCrCb;1.0039+0.9961
NJN;deit_small;RGB+LAB+YCrCb;3;0.0054;RGB;1.0036;RGB+LAB+YCrCb;1.0036+0.9982+0.9982
NJN;dinov3_vits16;RGB+YCrCb+HSV;3;0.0025;RGB;1.0016;RGB+YCrCb+HSV;1.0016+0.9991+0.9992
NeoJaundice;resnet18;RGB+LAB+YCrCb+HSV;4;0.0024;RGB;1.0017;RGB+LAB+YCrCb+HSV;1.0017+0.9992+0.9994+0.9997
NeoJaundice;densenet121;RGB+LAB;2;0.0020;RGB;1.0010;RGB+LAB;1.0010+0.9990
NeoJaundice;resnet50;RGB+YCrCb+HSV;3;0.0019;RGB;1.0013;RGB+YCrCb+HSV;1.0013+0.9994+0.9994
NeoJaundice;efficientnet_b0;RGB+YCrCb+HSV;3;0.0017;YCrCb;0.9989;RGB+YCrCb+HSV;0.9989+1.0006+1.0005
NJN;resnet50;RGB+LAB+YCrCb+HSV;4;0.0012;RGB;1.0009;RGB+LAB+YCrCb+HSV;1.0009+0.9997+0.9997+0.9997
NeoJaundice;dinov3_vits16;RGB+HSV;2;0.0012;HSV;0.9994;RGB+HSV;0.9994+1.0006
NJN;vit_b_16;RGB+LAB+YCrCb+HSV;4;0.0010;HSV;0.9993;RGB+LAB+YCrCb+HSV;0.9993+1.0002+1.0002+1.0003
