image,patient_id,label,split
0012-1.jpg,0012,0,test
0012-2.jpg,0012,0,test
0012-3.jpg,0012,0,test
0016-1.jpg,0016,0,test
0016-2.jpg,0016,0,test
0016-3.jpg,0016,0,test
0022-1.jpg,0022,1,test
0022-2.jpg,0022,1,test
0022-3.jpg,0022,1,test
0023-1.jpg,0023,1,val
0023-2.jpg,0023,1,val
0023-3.jpg,0023,1,val
0033-1.jpg,0033,0,val
0033-2.jpg,0033,0,val
0033-3.jpg,0033,0,val
0040-1.jpg,0040,0,val
0040-2.jpg,0040,0,val
0040-3.jpg,0040,0,val
0046-1.jpg,0046,1,test
0046-2.jpg,0046,1,test
0046-3.jpg,0046,1,test
0055-1.jpg,0055,1,test
0055-2.jpg,0055,1,test
0055-3.jpg,0055,1,test
0065-1.jpg,0065,0,val
0065-2.jpg,0065,0,val
0065-3.jpg,0065,0,val
0066-1.jpg,0066,0,val
0066-2.jpg,0066,0,val
0066-3.jpg,0066,0,val
0068-1.jpg,0068,1,test
0068-2.jpg,0068,1,test
0068-3.jpg,0068,1,test
0071-1.jpg,0071,1,test
0071-2.jpg,0071,1,test
0071-3.jpg,0071,1,test
0079-1.jpg,0079,0,test
0079-2.jpg,0079,0,test
0079-3.jpg,0079,0,test
0087-1.jpg,0087,1,test
0087-2.jpg,0087,1,test
0087-3.jpg,0087,1,test
0097-1.jpg,0097,1,test
0097-2.jpg,0097,1,test
0097-3.jpg,0097,1,test
0099-1.jpg,0099,1,val
0099-2.jpg,0099,1,val
0099-3.jpg,0099,1,val
0100-1.jpg,0100,1,test
0100-2.jpg,0100,1,test
0100-3.jpg,0100,1,test
0101-1.jpg,0101,1,val
0101-2.jpg,0101,1,val
0101-3.jpg,0101,1,val
0103-1.jpg,0103,0,test
0103-2.jpg,0103,0,test
0103-3.jpg,0103,0,test
0114-1.jpg,0114,1,test
0114-2.jpg,0114,1,test
0114-3.jpg,0114,1,test
0118-1.jpg,0118,1,test
0118-2.jpg,0118,1,test
0118-3.jpg,0118,1,test
0119-1.jpg,0119,0,test
0119-2.jpg,0119,0,test
0119-3.jpg,0119,0,test
0122-1.jpg,0122,1,test
0122-2.jpg,0122,1,test
0122-3.jpg,0122,1,test
0125-1.jpg,0125,1,test
0125-2.jpg,0125,1,test
0125-3.jpg,0125,1,test
0128-1.jpg,0128,0,test
0128-2.jpg,0128,0,test
0128-3.jpg,0128,0,test
0129-1.jpg,0129,1,val
0129-2.jpg,0129,1,val
0129-3.jpg,0129,1,val
0130-1.jpg,0130,0,test
0130-2.jpg,0130,0,test
0130-3.jpg,0130,0,test
0135-1.jpg,0135,0,test
0135-2.jpg,0135,0,test
0135-3.jpg,0135,0,test
0144-1.jpg,0144,1,test
0144-2.jpg,0144,1,test
0144-3.jpg,0144,1,test
0146-1.jpg,0146,0,test
0146-2.jpg,0146,0,test
0146-3.jpg,0146,0,test
0153-1.jpg,0153,0,val
0153-2.jpg,0153,0,val
0153-3.jpg,0153,0,val
0161-1.jpg,0161,1,test
0161-2.jpg,0161,1,test
0161-3.jpg,0161,1,test
0180-1.jpg,0180,0,test
0180-2.jpg,0180,0,test
0180-3.jpg,0180,0,test
0185-1.jpg,0185,0,test
0185-2.jpg,0185,0,test
0185-3.jpg,0185,0,test
0188-1.jpg,0188,0,test
0188-2.jpg,0188,0,test
0188-3.jpg,0188,0,test
0192-1.jpg,0192,1,test
0192-2.jpg,0192,1,test
0192-3.jpg,0192,1,test
0197-1.jpg,0197,1,test
0197-2.jpg,0197,1,test
0197-3.jpg,0197,1,test
0208-1.jpg,0208,0,val
0208-2.jpg,0208,0,val
0208-3.jpg,0208,0,val
0222-1.jpg,0222,0,test
0222-2.jpg,0222,0,test
0222-3.jpg,0222,0,test
0226-1.jpg,0226,1,test
0226-2.jpg,0226,1,test
0226-3.jpg,0226,1,test
0233-1.jpg,0233,1,test
0233-2.jpg,0233,1,test
0233-3.jpg,0233,1,test
0235-1.jpg,0235,1,test
0235-2.jpg,0235,1,test
0235-3.jpg,0235,1,test
0236-1.jpg,0236,1,val
0236-2.jpg,0236,1,val
0236-3.jpg,0236,1,val
0247-1.jpg,0247,1,test
0247-2.jpg,0247,1,test
0247-3.jpg,0247,1,test
0251-1.jpg,0251,1,test
0251-2.jpg,0251,1,test
0251-3.jpg,0251,1,test
0252-1.jpg,0252,1,val
0252-2.jpg,0252,1,val
0252-3.jpg,0252,1,val
0256-1.jpg,0256,0,test
0256-2.jpg,0256,0,test
0256-3.jpg,0256,0,test
0261-1.jpg,0261,1,test
0261-2.jpg,0261,1,test
0261-3.jpg,0261,1,test
0262-1.jpg,0262,1,test
0262-2.jpg,0262,1,test
0262-3.jpg,0262,1,test
0273-1.jpg,0273,0,val
0273-2.jpg,0273,0,val
0273-3.jpg,0273,0,val
0276-1.jpg,0276,0,val
0276-2.jpg,0276,0,val
0276-3.jpg,0276,0,val
0277-1.jpg,0277,0,val
0277-2.jpg,0277,0,val
0277-3.jpg,0277,0,val
0279-1.jpg,0279,1,test
0279-2.jpg,0279,1,test
0279-3.jpg,0279,1,test
0285-1.jpg,0285,0,test
0285-2.jpg,0285,0,test
0285-3.jpg,0285,0,test
0290-1.jpg,0290,1,val
0290-2.jpg,0290,1,val
0290-3.jpg,0290,1,val
0296-1.jpg,0296,0,test
0296-2.jpg,0296,0,test
0296-3.jpg,0296,0,test
0309-1.jpg,0309,0,test
0309-2.jpg,0309,0,test
0309-3.jpg,0309,0,test
0313-1.jpg,0313,0,test
0313-2.jpg,0313,0,test
0313-3.jpg,0313,0,test
0316-1.jpg,0316,0,val
0316-2.jpg,0316,0,val
0316-3.jpg,0316,0,val
0317-1.jpg,0317,0,test
0317-2.jpg,0317,0,test
0317-3.jpg,0317,0,test
0330-1.jpg,0330,0,val
0330-2.jpg,0330,0,val
0330-3.jpg,0330,0,val
0331-1.jpg,0331,0,test
0331-2.jpg,0331,0,test
0331-3.jpg,0331,0,test
0338-1.jpg,0338,0,test
0338-2.jpg,0338,0,test
0338-3.jpg,0338,0,test
0345-1.jpg,0345,0,test
0345-2.jpg,0345,0,test
0345-3.jpg,0345,0,test
0354-1.jpg,0354,0,test
0354-2.jpg,0354,0,test
0354-3.jpg,0354,0,test
0359-1.jpg,0359,0,test
0359-2.jpg,0359,0,test
0359-3.jpg,0359,0,test
0363-1.jpg,0363,0,test
0363-2.jpg,0363,0,test
0363-3.jpg,0363,0,test
0368-1.jpg,0368,0,test
0368-2.jpg,0368,0,test
0368-3.jpg,0368,0,test
0373-1.jpg,0373,0,test
0373-2.jpg,0373,0,test
0373-3.jpg,0373,0,test
0374-1.jpg,0374,0,test
0374-2.jpg,0374,0,test
0374-3.jpg,0374,0,test
0381-1.jpg,0381,0,val
0381-2.jpg,0381,0,val
0381-3.jpg,0381,0,val
0386-1.jpg,0386,0,test
0386-2.jpg,0386,0,test
0386-3.jpg,0386,0,test
0409-1.jpg,0409,0,test
0409-2.jpg,0409,0,test
0409-3.jpg,0409,0,test
0421-1.jpg,0421,0,test
0421-2.jpg,0421,0,test
0421-3.jpg,0421,0,test
0426-1.jpg,0426,0,test
0426-2.jpg,0426,0,test
0426-3.jpg,0426,0,test
0427-1.jpg,0427,0,val
0427-2.jpg,0427,0,val
0427-3.jpg,0427,0,val
0445-1.jpg,0445,0,val
0445-2.jpg,0445,0,val
0445-3.jpg,0445,0,val
0458-1.jpg,0458,0,test
0458-2.jpg,0458,0,test
0458-3.jpg,0458,0,test
0495-1.jpg,0495,1,test
0495-2.jpg,0495,1,test
0495-3.jpg,0495,1,test
0497-1.jpg,0497,0,val
0497-2.jpg,0497,0,val
0497-3.jpg,0497,0,val
0511-1.jpg,0511,0,val
0511-2.jpg,0511,0,val
0511-3.jpg,0511,0,val
0516-1.jpg,0516,1,val
0516-2.jpg,0516,1,val
0516-3.jpg,0516,1,val
0519-1.jpg,0519,0,test
0519-2.jpg,0519,0,test
0519-3.jpg,0519,0,test
0524-1.jpg,0524,0,test
0524-2.jpg,0524,0,test
0524-3.jpg,0524,0,test
0529-1.jpg,0529,0,val
0529-2.jpg,0529,0,val
0529-3.jpg,0529,0,val
0532-1.jpg,0532,0,test
0532-2.jpg,0532,0,test
0532-3.jpg,0532,0,test
0540-1.jpg,0540,1,test
0540-2.jpg,0540,1,test
0540-3.jpg,0540,1,test
0541-1.jpg,0541,1,val
0541-2.jpg,0541,1,val
0541-3.jpg,0541,1,val
0549-1.jpg,0549,0,test
0549-2.jpg,0549,0,test
0549-3.jpg,0549,0,test
0564-1.jpg,0564,0,test
0564-2.jpg,0564,0,test
0564-3.jpg,0564,0,test
0570-1.jpg,0570,1,test
0570-2.jpg,0570,1,test
0570-3.jpg,0570,1,test
0574-1.jpg,0574,1,val
0574-2.jpg,0574,1,val
0574-3.jpg,0574,1,val
0578-1.jpg,0578,0,test
0578-2.jpg,0578,0,test
0578-3.jpg,0578,0,test
0584-1.jpg,0584,1,test
0584-2.jpg,0584,1,test
0584-3.jpg,0584,1,test
0586-1.jpg,0586,0,test
0586-2.jpg,0586,0,test
0586-3.jpg,0586,0,test
0589-1.jpg,0589,0,test
0589-2.jpg,0589,0,test
0589-3.jpg,0589,0,test
0591-1.jpg,0591,0,test
0591-2.jpg,0591,0,test
0591-3.jpg,0591,0,test
0596-1.jpg,0596,0,test
0596-2.jpg,0596,0,test
0596-3.jpg,0596,0,test
0598-1.jpg,0598,1,test
0598-2.jpg,0598,1,test
0598-3.jpg,0598,1,test
0602-1.jpg,0602,0,test
0602-2.jpg,0602,0,test
0602-3.jpg,0602,0,test
0612-1.jpg,0612,0,test
0612-2.jpg,0612,0,test
0612-3.jpg,0612,0,test
0631-1.jpg,0631,0,test
0631-2.jpg,0631,0,test
0631-3.jpg,0631,0,test
0637-1.jpg,0637,1,test
0637-2.jpg,0637,1,test
0637-3.jpg,0637,1,test
0639-1.jpg,0639,1,test
0639-2.jpg,0639,1,test
0639-3.jpg,0639,1,test
0641-1.jpg,0641,0,val
0641-2.jpg,0641,0,val
0641-3.jpg,0641,0,val
0653-1.jpg,0653,0,test
0653-2.jpg,0653,0,test
0653-3.jpg,0653,0,test
0662-1.jpg,0662,1,test
0662-2.jpg,0662,1,test
0662-3.jpg,0662,1,test
0665-1.jpg,0665,0,val
0665-2.jpg,0665,0,val
0665-3.jpg,0665,0,val
0669-1.jpg,0669,1,test
0669-2.jpg,0669,1,test
0669-3.jpg,0669,1,test
0673-1.jpg,0673,1,val
0673-2.jpg,0673,1,val
0673-3.jpg,0673,1,val
0678-1.jpg,0678,0,test
0678-2.jpg,0678,0,test
0678-3.jpg,0678,0,test
0694-1.jpg,0694,1,val
0694-2.jpg,0694,1,val
0694-3.jpg,0694,1,val
0726-1.jpg,0726,0,val
0726-2.jpg,0726,0,val
0726-3.jpg,0726,0,val
0730-1.jpg,0730,0,val
0730-2.jpg,0730,0,val
0730-3.jpg,0730,0,val
0733-1.jpg,0733,0,val
0733-2.jpg,0733,0,val
0733-3.jpg,0733,0,val
0739-1.jpg,0739,0,test
0739-2.jpg,0739,0,test
0739-3.jpg,0739,0,test
0762-1.jpg,0762,0,test
0762-2.jpg,0762,0,test
0762-3.jpg,0762,0,test
0771-1.jpg,0771,0,test
0771-2.jpg,0771,0,test
0771-3.jpg,0771,0,test
0775-1.jpg,0775,0,test
0775-2.jpg,0775,0,test
0775-3.jpg,0775,0,test
0794-1.jpg,0794,0,test
0794-2.jpg,0794,0,test
0794-3.jpg,0794,0,test
0796-1.jpg,0796,0,val
0796-2.jpg,0796,0,val
0796-3.jpg,0796,0,val
0802-1.jpg,0802,1,val
0802-2.jpg,0802,1,val
0802-3.jpg,0802,1,val
0812-1.jpg,0812,0,test
0812-2.jpg,0812,0,test
0812-3.jpg,0812,0,test
0823-1.jpg,0823,1,test
0823-2.jpg,0823,1,test
0823-3.jpg,0823,1,test
0824-1.jpg,0824,1,val
0824-2.jpg,0824,1,val
0824-3.jpg,0824,1,val
0834-1.jpg,0834,1,test
0834-2.jpg,0834,1,test
0834-3.jpg,0834,1,test
0837-1.jpg,0837,1,val
0837-2.jpg,0837,1,val
0837-3.jpg,0837,1,val
0841-1.jpg,0841,1,val
0841-2.jpg,0841,1,val
0841-3.jpg,0841,1,val
0850-1.jpg,0850,0,val
0850-2.jpg,0850,0,val
0850-3.jpg,0850,0,val
0851-1.jpg,0851,0,val
0851-2.jpg,0851,0,val
0851-3.jpg,0851,0,val
0856-1.jpg,0856,1,test
0856-2.jpg,0856,1,test
0856-3.jpg,0856,1,test
0861-1.jpg,0861,0,test
0861-2.jpg,0861,0,test
0861-3.jpg,0861,0,test
0871-1.jpg,0871,1,val
0871-2.jpg,0871,1,val
0871-3.jpg,0871,1,val
0872-1.jpg,0872,1,val
0872-2.jpg,0872,1,val
0872-3.jpg,0872,1,val
0876-1.jpg,0876,1,test
0876-2.jpg,0876,1,test
0876-3.jpg,0876,1,test
0886-1.jpg,0886,1,test
0886-2.jpg,0886,1,test
0886-3.jpg,0886,1,test
0902-1.jpg,0902,0,test
0902-2.jpg,0902,0,test
0902-3.jpg,0902,0,test
0914-1.jpg,0914,1,val
0914-2.jpg,0914,1,val
0914-3.jpg,0914,1,val
0937-1.jpg,0937,1,test
0937-2.jpg,0937,1,test
0937-3.jpg,0937,1,test
0938-1.jpg,0938,0,test
0938-2.jpg,0938,0,test
0938-3.jpg,0938,0,test
0965-1.jpg,0965,0,test
0965-2.jpg,0965,0,test
0965-3.jpg,0965,0,test
0966-1.jpg,0966,1,test
0966-2.jpg,0966,1,test
0966-3.jpg,0966,1,test
0968-1.jpg,0968,1,test
0968-2.jpg,0968,1,test
0968-3.jpg,0968,1,test
0975-1.jpg,0975,1,test
0975-2.jpg,0975,1,test
0975-3.jpg,0975,1,test
0978-1.jpg,0978,1,test
0978-2.jpg,0978,1,test
0978-3.jpg,0978,1,test
0985-1.jpg,0985,1,val
0985-2.jpg,0985,1,val
0985-3.jpg,0985,1,val
0994-1.jpg,0994,0,test
0994-2.jpg,0994,0,test
0994-3.jpg,0994,0,test
0995-1.jpg,0995,1,test
0995-2.jpg,0995,1,test
0995-3.jpg,0995,1,test
0997-1.jpg,0997,1,test
0997-2.jpg,0997,1,test
0997-3.jpg,0997,1,test
1006-1.jpg,1006,0,val
1006-2.jpg,1006,0,val
1006-3.jpg,1006,0,val
1011-1.jpg,1011,0,test
1011-2.jpg,1011,0,test
1011-3.jpg,1011,0,test
1012-1.jpg,1012,0,test
1012-2.jpg,1012,0,test
1012-3.jpg,1012,0,test
1016-1.jpg,1016,1,test
1016-2.jpg,1016,1,test
1016-3.jpg,1016,1,test
1018-1.jpg,1018,0,test
1018-2.jpg,1018,0,test
1018-3.jpg,1018,0,test
1021-1.jpg,1021,0,test
1021-2.jpg,1021,0,test
1021-3.jpg,1021,0,test
1022-1.jpg,1022,0,val
1022-2.jpg,1022,0,val
1022-3.jpg,1022,0,val
1025-1.jpg,1025,1,val
1025-2.jpg,1025,1,val
1025-3.jpg,1025,1,val
1033-1.jpg,1033,0,val
1033-2.jpg,1033,0,val
1033-3.jpg,1033,0,val
1034-1.jpg,1034,0,val
1034-2.jpg,1034,0,val
1034-3.jpg,1034,0,val
1038-1.jpg,1038,1,val
1038-2.jpg,1038,1,val
1038-3.jpg,1038,1,val
1044-1.jpg,1044,1,test
1044-2.jpg,1044,1,test
1044-3.jpg,1044,1,test
1048-1.jpg,1048,0,val
1048-2.jpg,1048,0,val
1048-3.jpg,1048,0,val
1051-1.jpg,1051,0,val
1051-2.jpg,1051,0,val
1051-3.jpg,1051,0,val
1056-1.jpg,1056,0,test
1056-2.jpg,1056,0,test
1056-3.jpg,1056,0,test
1057-1.jpg,1057,0,test
1057-2.jpg,1057,0,test
1057-3.jpg,1057,0,test
1063-1.jpg,1063,0,test
1063-2.jpg,1063,0,test
1063-3.jpg,1063,0,test
1065-1.jpg,1065,0,test
1065-2.jpg,1065,0,test
1065-3.jpg,1065,0,test
1066-1.jpg,1066,0,test
1066-2.jpg,1066,0,test
1066-3.jpg,1066,0,test
1067-1.jpg,1067,0,test
1067-2.jpg,1067,0,test
1067-3.jpg,1067,0,test
1085-1.jpg,1085,1,test
1085-2.jpg,1085,1,test
1085-3.jpg,1085,1,test
1088-1.jpg,1088,0,test
1088-2.jpg,1088,0,test
1088-3.jpg,1088,0,test
1091-1.jpg,1091,1,val
1091-2.jpg,1091,1,val
1091-3.jpg,1091,1,val
1099-1.jpg,1099,1,val
1099-2.jpg,1099,1,val
1099-3.jpg,1099,1,val
1102-1.jpg,1102,0,test
1102-2.jpg,1102,0,test
1102-3.jpg,1102,0,test
1103-1.jpg,1103,1,val
1103-2.jpg,1103,1,val
1103-3.jpg,1103,1,val
1107-1.jpg,1107,1,test
1107-2.jpg,1107,1,test
1107-3.jpg,1107,1,test
1111-1.jpg,1111,0,val
1111-2.jpg,1111,0,val
1111-3.jpg,1111,0,val
1115-1.jpg,1115,0,val
1115-2.jpg,1115,0,val
1115-3.jpg,1115,0,val
1117-1.jpg,1117,0,val
1117-2.jpg,1117,0,val
1117-3.jpg,1117,0,val
1127-1.jpg,1127,0,test
1127-2.jpg,1127,0,test
1127-3.jpg,1127,0,test
1150-1.jpg,1150,1,val
1150-2.jpg,1150,1,val
1150-3.jpg,1150,1,val
1154-1.jpg,1154,0,val
1154-2.jpg,1154,0,val
1154-3.jpg,1154,0,val
1155-1.jpg,1155,0,test
1155-2.jpg,1155,0,test
1155-3.jpg,1155,0,test
1156-1.jpg,1156,0,val
1156-2.jpg,1156,0,val
1156-3.jpg,1156,0,val
1162-1.jpg,1162,1,val
1162-2.jpg,1162,1,val
1162-3.jpg,1162,1,val
1175-1.jpg,1175,1,test
1175-2.jpg,1175,1,test
1175-3.jpg,1175,1,test
1181-1.jpg,1181,0,val
1181-2.jpg,1181,0,val
1181-3.jpg,1181,0,val
1188-1.jpg,1188,0,val
1188-2.jpg,1188,0,val
1188-3.jpg,1188,0,val
1191-1.jpg,1191,0,test
1191-2.jpg,1191,0,test
1191-3.jpg,1191,0,test
1192-1.jpg,1192,1,test
1192-2.jpg,1192,1,test
1192-3.jpg,1192,1,test
1202-1.jpg,1202,0,val
1202-2.jpg,1202,0,val
1202-3.jpg,1202,0,val
1209-1.jpg,1209,1,test
1209-2.jpg,1209,1,test
1209-3.jpg,1209,1,test
1212-1.jpg,1212,0,val
1212-2.jpg,1212,0,val
1212-3.jpg,1212,0,val
1213-1.jpg,1213,0,test
1213-2.jpg,1213,0,test
1213-3.jpg,1213,0,test
1218-1.jpg,1218,0,val
1218-2.jpg,1218,0,val
1218-3.jpg,1218,0,val
1221-1.jpg,1221,0,test
1221-2.jpg,1221,0,test
1221-3.jpg,1221,0,test
1226-1.jpg,1226,1,val
1226-2.jpg,1226,1,val
1226-3.jpg,1226,1,val
1236-1.jpg,1236,0,val
1236-2.jpg,1236,0,val
1236-3.jpg,1236,0,val
1239-1.jpg,1239,1,test
1239-2.jpg,1239,1,test
1239-3.jpg,1239,1,test
1240-1.jpg,1240,0,test
1240-2.jpg,1240,0,test
1240-3.jpg,1240,0,test
1252-1.jpg,1252,0,test
1252-2.jpg,1252,0,test
1252-3.jpg,1252,0,test
1271-1.jpg,1271,1,val
1271-2.jpg,1271,1,val
1271-3.jpg,1271,1,val
1275-1.jpg,1275,1,val
1275-2.jpg,1275,1,val
1275-3.jpg,1275,1,val
1278-1.jpg,1278,0,test
1278-2.jpg,1278,0,test
1278-3.jpg,1278,0,test
1279-1.jpg,1279,0,test
1279-2.jpg,1279,0,test
1279-3.jpg,1279,0,test
1280-1.jpg,1280,1,test
1280-2.jpg,1280,1,test
1280-3.jpg,1280,1,test
1283-1.jpg,1283,1,val
1283-2.jpg,1283,1,val
1283-3.jpg,1283,1,val
1284-1.jpg,1284,1,test
1284-2.jpg,1284,1,test
1284-3.jpg,1284,1,test
1286-1.jpg,1286,1,val
1286-2.jpg,1286,1,val
1286-3.jpg,1286,1,val
1298-1.jpg,1298,1,test
1298-2.jpg,1298,1,test
1298-3.jpg,1298,1,test
1302-1.jpg,1302,0,test
1302-2.jpg,1302,0,test
1302-3.jpg,1302,0,test
1303-1.jpg,1303,0,test
1303-2.jpg,1303,0,test
1303-3.jpg,1303,0,test
1313-1.jpg,1313,0,test
1313-2.jpg,1313,0,test
1313-3.jpg,1313,0,test
1316-1.jpg,1316,0,test
1316-2.jpg,1316,0,test
1316-3.jpg,1316,0,test
1317-1.jpg,1317,1,test
1317-2.jpg,1317,1,test
1317-3.jpg,1317,1,test
1329-1.jpg,1329,1,test
1329-2.jpg,1329,1,test
1329-3.jpg,1329,1,test
1334-1.jpg,1334,1,test
1334-2.jpg,1334,1,test
1334-3.jpg,1334,1,test
1338-1.jpg,1338,0,test
1338-2.jpg,1338,0,test
1338-3.jpg,1338,0,test
1339-1.jpg,1339,1,test
1339-2.jpg,1339,1,test
1339-3.jpg,1339,1,test
1343-1.jpg,1343,1,test
1343-2.jpg,1343,1,test
1343-3.jpg,1343,1,test
1347-1.jpg,1347,0,test
1347-2.jpg,1347,0,test
1347-3.jpg,1347,0,test
1349-1.jpg,1349,1,test
1349-2.jpg,1349,1,test
1349-3.jpg,1349,1,test
1350-1.jpg,1350,1,test
1350-2.jpg,1350,1,test
1350-3.jpg,1350,1,test
1351-1.jpg,1351,0,val
1351-2.jpg,1351,0,val
1351-3.jpg,1351,0,val
