image,pseudo_patient,label,split
jaundice (1).jpg,pp00000,1,train
jaundice (10).jpg,pp00001,1,train
jaundice (100).jpg,pp00002,1,train
jaundice (101).jpg,pp00003,1,train
jaundice (102).jpg,pp00004,1,val
jaundice (103).jpg,pp00005,1,train
jaundice (104).jpg,pp00006,1,train
jaundice (105).jpg,pp00007,1,train
jaundice (106).jpg,pp00008,1,train
jaundice (107).jpg,pp00009,1,train
jaundice (108).jpg,pp00010,1,train
jaundice (109).jpg,pp00011,1,train
jaundice (11).jpg,pp00012,1,test
jaundice (110).jpg,pp00013,1,train
jaundice (111).jpg,pp00014,1,train
jaundice (112).jpg,pp00015,1,train
jaundice (113).jpg,pp00016,1,test
jaundice (114).jpg,pp00017,1,train
jaundice (115).jpg,pp00018,1,train
jaundice (116).jpg,pp00019,1,train
jaundice (117).jpg,pp00020,1,val
jaundice (118).jpg,pp00021,1,val
jaundice (119).jpg,pp00022,1,test
jaundice (12).jpg,pp00023,1,test
jaundice (120).jpg,pp00024,1,train
jaundice (121).jpg,pp00025,1,train
jaundice (122).jpg,pp00026,1,train
jaundice (123).jpg,pp00027,1,train
jaundice (124).jpg,pp00028,1,train
jaundice (125).jpg,pp00029,1,train
jaundice (126).jpg,pp00030,1,train
jaundice (127).jpg,pp00031,1,test
jaundice (128).jpg,pp00032,1,test
jaundice (129).jpg,pp00033,1,val
jaundice (13).jpg,pp00034,1,test
jaundice (130).jpg,pp00035,1,test
jaundice (131).jpg,pp00036,1,test
jaundice (132).jpg,pp00037,1,train
jaundice (133).jpg,pp00038,1,train
jaundice (134).jpg,pp00039,1,train
jaundice (135).jpg,pp00040,1,test
jaundice (136).jpg,pp00041,1,train
jaundice (137).jpg,pp00042,1,train
jaundice (138).jpg,pp00043,1,train
jaundice (139).jpg,pp00044,1,train
jaundice (14).jpg,pp00045,1,val
jaundice (140).jpg,pp00046,1,val
jaundice (141).jpg,pp00047,1,train
jaundice (142).jpg,pp00048,1,train
jaundice (143).jpg,pp00049,1,test
jaundice (144).jpg,pp00050,1,test
jaundice (145).jpg,pp00051,1,val
jaundice (146).jpg,pp00052,1,train
jaundice (147).jpg,pp00053,1,train
jaundice (148).jpg,pp00054,1,train
jaundice (149).jpg,pp00055,1,train
jaundice (15).jpg,pp00056,1,test
jaundice (150).jpg,pp00057,1,train
jaundice (151).jpg,pp00058,1,train
jaundice (152).jpg,pp00059,1,val
jaundice (153).jpg,pp00060,1,test
jaundice (154).jpg,pp00061,1,test
jaundice (155).jpg,pp00062,1,train
jaundice (156).jpg,pp00063,1,train
jaundice (157).jpg,pp00064,1,train
jaundice (158).jpg,pp00065,1,val
jaundice (159).jpg,pp00066,1,train
jaundice (16).jpg,pp00067,1,val
jaundice (160).jpg,pp00068,1,test
jaundice (161).jpg,pp00069,1,val
jaundice (162).jpg,pp00070,1,test
jaundice (163).jpg,pp00071,1,test
jaundice (164).jpg,pp00072,1,train
jaundice (165).jpg,pp00073,1,test
jaundice (166).jpg,pp00074,1,test
jaundice (167).jpg,pp00075,1,train
jaundice (168).jpg,pp00076,1,test
jaundice (169).jpg,pp00077,1,train
jaundice (17).jpg,pp00078,1,train
jaundice (170).jpg,pp00079,1,train
jaundice (171).jpg,pp00080,1,train
jaundice (172).jpg,pp00081,1,test
jaundice (173).jpg,pp00082,1,train
jaundice (174).jpg,pp00083,1,train
jaundice (175).jpg,pp00084,1,train
jaundice (176).jpg,pp00085,1,train
jaundice (177).jpg,pp00086,1,train
jaundice (178).jpg,pp00087,1,train
jaundice (179).jpg,pp00088,1,train
jaundice (18).jpg,pp00089,1,train
jaundice (180).jpg,pp00090,1,train
jaundice (181).jpg,pp00091,1,train
jaundice (182).jpg,pp00092,1,test
jaundice (183).jpg,pp00093,1,test
jaundice (184).jpg,pp00094,1,val
jaundice (185).jpg,pp00095,1,train
jaundice (186).jpg,pp00096,1,train
jaundice (187).jpg,pp00095,1,train
jaundice (188).jpg,pp00094,1,val
jaundice (189).jpg,pp00093,1,test
jaundice (19).jpg,pp00097,1,test
jaundice (190).jpg,pp00098,1,train
jaundice (191).jpg,pp00099,1,train
jaundice (192).jpg,pp00100,1,test
jaundice (193).jpg,pp00101,1,train
jaundice (194).jpg,pp00102,1,train
jaundice (195).jpg,pp00103,1,train
jaundice (196).jpg,pp00104,1,train
jaundice (197).jpg,pp00105,1,train
jaundice (198).jpg,pp00106,1,train
jaundice (199).jpg,pp00107,1,train
jaundice (2).jpg,pp00108,1,val
jaundice (20).jpg,pp00109,1,train
jaundice (200).jpg,pp00110,1,train
jaundice (21).jpg,pp00111,1,train
jaundice (22).jpg,pp00112,1,test
jaundice (23).jpg,pp00113,1,train
jaundice (24).jpg,pp00114,1,train
jaundice (25).jpg,pp00115,1,test
jaundice (26).jpg,pp00116,1,train
jaundice (27).jpg,pp00117,1,train
jaundice (28).jpg,pp00118,1,train
jaundice (29).jpg,pp00119,1,train
jaundice (3).jpg,pp00120,1,val
jaundice (30).jpg,pp00121,1,train
jaundice (31).jpg,pp00122,1,train
jaundice (32).jpg,pp00123,1,train
jaundice (33).jpg,pp00124,1,train
jaundice (34).jpg,pp00125,1,train
jaundice (35).jpg,pp00126,1,train
jaundice (36).jpg,pp00127,1,test
jaundice (37).jpg,pp00128,1,train
jaundice (38).jpg,pp00129,1,train
jaundice (39).jpg,pp00130,1,train
jaundice (4).jpg,pp00131,1,train
jaundice (40).jpg,pp00132,1,train
jaundice (41).jpg,pp00133,1,train
jaundice (42).jpg,pp00134,1,train
jaundice (43).jpg,pp00135,1,train
jaundice (44).jpg,pp00136,1,train
jaundice (45).jpg,pp00137,1,train
jaundice (46).jpg,pp00138,1,test
jaundice (47).jpg,pp00139,1,test
jaundice (48).jpg,pp00140,1,train
jaundice (49).jpg,pp00141,1,train
jaundice (5).jpg,pp00142,1,val
jaundice (50).jpg,pp00143,1,train
jaundice (51).jpg,pp00144,1,test
jaundice (52).jpg,pp00145,1,val
jaundice (53).jpg,pp00146,1,train
jaundice (54).jpg,pp00147,1,train
jaundice (55).jpg,pp00148,1,train
jaundice (56).jpg,pp00149,1,train
jaundice (57).jpg,pp00150,1,test
jaundice (58).jpg,pp00151,1,train
jaundice (59).jpg,pp00152,1,test
jaundice (6).jpg,pp00153,1,train
jaundice (60).jpg,pp00154,1,train
jaundice (61).jpg,pp00155,1,train
jaundice (62).jpg,pp00156,1,train
jaundice (63).jpg,pp00157,1,train
jaundice (64).jpg,pp00158,1,train
jaundice (65).jpg,pp00159,1,train
jaundice (66).jpg,pp00160,1,train
jaundice (67).jpg,pp00161,1,train
jaundice (68).jpg,pp00162,1,train
jaundice (69).jpg,pp00163,1,train
jaundice (7).jpg,pp00164,1,val
jaundice (70).jpg,pp00165,1,train
jaundice (71).jpg,pp00166,1,train
jaundice (72).jpg,pp00167,1,train
jaundice (73).jpg,pp00168,1,train
jaundice (74).jpg,pp00169,1,train
jaundice (75).jpg,pp00170,1,val
jaundice (76).jpg,pp00171,1,train
jaundice (77).jpg,pp00172,1,train
jaundice (78).jpg,pp00173,1,test
jaundice (79).jpg,pp00174,1,train
jaundice (8).jpg,pp00175,1,val
jaundice (80).jpg,pp00176,1,train
jaundice (81).jpg,pp00177,1,test
jaundice (82).jpg,pp00178,1,train
jaundice (83).jpg,pp00179,1,train
jaundice (84).jpg,pp00180,1,train
jaundice (85).jpg,pp00181,1,train
jaundice (86).jpg,pp00182,1,train
jaundice (87).jpg,pp00183,1,train
jaundice (88).jpg,pp00184,1,train
jaundice (89).jpg,pp00185,1,test
jaundice (9).jpg,pp00186,1,train
jaundice (90).jpg,pp00187,1,train
jaundice (91).jpg,pp00188,1,train
jaundice (92).jpg,pp00189,1,test
jaundice (93).jpg,pp00190,1,train
jaundice (94).jpg,pp00191,1,test
jaundice (95).jpg,pp00192,1,train
jaundice (96).jpg,pp00193,1,train
jaundice (97).jpg,pp00194,1,train
jaundice (98).jpg,pp00195,1,train
jaundice (99).jpg,pp00196,1,train
normal (1).jpg,pp00197,0,train
normal (1000).jpg,pp00198,0,train
normal (1001).jpg,pp00199,0,test
normal (1002).jpg,pp00200,0,train
normal (1003).jpg,pp00201,0,train
normal (1004).jpg,pp00202,0,train
normal (1005).jpg,pp00203,0,train
normal (1006).jpg,pp00204,0,train
normal (1007).jpg,pp00205,0,train
normal (1008).jpg,pp00206,0,val
normal (1009).jpg,pp00207,0,train
normal (1010).jpg,pp00208,0,train
normal (1011).jpg,pp00209,0,test
normal (1012).jpg,pp00210,0,test
normal (1013).jpg,pp00211,0,train
normal (1014).jpg,pp00212,0,train
normal (1015).jpg,pp00213,0,train
normal (1016).jpg,pp00214,0,train
normal (1017).jpg,pp00215,0,train
normal (1018).jpg,pp00216,0,train
normal (1019).jpg,pp00217,0,train
normal (1020).jpg,pp00218,0,test
normal (1021).jpg,pp00219,0,train
normal (1022).jpg,pp00220,0,train
normal (1023).jpg,pp00221,0,train
normal (1024).jpg,pp00222,0,test
normal (1025).jpg,pp00223,0,train
normal (1026).jpg,pp00224,0,train
normal (1027).jpg,pp00225,0,train
normal (1028).jpg,pp00226,0,test
normal (1029).jpg,pp00227,0,train
normal (1030).jpg,pp00228,0,train
normal (1031).jpg,pp00229,0,train
normal (1032).jpg,pp00230,0,test
normal (1033).jpg,pp00231,0,train
normal (1034).jpg,pp00232,0,train
normal (1035).jpg,pp00233,0,train
normal (1036).jpg,pp00234,0,train
normal (1037).jpg,pp00235,0,val
normal (1038).jpg,pp00236,0,test
normal (1039).jpg,pp00237,0,test
normal (1040).jpg,pp00238,0,train
normal (1041).jpg,pp00239,0,train
normal (1042).jpg,pp00240,0,train
normal (1043).jpg,pp00241,0,test
normal (1044).jpg,pp00242,0,train
normal (1045).jpg,pp00243,0,test
normal (1046).jpg,pp00244,0,train
normal (1047).jpg,pp00245,0,train
normal (1048).jpg,pp00246,0,train
normal (1049).jpg,pp00247,0,train
normal (1050).jpg,pp00248,0,train
normal (1051).jpg,pp00249,0,train
normal (1052).jpg,pp00250,0,train
normal (1053).jpg,pp00251,0,train
normal (1054).jpg,pp00252,0,train
normal (1055).jpg,pp00253,0,train
normal (1056).jpg,pp00254,0,train
normal (1057).jpg,pp00255,0,train
normal (1058).jpg,pp00256,0,val
normal (1059).jpg,pp00257,0,test
normal (1060).jpg,pp00258,0,test
normal (1061).jpg,pp00259,0,train
normal (1062).jpg,pp00260,0,test
normal (1063).jpg,pp00261,0,train
normal (1064).jpg,pp00262,0,val
normal (1065).jpg,pp00263,0,val
normal (1066).jpg,pp00264,0,train
normal (1067).jpg,pp00265,0,val
normal (1068).jpg,pp00266,0,test
normal (1069).jpg,pp00267,0,train
normal (1070).jpg,pp00268,0,val
normal (1071).jpg,pp00269,0,train
normal (1072).jpg,pp00270,0,train
normal (1073).jpg,pp00271,0,train
normal (1074).jpg,pp00272,0,train
normal (1075).jpg,pp00273,0,train
normal (1076).jpg,pp00274,0,train
normal (1077).jpg,pp00275,0,train
normal (1078).jpg,pp00276,0,train
normal (1079).jpg,pp00277,0,train
normal (1080).jpg,pp00278,0,train
normal (1081).jpg,pp00279,0,train
normal (1082).jpg,pp00280,0,train
normal (1083).jpg,pp00281,0,train
normal (1084).jpg,pp00282,0,train
normal (1085).jpg,pp00283,0,train
normal (1086).jpg,pp00284,0,train
normal (1087).jpg,pp00285,0,val
normal (1088).jpg,pp00286,0,train
normal (1089).jpg,pp00287,0,test
normal (1090).jpg,pp00288,0,test
normal (1091).jpg,pp00289,0,train
normal (1092).jpg,pp00290,0,test
normal (1093).jpg,pp00291,0,test
normal (1094).jpg,pp00292,0,train
normal (1095).jpg,pp00293,0,train
normal (1096).jpg,pp00294,0,val
normal (1097).jpg,pp00295,0,train
normal (1098).jpg,pp00296,0,train
normal (1099).jpg,pp00297,0,train
normal (1100).jpg,pp00298,0,train
normal (1101).jpg,pp00299,0,train
normal (1102).jpg,pp00300,0,train
normal (1103).jpg,pp00301,0,train
normal (1104).jpg,pp00302,0,val
normal (1105).jpg,pp00303,0,train
normal (1106).jpg,pp00304,0,train
normal (1107).jpg,pp00305,0,train
normal (1108).jpg,pp00306,0,train
normal (1109).jpg,pp00307,0,train
normal (1110).jpg,pp00308,0,test
normal (1111).jpg,pp00309,0,train
normal (1112).jpg,pp00310,0,test
normal (1113).jpg,pp00311,0,train
normal (1114).jpg,pp00312,0,train
normal (1115).jpg,pp00313,0,test
normal (1116).jpg,pp00314,0,train
normal (1117).jpg,pp00315,0,train
normal (1118).jpg,pp00316,0,train
normal (1119).jpg,pp00317,0,train
normal (174).jpg,pp00318,0,train
normal (400).jpg,pp00319,0,train
normal (558).jpg,pp00320,0,train
normal (564).jpg,pp00321,0,test
normal (565).jpg,pp00322,0,train
normal (566).jpg,pp00323,0,train
normal (567).jpg,pp00324,0,test
normal (568).jpg,pp00325,0,train
normal (569).jpg,pp00326,0,train
normal (570).jpg,pp00327,0,train
normal (571).jpg,pp00328,0,train
normal (572).jpg,pp00329,0,test
normal (573).jpg,pp00330,0,train
normal (574).jpg,pp00331,0,test
normal (575).jpg,pp00332,0,test
normal (576).jpg,pp00333,0,train
normal (577).jpg,pp00334,0,test
normal (578).jpg,pp00335,0,train
normal (579).jpg,pp00336,0,val
normal (580).jpg,pp00337,0,test
normal (581).jpg,pp00338,0,train
normal (582).jpg,pp00339,0,val
normal (583).jpg,pp00340,0,train
normal (584).jpg,pp00341,0,train
normal (585).jpg,pp00342,0,train
normal (586).jpg,pp00343,0,train
normal (587).jpg,pp00344,0,test
normal (588).jpg,pp00345,0,train
normal (589).jpg,pp00346,0,train
normal (590).jpg,pp00347,0,train
normal (591).jpg,pp00348,0,test
normal (592).jpg,pp00349,0,train
normal (593).jpg,pp00350,0,train
normal (594).jpg,pp00351,0,test
normal (595).jpg,pp00352,0,test
normal (596).jpg,pp00353,0,train
normal (597).jpg,pp00354,0,train
normal (598).jpg,pp00355,0,train
normal (599).jpg,pp00356,0,train
normal (600).jpg,pp00357,0,train
normal (601).jpg,pp00358,0,train
normal (602).jpg,pp00359,0,train
normal (603).jpg,pp00360,0,train
normal (604).jpg,pp00361,0,train
normal (605).jpg,pp00362,0,train
normal (606).jpg,pp00363,0,train
normal (607).jpg,pp00364,0,train
normal (608).jpg,pp00365,0,test
normal (609).jpg,pp00366,0,test
normal (610).jpg,pp00367,0,test
normal (611).jpg,pp00368,0,train
normal (612).jpg,pp00369,0,train
normal (613).jpg,pp00370,0,train
normal (614).jpg,pp00371,0,train
normal (615).jpg,pp00372,0,test
normal (616).jpg,pp00373,0,train
normal (617).jpg,pp00374,0,train
normal (618).jpg,pp00375,0,val
normal (619).jpg,pp00376,0,train
normal (620).jpg,pp00377,0,train
normal (621).jpg,pp00378,0,val
normal (622).jpg,pp00379,0,train
normal (623).jpg,pp00380,0,train
normal (624).jpg,pp00381,0,train
normal (625).jpg,pp00382,0,train
normal (626).jpg,pp00383,0,train
normal (627).jpg,pp00384,0,train
normal (628).jpg,pp00385,0,train
normal (629).jpg,pp00386,0,train
normal (630).jpg,pp00387,0,train
normal (631).jpg,pp00388,0,train
normal (632).jpg,pp00389,0,train
normal (633).jpg,pp00390,0,val
normal (634).jpg,pp00391,0,train
normal (635).jpg,pp00392,0,train
normal (636).jpg,pp00393,0,test
normal (637).jpg,pp00394,0,train
normal (638).jpg,pp00395,0,train
normal (639).jpg,pp00396,0,train
normal (640).jpg,pp00397,0,test
normal (641).jpg,pp00398,0,train
normal (642).jpg,pp00399,0,train
normal (643).jpg,pp00400,0,test
normal (644).jpg,pp00401,0,train
normal (645).jpg,pp00402,0,train
normal (646).jpg,pp00403,0,train
normal (647).jpg,pp00404,0,train
normal (648).jpg,pp00405,0,train
normal (649).jpg,pp00406,0,train
normal (650).jpg,pp00407,0,train
normal (651).jpg,pp00408,0,train
normal (652).jpg,pp00409,0,train
normal (653).jpg,pp00410,0,train
normal (654).jpg,pp00411,0,train
normal (655).jpg,pp00412,0,train
normal (656).jpg,pp00413,0,train
normal (657).jpg,pp00414,0,train
normal (658).jpg,pp00415,0,train
normal (659).jpg,pp00416,0,train
normal (660).jpg,pp00417,0,train
normal (661).jpg,pp00418,0,val
normal (662).jpg,pp00419,0,test
normal (663).jpg,pp00420,0,train
normal (664).jpg,pp00421,0,train
normal (665).jpg,pp00422,0,train
normal (666).jpg,pp00423,0,test
normal (667).jpg,pp00424,0,train
normal (668).jpg,pp00425,0,train
normal (669).jpg,pp00426,0,train
normal (670).jpg,pp00427,0,train
normal (671).jpg,pp00428,0,train
normal (672).jpg,pp00429,0,train
normal (673).jpg,pp00430,0,test
normal (674).jpg,pp00431,0,test
normal (675).jpg,pp00432,0,val
normal (676).jpg,pp00433,0,train
normal (677).jpg,pp00434,0,train
normal (678).jpg,pp00435,0,train
normal (679).jpg,pp00436,0,train
normal (680).jpg,pp00437,0,train
normal (681).jpg,pp00438,0,train
normal (682).jpg,pp00439,0,train
normal (683).jpg,pp00440,0,train
normal (684).jpg,pp00441,0,train
normal (685).jpg,pp00442,0,train
normal (686).jpg,pp00443,0,val
normal (687).jpg,pp00444,0,test
normal (688).jpg,pp00445,0,val
normal (689).jpg,pp00446,0,val
normal (690).jpg,pp00447,0,train
normal (691).jpg,pp00448,0,train
normal (692).jpg,pp00449,0,train
normal (693).jpg,pp00450,0,train
normal (694).jpg,pp00451,0,train
normal (695).jpg,pp00452,0,val
normal (696).jpg,pp00453,0,train
normal (697).jpg,pp00454,0,val
normal (698).jpg,pp00455,0,test
normal (699).jpg,pp00456,0,train
normal (700).jpg,pp00457,0,train
normal (701).jpg,pp00458,0,train
normal (702).jpg,pp00459,0,train
normal (703).jpg,pp00460,0,test
normal (704).jpg,pp00461,0,train
normal (705).jpg,pp00462,0,test
normal (706).jpg,pp00463,0,train
normal (707).jpg,pp00464,0,val
normal (708).jpg,pp00465,0,train
normal (709).jpg,pp00466,0,test
normal (710).jpg,pp00467,0,train
normal (711).jpg,pp00468,0,train
normal (712).jpg,pp00402,0,train
normal (713).jpg,pp00469,0,test
normal (714).jpg,pp00470,0,train
normal (715).jpg,pp00471,0,train
normal (716).jpg,pp00472,0,train
normal (717).jpg,pp00473,0,train
normal (718).jpg,pp00474,0,train
normal (719).jpg,pp00475,0,train
normal (720).jpg,pp00476,0,train
normal (721).jpg,pp00477,0,test
normal (722).jpg,pp00478,0,val
normal (723).jpg,pp00479,0,test
normal (724).jpg,pp00480,0,train
normal (725).jpg,pp00481,0,val
normal (726).jpg,pp00482,0,test
normal (727).jpg,pp00483,0,train
normal (728).jpg,pp00484,0,train
normal (729).jpg,pp00485,0,val
normal (730).jpg,pp00486,0,train
normal (731).jpg,pp00487,0,train
normal (732).jpg,pp00488,0,train
normal (733).jpg,pp00489,0,train
normal (734).jpg,pp00490,0,train
normal (735).jpg,pp00491,0,val
normal (736).jpg,pp00492,0,train
normal (737).jpg,pp00493,0,train
normal (738).jpg,pp00494,0,train
normal (739).jpg,pp00495,0,train
normal (740).jpg,pp00496,0,test
normal (741).jpg,pp00497,0,train
normal (742).jpg,pp00498,0,train
normal (743).jpg,pp00499,0,test
normal (744).jpg,pp00500,0,val
normal (745).jpg,pp00501,0,train
normal (746).jpg,pp00502,0,val
normal (747).jpg,pp00503,0,test
normal (748).jpg,pp00504,0,train
normal (749).jpg,pp00505,0,train
normal (750).jpg,pp00506,0,train
normal (751).jpg,pp00507,0,test
normal (752).jpg,pp00508,0,train
normal (753).jpg,pp00509,0,train
normal (754).jpg,pp00510,0,test
normal (755).jpg,pp00511,0,test
normal (756).jpg,pp00512,0,val
normal (757).jpg,pp00513,0,val
normal (758).jpg,pp00514,0,train
normal (759).jpg,pp00515,0,train
normal (760).jpg,pp00516,0,test
normal (761).jpg,pp00517,0,val
normal (762).jpg,pp00518,0,train
normal (763).jpg,pp00519,0,train
normal (764).jpg,pp00520,0,train
normal (765).jpg,pp00521,0,train
normal (766).jpg,pp00522,0,train
normal (767).jpg,pp00523,0,train
normal (768).jpg,pp00524,0,train
normal (769).jpg,pp00525,0,train
normal (770).jpg,pp00526,0,train
normal (771).jpg,pp00527,0,test
normal (772).jpg,pp00528,0,val
normal (773).jpg,pp00529,0,train
normal (774).jpg,pp00530,0,test
normal (775).jpg,pp00531,0,train
normal (776).jpg,pp00532,0,val
normal (777).jpg,pp00533,0,train
normal (778).jpg,pp00534,0,train
normal (779).jpg,pp00535,0,train
normal (780).jpg,pp00536,0,train
normal (781).jpg,pp00537,0,train
normal (782).jpg,pp00538,0,train
normal (783).jpg,pp00539,0,train
normal (784).jpg,pp00540,0,train
normal (785).jpg,pp00541,0,train
normal (786).jpg,pp00542,0,train
normal (787).jpg,pp00543,0,train
normal (788).jpg,pp00544,0,train
normal (789).jpg,pp00545,0,test
normal (790).jpg,pp00546,0,train
normal (791).jpg,pp00547,0,train
normal (792).jpg,pp00548,0,train
normal (793).jpg,pp00549,0,train
normal (794).jpg,pp00550,0,train
normal (795).jpg,pp00551,0,test
normal (796).jpg,pp00552,0,train
normal (797).jpg,pp00553,0,val
normal (798).jpg,pp00554,0,train
normal (799).jpg,pp00555,0,test
normal (800).jpg,pp00556,0,test
normal (801).jpg,pp00557,0,train
normal (802).jpg,pp00558,0,train
normal (803).jpg,pp00559,0,train
normal (804).jpg,pp00560,0,train
normal (805).jpg,pp00561,0,train
normal (806).jpg,pp00562,0,train
normal (807).jpg,pp00563,0,train
normal (808).jpg,pp00564,0,val
normal (809).jpg,pp00565,0,train
normal (810).jpg,pp00566,0,train
normal (811).jpg,pp00567,0,train
normal (812).jpg,pp00568,0,train
normal (813).jpg,pp00569,0,train
normal (814).jpg,pp00570,0,val
normal (815).jpg,pp00571,0,train
normal (816).jpg,pp00572,0,train
normal (817).jpg,pp00573,0,train
normal (818).jpg,pp00574,0,train
normal (819).jpg,pp00575,0,train
normal (820).jpg,pp00576,0,train
normal (821).jpg,pp00577,0,train
normal (822).jpg,pp00578,0,val
normal (823).jpg,pp00579,0,train
normal (824).jpg,pp00580,0,test
normal (825).jpg,pp00581,0,train
normal (826).jpg,pp00582,0,train
normal (827).jpg,pp00583,0,test
normal (828).jpg,pp00584,0,train
normal (829).jpg,pp00585,0,test
normal (830).jpg,pp00586,0,val
normal (831).jpg,pp00587,0,train
normal (832).jpg,pp00588,0,test
normal (833).jpg,pp00589,0,train
normal (834).jpg,pp00590,0,val
normal (835).jpg,pp00591,0,test
normal (836).jpg,pp00592,0,train
normal (837).jpg,pp00593,0,train
normal (838).jpg,pp00594,0,train
normal (839).jpg,pp00595,0,train
normal (840).jpg,pp00596,0,train
normal (841).jpg,pp00597,0,train
normal (842).jpg,pp00598,0,test
normal (843).jpg,pp00599,0,train
normal (844).jpg,pp00600,0,train
normal (845).jpg,pp00601,0,train
normal (846).jpg,pp00602,0,train
normal (847).jpg,pp00603,0,train
normal (848).jpg,pp00604,0,train
normal (849).jpg,pp00605,0,train
normal (850).jpg,pp00606,0,test
normal (851).jpg,pp00607,0,train
normal (852).jpg,pp00608,0,train
normal (853).jpg,pp00609,0,train
normal (854).jpg,pp00610,0,test
normal (855).jpg,pp00611,0,test
normal (856).jpg,pp00612,0,test
normal (857).jpg,pp00613,0,train
normal (858).jpg,pp00614,0,val
normal (859).jpg,pp00615,0,test
normal (860).jpg,pp00616,0,train
normal (861).jpg,pp00617,0,train
normal (862).jpg,pp00618,0,train
normal (863).jpg,pp00619,0,train
normal (864).jpg,pp00620,0,train
normal (865).jpg,pp00621,0,test
normal (866).jpg,pp00622,0,train
normal (867).jpg,pp00623,0,val
normal (868).jpg,pp00624,0,test
normal (869).jpg,pp00625,0,train
normal (870).jpg,pp00626,0,train
normal (871).jpg,pp00627,0,test
normal (872).jpg,pp00628,0,test
normal (873).jpg,pp00629,0,train
normal (874).jpg,pp00305,0,train
normal (875).jpg,pp00630,0,train
normal (876).jpg,pp00631,0,val
normal (877).jpg,pp00632,0,train
normal (878).jpg,pp00633,0,train
normal (879).jpg,pp00634,0,test
normal (880).jpg,pp00635,0,test
normal (881).jpg,pp00636,0,test
normal (882).jpg,pp00637,0,train
normal (883).jpg,pp00638,0,train
normal (884).jpg,pp00639,0,test
normal (885).jpg,pp00640,0,val
normal (886).jpg,pp00641,0,train
normal (887).jpg,pp00642,0,train
normal (888).jpg,pp00643,0,test
normal (889).jpg,pp00644,0,train
normal (890).jpg,pp00645,0,val
normal (891).jpg,pp00646,0,val
normal (892).jpg,pp00647,0,val
normal (893).jpg,pp00648,0,train
normal (894).jpg,pp00649,0,train
normal (895).jpg,pp00650,0,test
normal (896).jpg,pp00651,0,train
normal (897).jpg,pp00652,0,test
normal (898).jpg,pp00653,0,train
normal (899).jpg,pp00654,0,train
normal (900).jpg,pp00655,0,val
normal (901).jpg,pp00656,0,train
normal (902).jpg,pp00657,0,train
normal (903).jpg,pp00658,0,train
normal (904).jpg,pp00659,0,test
normal (905).jpg,pp00660,0,train
normal (906).jpg,pp00661,0,train
normal (907).jpg,pp00662,0,train
normal (908).jpg,pp00663,0,train
normal (909).jpg,pp00664,0,train
normal (910).jpg,pp00665,0,train
normal (911).jpg,pp00666,0,test
normal (912).jpg,pp00667,0,train
normal (913).jpg,pp00668,0,train
normal (914).jpg,pp00669,0,test
normal (915).jpg,pp00670,0,test
normal (916).jpg,pp00671,0,train
normal (917).jpg,pp00672,0,train
normal (918).jpg,pp00673,0,test
normal (919).jpg,pp00674,0,train
normal (920).jpg,pp00675,0,train
normal (921).jpg,pp00676,0,train
normal (922).jpg,pp00677,0,train
normal (923).jpg,pp00678,0,train
normal (924).jpg,pp00679,0,test
normal (925).jpg,pp00680,0,train
normal (926).jpg,pp00681,0,val
normal (927).jpg,pp00682,0,train
normal (928).jpg,pp00683,0,test
normal (929).jpg,pp00684,0,val
normal (930).jpg,pp00685,0,train
normal (931).jpg,pp00686,0,train
normal (932).jpg,pp00687,0,train
normal (933).jpg,pp00688,0,val
normal (934).jpg,pp00689,0,train
normal (935).jpg,pp00690,0,train
normal (936).jpg,pp00691,0,test
normal (937).jpg,pp00692,0,test
normal (938).jpg,pp00693,0,train
normal (939).jpg,pp00694,0,train
normal (940).jpg,pp00695,0,train
normal (941).jpg,pp00696,0,train
normal (942).jpg,pp00697,0,val
normal (943).jpg,pp00698,0,train
normal (944).jpg,pp00699,0,train
normal (945).jpg,pp00700,0,val
normal (946).jpg,pp00701,0,train
normal (947).jpg,pp00702,0,train
normal (948).jpg,pp00703,0,train
normal (949).jpg,pp00704,0,test
normal (950).jpg,pp00705,0,train
normal (951).jpg,pp00706,0,test
normal (952).jpg,pp00707,0,train
normal (953).jpg,pp00708,0,train
normal (954).jpg,pp00709,0,train
normal (955).jpg,pp00710,0,train
normal (956).jpg,pp00711,0,train
normal (957).jpg,pp00712,0,train
normal (958).jpg,pp00713,0,train
normal (959).jpg,pp00714,0,test
normal (960).jpg,pp00715,0,test
normal (961).jpg,pp00716,0,test
normal (962).jpg,pp00717,0,train
normal (963).jpg,pp00718,0,train
normal (964).jpg,pp00719,0,train
normal (965).jpg,pp00720,0,val
normal (966).jpg,pp00721,0,test
normal (967).jpg,pp00722,0,train
normal (968).jpg,pp00723,0,train
normal (969).jpg,pp00724,0,train
normal (970).jpg,pp00725,0,train
normal (971).jpg,pp00726,0,test
normal (972).jpg,pp00727,0,train
normal (973).jpg,pp00728,0,train
normal (974).jpg,pp00729,0,train
normal (975).jpg,pp00730,0,train
normal (976).jpg,pp00731,0,test
normal (977).jpg,pp00732,0,val
normal (978).jpg,pp00733,0,train
normal (979).jpg,pp00734,0,test
normal (980).jpg,pp00735,0,test
normal (981).jpg,pp00736,0,train
normal (982).jpg,pp00737,0,train
normal (983).jpg,pp00738,0,train
normal (984).jpg,pp00739,0,test
normal (985).jpg,pp00740,0,train
normal (986).jpg,pp00741,0,val
normal (987).jpg,pp00742,0,train
normal (988).jpg,pp00743,0,test
normal (989).jpg,pp00744,0,train
normal (990).jpg,pp00745,0,test
normal (991).jpg,pp00746,0,train
normal (992).jpg,pp00747,0,train
normal (993).jpg,pp00748,0,test
normal (994).jpg,pp00749,0,train
normal (995).jpg,pp00750,0,train
normal (996).jpg,pp00751,0,train
normal (997).jpg,pp00752,0,train
normal (998).jpg,pp00753,0,train
normal (999).jpg,pp00754,0,test
